t_s,tv_s,vision_age_ms,held,pose_x_mm,pose_y_mm,pose_theta_rad,ref_x_mm,ref_y_mm,ref_theta_rad,ref_vx_mm_s,ref_vy_mm_s,ref_omega_rad_s,cmd_world_vx_mm_s,cmd_world_vy_mm_s,cmd_omega_rad_s,cmd_body_vx_mm_s,cmd_body_vy_mm_s,near_goal,pred_x_mm,pred_y_mm,pred_theta_rad,wheel_fl_rad_s,wheel_bl_rad_s,wheel_br_rad_s,wheel_fr_rad_s
-0.2991,-0.3073,8.1,0,-392.9,-830.3,1.3652,-392.9,-830.3,1.3652,0.0,0.0,0.0000,0.0,0.0,0.0000,0.0,0.0,0,0.0,0.0,0.0000,-0.33,0.09,-0.12,0.11
-0.2914,-0.2989,7.5,0,-392.8,-830.1,1.3716,-392.9,-830.3,1.3652,0.0,0.0,0.0000,-0.4,-0.5,-0.0257,-0.5,0.3,0,0.0,0.0,0.0000,-0.37,0.05,-0.15,0.08
-0.2826,-0.2908,8.3,0,-393.1,-830.2,1.3663,-392.9,-830.3,1.3652,0.0,0.0,0.0000,0.7,-0.4,-0.0046,-0.2,-0.8,0,0.0,0.0,0.0000,-0.02,-0.34,0.00,0.11
-0.2755,-0.2800,4.5,0,-393.0,-829.8,1.3717,-392.9,-830.3,1.3652,0.0,0.0,0.0000,0.3,-1.3,-0.0262,-1.2,-0.5,0,0.0,0.0,0.0000,0.74,0.18,0.03,-0.18
-0.2669,-0.2734,6.5,0,-393.1,-829.9,1.3688,-392.9,-830.3,1.3652,0.0,0.0,0.0000,0.5,-1.1,-0.0146,-1.0,-0.7,0,0.0,0.0,0.0000,0.17,-0.06,-0.08,-0.11
-0.2585,-0.2652,6.7,0,-393.1,-829.9,1.3661,-392.9,-830.3,1.3652,0.0,0.0,0.0000,0.5,-1.2,-0.0037,-1.0,-0.7,0,0.0,0.0,0.0000,-0.05,-0.10,0.26,0.03
-0.2506,-0.2564,5.8,0,-392.8,-829.6,1.3721,-392.9,-830.3,1.3652,0.0,0.0,0.0000,-0.4,-2.1,-0.0279,-2.2,-0.0,0,0.0,0.0,0.0000,-0.10,-0.14,0.31,-0.18
-0.2434,-0.2459,2.5,0,-393.1,-829.7,1.3704,-392.9,-830.3,1.3652,0.0,0.0,0.0000,0.7,-1.7,-0.0211,-1.6,-1.0,0,0.0,0.0,0.0000,0.06,-0.08,0.21,-0.22
-0.2350,-0.2395,4.4,0,-392.4,-830.6,1.3591,-392.9,-830.3,1.3652,0.0,0.0,0.0000,-1.4,1.0,0.0244,0.7,1.6,0,0.0,0.0,0.0000,-0.03,-0.18,-0.40,-0.20
-0.2274,-0.2305,3.1,0,-392.9,-830.0,1.3698,-392.9,-830.3,1.3652,0.0,0.0,0.0000,0.0,-0.8,-0.0185,-0.8,-0.2,0,0.0,0.0,0.0000,-0.36,0.11,-0.39,0.18
-0.2192,-0.2225,3.3,0,-393.2,-829.7,1.3680,-392.9,-830.3,1.3652,0.0,0.0,0.0000,1.0,-1.7,-0.0114,-1.5,-1.4,0,0.0,0.0,0.0000,0.17,0.10,-0.03,0.34
-0.2103,-0.2117,1.4,0,-393.1,-830.1,1.3710,-392.9,-830.3,1.3652,0.0,0.0,0.0000,0.5,-0.5,-0.0234,-0.4,-0.6,0,0.0,0.0,0.0000,-0.17,0.07,-0.21,0.08
-0.2028,-0.2053,2.5,0,-392.9,-829.9,1.3693,-392.9,-830.3,1.3652,0.0,0.0,0.0000,0.1,-1.1,-0.0168,-1.1,-0.3,0,0.0,0.0,0.0000,0.37,0.00,0.32,0.19
-0.1952,-0.1972,2.0,0,-393.1,-829.9,1.3724,-392.9,-830.3,1.3652,0.0,0.0,0.0000,0.6,-1.1,-0.0288,-1.0,-0.8,0,0.0,0.0,0.0000,0.20,0.00,0.56,-0.02
-0.1869,-0.1883,1.4,0,-392.8,-830.0,1.3696,-392.9,-830.3,1.3652,0.0,0.0,0.0000,-0.3,-0.8,-0.0178,-0.8,0.1,0,0.0,0.0,0.0000,0.08,0.06,-0.38,-0.23
-0.1794,-0.1883,8.9,0,-392.8,-830.0,1.3696,-392.9,-830.3,1.3652,0.0,0.0,0.0000,-0.3,-0.8,-0.0178,-0.8,0.1,0,0.0,0.0,0.0000,-0.39,0.02,0.04,-0.04
-0.1707,-0.1719,1.3,0,-392.6,-829.6,1.3772,-392.9,-830.3,1.3652,0.0,0.0,0.0000,-0.8,-2.2,-0.0480,-2.3,0.3,0,0.0,0.0,0.0000,-0.29,-0.13,-0.28,-0.07
-0.1632,-0.1633,0.1,0,-392.8,-830.0,1.3744,-392.9,-830.3,1.3652,0.0,0.0,0.0000,-0.3,-0.7,-0.0371,-0.8,0.2,0,0.0,0.0,0.0000,-0.13,-0.14,-0.30,-0.04
-0.1552,-0.1553,0.1,0,-393.0,-830.1,1.3684,-392.9,-830.3,1.3652,0.0,0.0,0.0000,0.5,-0.5,-0.0129,-0.4,-0.6,0,0.0,0.0,0.0000,-0.20,0.15,0.04,0.23
-0.1465,-0.1553,8.7,0,-393.0,-830.1,1.3684,-392.9,-830.3,1.3652,0.0,0.0,0.0000,0.5,-0.5,-0.0129,-0.4,-0.6,0,0.0,0.0,0.0000,0.11,-0.07,-0.28,-0.16
-0.1392,-0.1456,6.4,0,-392.9,-829.7,1.3722,-392.9,-830.3,1.3652,0.0,0.0,0.0000,0.1,-1.7,-0.0280,-1.7,-0.4,0,0.0,0.0,0.0000,0.36,0.01,-0.27,0.17
-0.1309,-0.1380,7.0,0,-393.0,-830.0,1.3677,-392.9,-830.3,1.3652,0.0,0.0,0.0000,0.4,-0.8,-0.0100,-0.8,-0.5,0,0.0,0.0,0.0000,-0.13,-0.09,0.16,0.20
-0.1224,-0.1299,7.4,0,-392.7,-830.3,1.3754,-392.9,-830.3,1.3652,0.0,0.0,0.0000,-0.4,-0.1,-0.0411,-0.2,0.4,0,0.0,0.0,0.0000,0.05,0.11,0.09,-0.04
-0.1150,-0.1299,14.9,0,-392.7,-830.3,1.3754,-392.9,-830.3,1.3652,0.0,0.0,0.0000,-0.4,-0.1,-0.0411,-0.2,0.4,0,0.0,0.0,0.0000,0.28,-0.07,0.18,-2.55
-0.1067,-0.1130,6.3,0,-393.0,-829.8,1.3681,-392.9,-830.3,1.3652,0.0,0.0,0.0000,0.4,-1.6,-0.0118,-1.4,-0.8,0,0.0,0.0,0.0000,-0.27,0.11,0.27,-0.78
-0.0985,-0.1046,6.2,0,-392.8,-830.2,1.3712,-392.9,-830.3,1.3652,0.0,0.0,0.0000,-0.3,-0.4,-0.0243,-0.4,0.2,0,0.0,0.0,0.0000,-0.39,-0.13,0.05,-0.28
-0.0909,-0.0957,4.8,0,-392.8,-830.1,1.3760,-392.9,-830.3,1.3652,0.0,0.0,0.0000,-0.2,-0.6,-0.0432,-0.7,0.1,0,0.0,0.0,0.0000,0.34,-0.09,0.27,-0.20
-0.0836,-0.0872,3.6,0,-393.1,-829.8,1.3669,-392.9,-830.3,1.3652,0.0,0.0,0.0000,2.1,5.3,-0.0070,5.6,-1.0,0,0.0,0.0,0.0000,-0.19,0.00,-0.25,0.00
-0.0754,-0.0788,3.4,0,-392.8,-829.8,1.3683,-392.9,-830.3,1.3652,0.0,0.0,0.0000,1.1,5.5,-0.0126,5.6,0.1,0,0.0,0.0,0.0000,-0.14,0.04,-0.21,-0.05
-0.0673,-0.0704,3.1,0,-392.8,-829.6,1.3662,-392.9,-830.3,1.3652,0.0,0.0,0.0000,3.4,15.1,-0.0042,15.5,-0.3,0,0.0,0.0,0.0000,0.01,-0.05,-0.17,0.11
-0.0594,-0.0620,2.6,0,-392.7,-830.0,1.3651,-392.9,-830.3,1.3652,0.0,0.0,0.0000,4.6,23.9,0.0001,24.4,0.3,0,0.0,0.0,0.0000,0.10,-0.44,0.06,-0.02
-0.0514,-0.0538,2.4,0,-392.8,-830.1,1.3653,-392.9,-830.3,1.3652,0.0,0.0,0.0000,6.5,32.2,-0.0005,32.8,0.3,0,0.0,0.0,0.0000,-0.35,0.05,-0.05,0.04
-0.0430,-0.0453,2.3,0,-393.0,-829.9,1.3743,-392.9,-830.3,1.3652,0.0,0.0,0.0000,8.9,40.1,-0.0364,41.1,-0.9,0,0.0,0.0,0.0000,0.27,0.26,0.20,-0.17
-0.0346,-0.0370,2.4,0,-392.9,-830.2,1.3676,-392.9,-830.3,1.3652,0.0,0.0,0.0000,10.4,49.5,-0.0097,50.5,-0.2,0,0.0,0.0,0.0000,-0.28,0.03,0.05,0.32
-0.0272,-0.0284,1.2,0,-392.8,-830.3,1.3782,-392.9,-830.3,1.3652,0.0,0.0,0.0000,11.6,57.1,-0.0520,58.2,-0.4,0,0.0,0.0,0.0000,0.08,0.10,-0.30,0.17
-0.0187,-0.0199,1.2,0,-392.8,-829.6,1.3689,-392.9,-830.3,1.3652,0.0,0.0,0.0000,13.4,62.6,-0.0150,64.1,-0.5,0,0.0,0.0,0.0000,-0.52,-0.28,-0.04,-0.06
-0.0111,-0.0199,8.8,0,-392.8,-829.6,1.3689,-392.9,-830.3,1.3652,0.0,0.0,0.0000,14.9,70.0,-0.0150,71.5,-0.6,0,0.0,0.0,0.0000,0.09,0.05,0.17,0.04
-0.0030,-0.0031,0.1,0,-392.8,-829.8,1.3725,-392.9,-830.3,1.3652,0.0,0.0,0.0000,16.5,78.9,-0.0293,80.6,-0.7,0,0.0,0.0,0.0000,-0.09,0.12,0.26,0.34
0.0048,-0.0031,7.9,0,-392.8,-829.8,1.3725,-392.9,-830.3,1.3652,0.0,0.0,0.0000,18.1,86.7,-0.0293,88.6,-0.7,0,0.0,0.0,0.0000,-0.11,-0.21,0.71,0.07
0.0128,0.0053,7.5,0,-392.7,-829.4,1.3750,-392.9,-830.3,1.3652,1.1,5.4,-0.0000,19.3,93.0,-0.0392,95.0,-0.8,0,0.0,0.0,0.0000,0.14,-0.17,0.47,-0.05
0.0207,0.0146,6.1,0,-392.8,-829.8,1.3665,-392.9,-830.2,1.3652,2.7,13.1,0.0000,21.5,102.3,-0.0052,104.6,-0.3,0,0.0,0.0,0.0000,-0.41,-0.33,0.52,0.76
0.0290,0.0225,6.5,0,-392.6,-829.3,1.3710,-392.8,-830.0,1.3652,4.5,21.7,-0.0000,22.7,109.9,-0.0235,112.2,-0.4,0,0.0,0.0,0.0000,-0.45,-0.09,0.87,0.92
0.0374,0.0308,6.6,0,-392.7,-829.2,1.3705,-392.8,-829.8,1.3652,6.2,29.9,0.0000,25.0,118.6,-0.0214,121.2,-0.9,0,0.0,0.0,0.0000,-0.07,-0.07,0.71,0.58
0.0445,0.0394,5.1,0,-392.6,-828.8,1.3750,-392.7,-829.5,1.3652,8.0,38.5,0.0000,26.1,125.3,-0.0395,128.0,-1.3,0,0.0,0.0,0.0000,-0.52,-0.67,0.79,0.60
0.0530,0.0495,3.5,0,-392.3,-828.8,1.3684,-392.6,-829.1,1.3652,10.2,48.7,0.0000,27.3,135.1,-0.0130,137.8,0.4,0,0.0,0.0,0.0000,-0.84,-0.83,0.87,0.91
0.0611,0.0574,3.7,0,-392.1,-828.7,1.3708,-392.6,-828.7,1.3652,11.8,56.5,-0.0000,28.6,143.7,-0.0224,146.5,0.5,0,0.0,0.0,0.0000,-2.41,-0.68,1.05,0.86
0.0693,0.0656,3.7,0,-392.2,-828.6,1.3683,-392.5,-828.2,1.3652,13.4,64.2,0.0000,30.8,152.9,-0.0124,156.0,0.6,0,0.0,0.0,0.0000,-0.80,-0.54,1.37,1.15
0.0768,0.0734,3.4,0,-392.1,-828.4,1.3696,-392.3,-827.6,1.3652,15.0,71.7,-0.0000,32.4,161.5,-0.0179,164.8,0.5,0,0.0,0.0,0.0000,-1.03,-0.51,1.29,0.95
0.0856,0.0820,3.6,0,-391.7,-828.3,1.3746,-392.2,-827.0,1.3652,16.8,80.4,0.0000,33.6,172.0,-0.0376,175.2,0.5,0,0.0,0.0,0.0000,-1.77,-0.75,1.47,1.14
0.0932,0.0903,2.8,0,-391.6,-827.9,1.3744,-392.1,-826.3,1.3652,18.5,88.6,-0.0000,35.1,180.2,-0.0370,183.6,0.7,0,0.0,0.0,0.0000,-1.77,-0.82,1.96,1.63
0.1009,0.0984,2.5,0,-391.6,-827.7,1.3659,-391.9,-825.5,1.3652,20.1,96.2,0.0000,37.1,188.9,-0.0030,192.5,2.1,0,0.0,0.0,0.0000,-1.64,-1.05,1.44,1.62
0.1092,0.1067,2.5,0,-391.3,-827.2,1.3760,-391.7,-824.7,1.3652,21.7,104.1,-0.0000,38.7,198.5,-0.0434,202.2,0.5,0,0.0,0.0,0.0000,-1.77,-1.43,1.42,1.15
0.1171,0.1067,10.4,0,-391.3,-827.2,1.3760,-391.7,-824.7,1.3652,21.7,104.1,-0.0000,40.5,207.2,-0.0434,211.1,0.4,0,0.0,0.0,0.0000,-2.74,-1.55,1.59,1.98
0.1249,0.1237,1.2,0,-390.7,-825.7,1.3834,-391.3,-822.8,1.3652,25.3,121.1,-0.0000,38.8,204.4,-0.0729,208.0,-0.1,0,0.0,0.0,0.0000,-2.40,-1.99,2.05,1.93
0.1325,0.1324,0.1,0,-390.4,-824.6,1.3828,-391.1,-821.7,1.3652,27.1,129.9,-0.0000,38.9,204.8,-0.0706,208.4,0.1,0,0.0,0.0,0.0000,-2.77,-2.40,2.25,2.46
0.1410,0.1408,0.1,0,-390.3,-823.8,1.3762,-390.9,-820.6,1.3652,28.8,138.1,-0.0000,39.1,205.6,-0.0442,209.2,1.4,0,0.0,0.0,0.0000,-3.88,-2.51,2.28,2.73
0.1492,0.1491,0.1,0,-389.9,-822.7,1.3632,-390.6,-819.4,1.3652,30.4,145.8,0.0000,38.6,205.7,0.0077,209.2,4.6,0,0.0,0.0,0.0000,-3.80,-2.27,2.40,2.92
0.1567,0.1491,7.6,0,-389.9,-822.7,1.3632,-390.6,-819.4,1.3652,30.4,145.8,0.0000,39.3,209.0,0.0077,212.6,4.6,0,0.0,0.0,0.0000,-3.73,-3.04,2.65,3.47
0.1655,0.1577,7.8,0,-390.1,-821.7,1.3714,-390.4,-818.1,1.3652,32.2,154.3,-0.0000,40.8,210.4,-0.0251,214.3,1.6,0,0.0,0.0,0.0000,-4.01,-2.89,3.00,3.98
0.1727,0.1662,6.5,0,-389.7,-821.0,1.3720,-390.1,-816.8,1.3652,34.0,162.9,0.0000,40.5,211.7,-0.0272,215.5,2.2,0,0.0,0.0,0.0000,-5.17,-3.02,3.76,4.27
0.1811,0.1745,6.6,0,-388.6,-820.2,1.3712,-389.8,-815.4,1.3652,35.6,170.9,0.0000,38.0,213.7,-0.0240,217.0,5.1,0,0.0,0.0,0.0000,-5.50,-3.13,4.19,4.60
0.1889,0.1829,6.0,0,-388.0,-819.3,1.3667,-389.5,-813.9,1.3652,37.3,179.0,0.0000,37.2,215.2,-0.0061,218.3,7.2,0,0.0,0.0,0.0000,-5.37,-3.01,4.73,5.07
0.1966,0.1912,5.4,0,-387.8,-818.0,1.3649,-389.2,-812.4,1.3652,38.9,186.3,-0.0000,37.5,215.8,0.0010,218.9,7.4,0,0.0,0.0,0.0000,-5.64,-2.58,5.27,5.29
0.2051,0.1996,5.4,0,-387.9,-815.5,1.3731,-388.8,-810.8,1.3652,40.7,195.3,-0.0000,38.7,213.1,-0.0319,216.6,3.9,0,0.0,0.0,0.0000,-5.16,-2.78,5.77,6.40
0.2131,0.2084,4.8,0,-387.3,-814.3,1.3701,-388.5,-809.1,1.3652,40.7,194.9,0.0000,37.8,214.3,-0.0198,217.5,5.7,0,0.0,0.0,0.0000,-5.82,-2.50,6.29,6.65
0.2206,0.2084,12.2,0,-387.3,-814.3,1.3701,-388.5,-809.1,1.3652,40.7,194.9,0.0000,38.7,218.7,-0.0198,222.0,5.7,0,0.0,0.0,0.0000,-5.77,-2.75,6.71,6.35
0.2285,0.2231,5.4,0,-386.1,-811.7,1.3853,-387.9,-806.2,1.3652,40.9,195.9,0.0000,36.3,215.6,-0.0805,218.6,4.1,0,0.0,0.0,0.0000,-6.05,-3.22,6.95,6.70
0.2368,0.2339,2.9,0,-385.3,-809.4,1.3865,-387.4,-804.1,1.3652,40.8,195.8,-0.0000,34.7,213.6,-0.0853,216.4,5.0,0,0.0,0.0,0.0000,-5.95,-3.43,6.88,6.58
0.2446,0.2425,2.2,0,-384.4,-808.0,1.3971,-387.1,-802.4,1.3652,40.8,195.8,-0.0000,33.0,213.9,-0.1277,216.4,4.5,0,0.0,0.0,0.0000,-5.97,-3.79,6.98,7.21
0.2526,0.2511,1.5,0,-383.6,-806.4,1.3974,-386.7,-800.7,1.3652,40.8,195.8,0.0000,31.7,213.7,-0.1291,216.0,5.7,0,0.0,0.0,0.0000,-5.55,-4.06,7.34,7.38
0.2613,0.2589,2.4,0,-383.3,-803.3,1.4056,-386.4,-799.2,1.3652,40.8,195.8,0.0000,31.8,209.6,-0.1618,212.0,3.1,0,0.0,0.0,0.0000,-8.51,-5.20,6.63,7.50
0.2687,0.2674,1.3,0,-382.6,-801.5,1.3892,-386.1,-797.5,1.3652,40.8,195.8,-0.0000,30.5,208.6,-0.0962,210.7,7.6,0,0.0,0.0,0.0000,-8.42,-5.16,7.23,7.35
0.2768,0.2756,1.2,0,-382.1,-799.8,1.3903,-385.7,-795.9,1.3652,40.8,195.8,0.0000,30.1,208.2,-0.1004,210.2,7.8,0,0.0,0.0,0.0000,-9.34,-4.88,7.30,7.33
0.2855,0.2843,1.2,0,-381.3,-797.3,1.3937,-385.4,-794.2,1.3652,40.8,195.8,0.0000,28.9,205.8,-0.1141,207.6,7.8,0,0.0,0.0,0.0000,-8.83,-5.04,6.88,7.52
0.2935,0.2910,2.5,0,-380.6,-795.0,1.3893,-385.1,-792.9,1.3652,40.8,195.8,0.0000,27.6,203.5,-0.0967,205.1,9.5,0,0.0,0.0,0.0000,-8.84,-5.16,6.84,8.04
0.3005,0.2910,9.5,0,-380.6,-795.0,1.3893,-385.1,-792.9,1.3652,40.8,195.8,0.0000,28.5,207.6,-0.0967,209.3,9.4,0,0.0,0.0,0.0000,-9.10,-5.41,7.39,7.87
0.3088,0.3012,7.7,0,-379.9,-793.6,1.3846,-384.7,-790.9,1.3652,40.8,195.8,-0.0000,27.5,208.5,-0.0777,210.0,11.6,0,0.0,0.0,0.0000,-8.60,-5.42,6.86,8.02
0.3174,0.3098,7.6,0,-379.5,-791.3,1.3904,-384.3,-789.2,1.3652,40.8,195.8,-0.0000,27.2,206.5,-0.1010,208.1,10.3,0,0.0,0.0,0.0000,-8.96,-3.43,6.94,7.73
0.3250,0.3185,6.6,0,-378.9,-788.6,1.3975,-384.0,-787.5,1.3652,40.8,195.8,0.0000,26.4,203.0,-0.1294,204.5,9.0,0,0.0,0.0,0.0000,-8.66,-2.21,6.65,7.84
0.3336,0.3266,7.0,0,-377.8,-786.6,1.4015,-383.6,-785.9,1.3652,40.8,195.8,0.0000,24.1,201.8,-0.1455,203.0,10.2,0,0.0,0.0,0.0000,-8.77,-7.39,7.23,7.72
0.3404,0.3351,5.4,0,-377.9,-783.6,1.4092,-383.3,-784.3,1.3652,40.8,195.8,0.0000,25.3,197.0,-0.1764,198.5,6.7,0,0.0,0.0,0.0000,-9.43,-7.06,6.79,8.00
0.3491,0.3432,5.9,0,-377.0,-781.5,1.3945,-383.0,-782.7,1.3652,40.8,195.8,0.0000,23.7,195.7,-0.1174,196.8,11.0,0,0.0,0.0,0.0000,-10.86,-7.26,6.51,7.94
0.3571,0.3535,3.6,0,-376.2,-779.4,1.3927,-382.5,-780.7,1.3652,40.8,195.8,0.0000,22.4,194.3,-0.1100,195.2,12.4,0,0.0,0.0,0.0000,-9.07,-6.63,6.38,8.00
0.3646,0.3622,2.4,0,-375.4,-776.3,1.3896,-382.2,-778.9,1.3652,40.8,195.8,-0.0000,20.9,189.2,-0.0979,189.9,13.6,0,0.0,0.0,0.0000,-8.64,-7.51,6.20,7.81
0.3731,0.3707,2.4,0,-374.4,-774.0,1.3758,-381.8,-777.3,1.3652,40.8,195.8,0.0000,18.8,187.5,-0.0424,187.5,17.8,0,0.0,0.0,0.0000,-8.92,-8.68,6.45,7.37
0.3805,0.3778,2.7,0,-373.9,-772.1,1.3834,-381.5,-775.9,1.3652,40.8,195.8,0.0000,18.4,185.9,-0.0730,186.1,16.6,0,0.0,0.0,0.0000,-8.93,-8.93,6.41,7.48
0.3885,0.3862,2.4,0,-373.8,-768.9,1.3714,-381.2,-774.3,1.3652,40.8,195.8,-0.0000,18.9,181.2,-0.0248,181.3,17.4,0,0.0,0.0,0.0000,-9.24,-8.10,5.93,7.28
0.3965,0.3942,2.3,0,-373.7,-767.5,1.3713,-380.9,-772.7,1.3652,40.8,195.8,0.0000,19.5,181.6,-0.0245,181.9,16.9,0,0.0,0.0,0.0000,-9.17,-7.32,5.55,6.84
0.4045,0.4031,1.4,0,-373.3,-765.4,1.3698,-380.5,-770.9,1.3652,40.8,195.8,0.0000,19.3,180.0,-0.0184,180.3,17.0,0,0.0,0.0,0.0000,-8.49,-7.00,5.53,7.10
0.4135,0.4110,2.4,0,-372.9,-763.1,1.3625,-380.2,-769.4,1.3652,40.8,195.8,0.0000,19.2,178.3,0.0108,178.5,18.1,0,0.0,0.0,0.0000,-8.31,-7.26,5.31,6.96
0.4208,0.4195,1.2,0,-372.9,-760.7,1.3716,-379.8,-767.7,1.3652,40.8,195.8,-0.0000,20.3,175.6,-0.0257,176.1,14.9,0,0.0,0.0,0.0000,-8.03,-7.07,5.02,7.70
0.4289,0.4262,2.7,0,-372.7,-758.8,1.3552,-379.6,-766.4,1.3652,40.8,195.8,0.0000,20.7,174.7,0.0399,175.1,17.2,0,0.0,0.0,0.0000,-7.67,-8.22,4.78,7.51
0.4365,0.4262,10.2,0,-372.7,-758.8,1.3552,-379.6,-766.4,1.3652,40.8,195.8,0.0000,21.6,179.1,0.0399,179.6,17.2,0,0.0,0.0,0.0000,-6.26,-8.10,4.89,7.21
0.4448,0.4447,0.1,0,-372.4,-754.1,1.3595,-378.8,-762.8,1.3652,40.8,195.8,-0.0000,21.7,169.8,0.0228,170.5,14.4,0,0.0,0.0,0.0000,-3.21,-7.61,4.69,7.10
0.4536,0.4534,0.1,0,-371.8,-751.8,1.3668,-378.5,-761.1,1.3652,40.8,195.8,0.0000,21.0,167.9,-0.0065,168.7,13.5,0,0.0,0.0,0.0000,-4.19,-7.17,4.25,6.72
0.4607,0.4534,7.2,0,-371.8,-751.8,1.3668,-378.5,-761.1,1.3652,40.8,195.8,0.0000,21.9,172.1,-0.0065,173.0,13.5,0,0.0,0.0,0.0000,-6.44,-6.57,3.95,6.20
0.4693,0.4618,7.5,0,-372.1,-749.8,1.3533,-378.1,-759.4,1.3652,40.8,195.8,0.0000,23.8,171.2,0.0476,172.3,13.7,0,0.0,0.0,0.0000,-6.71,-7.36,4.23,6.19
0.4770,0.4700,7.0,0,-371.5,-747.5,1.3528,-377.8,-757.8,1.3652,40.8,195.8,-0.0000,22.9,168.8,0.0493,169.7,14.1,0,0.0,0.0,0.0000,-6.66,-7.91,4.44,6.92
0.4845,0.4788,5.7,0,-371.7,-746.0,1.3467,-377.4,-756.1,1.3652,40.8,195.8,0.0000,24.4,168.8,0.0737,170.0,13.7,0,0.0,0.0,0.0000,-6.23,-8.26,3.46,6.88
0.4924,0.4890,3.4,0,-371.7,-744.0,1.3322,-377.0,-754.1,1.3652,40.8,195.8,0.0000,25.3,167.5,0.1320,168.7,15.0,0,0.0,0.0,0.0000,-6.43,-7.12,3.12,6.08
0.5012,0.4954,5.8,0,-371.2,-741.6,1.3446,-376.7,-752.9,1.3652,40.8,195.8,-0.0000,25.0,165.5,0.0821,166.9,12.8,0,0.0,0.0,0.0000,-6.46,-7.16,2.67,5.64
0.5089,0.5041,4.8,0,-371.1,-740.5,1.3408,-376.4,-751.2,1.3652,40.8,195.8,0.0000,25.7,166.5,0.0975,167.9,13.0,0,0.0,0.0,0.0000,-6.63,-7.37,3.35,6.19
0.5168,0.5125,4.3,0,-371.4,-738.7,1.3429,-376.0,-749.5,1.3652,40.8,195.8,0.0000,27.5,166.0,0.0888,167.9,10.7,0,0.0,0.0,0.0000,-5.32,-6.72,3.05,6.05
0.5255,0.5228,2.6,0,-371.7,-736.5,1.3384,-375.6,-747.5,1.3652,40.8,195.8,-0.0000,29.4,164.3,0.1071,166.6,9.2,0,0.0,0.0,0.0000,-4.81,-6.69,2.86,5.88
0.5334,0.5286,4.7,0,-371.5,-734.8,1.3370,-375.4,-746.4,1.3652,40.8,195.8,-0.0000,29.8,163.9,0.1128,166.3,9.0,0,0.0,0.0,0.0000,-5.05,-6.63,2.99,5.55
0.5414,0.5378,3.6,0,-371.4,-733.7,1.3242,-375.0,-744.6,1.3652,40.8,195.8,0.0000,30.4,165.1,0.1639,167.6,10.8,0,0.0,0.0,0.0000,-4.69,-6.83,2.46,5.72
0.5488,0.5464,2.5,0,-372.0,-732.1,1.3333,-374.7,-742.9,1.3652,40.8,195.8,0.0000,33.1,164.8,0.1273,168.0,6.6,0,0.0,0.0,0.0000,-4.91,-6.11,2.74,5.47
0.5573,0.5572,0.1,0,-371.6,-730.9,1.3225,-374.2,-740.8,1.3652,40.8,195.8,0.0000,32.9,166.3,0.1705,169.3,9.0,0,0.0,0.0,0.0000,-4.21,-5.54,3.04,5.26
0.5654,0.5640,1.5,0,-371.3,-728.9,1.3274,-373.9,-739.4,1.3652,40.8,195.8,0.0000,33.2,164.9,0.1512,168.1,7.6,0,0.0,0.0,0.0000,-4.16,-5.59,2.86,5.58
0.5727,0.5715,1.2,0,-371.6,-727.7,1.3313,-373.6,-738.0,1.3652,40.8,195.8,-0.0000,34.8,165.7,0.1354,169.2,5.4,0,0.0,0.0,0.0000,-3.27,-5.78,2.51,5.76
0.5815,0.5801,1.4,0,-371.5,-726.5,1.3335,-373.3,-736.3,1.3652,40.8,195.8,0.0000,35.7,167.3,0.1267,171.0,4.6,0,0.0,0.0,0.0000,-4.81,-4.94,2.60,5.13
0.5892,0.5801,9.1,0,-371.5,-726.5,1.3335,-373.3,-736.3,1.3652,40.8,195.8,0.0000,36.7,171.8,0.1267,175.6,4.7,0,0.0,0.0,0.0000,-3.22,-4.75,2.57,5.31
0.5977,0.5976,0.1,0,-371.6,-723.8,1.3215,-372.6,-732.9,1.3652,40.8,195.8,0.0000,38.1,168.8,0.1746,172.9,4.7,0,0.0,0.0,0.0000,-3.14,-4.53,2.59,4.88
0.6048,0.5976,7.2,0,-371.6,-723.8,1.3215,-372.6,-732.9,1.3652,40.8,195.8,0.0000,38.9,172.9,0.1746,177.2,4.9,0,0.0,0.0,0.0000,-2.72,-4.38,3.08,4.87
0.6133,0.6056,7.8,0,-371.7,-722.6,1.3309,-372.2,-731.3,1.3652,40.8,195.8,-0.0000,40.1,174.4,0.1368,178.9,2.5,0,0.0,0.0,0.0000,-2.28,-4.17,2.77,5.06
0.6204,0.6139,6.5,0,-371.8,-721.6,1.3368,-371.9,-729.7,1.3652,40.8,195.8,0.0000,41.3,175.3,0.1134,180.1,0.4,0,0.0,0.0,0.0000,-2.22,-3.92,2.65,4.92
0.6286,0.6240,4.6,0,-371.6,-720.8,1.3425,-371.5,-727.7,1.3652,40.8,195.8,0.0000,41.6,178.0,0.0906,182.8,-0.2,0,0.0,0.0,0.0000,-2.36,-3.56,2.40,4.62
0.6368,0.6308,6.0,0,-371.6,-719.8,1.3419,-371.2,-726.4,1.3652,40.8,195.8,0.0000,42.7,179.7,0.0929,184.7,-0.8,0,0.0,0.0,0.0000,-2.01,-3.54,2.66,4.60
0.6448,0.6393,5.4,0,-372.1,-719.2,1.3426,-370.9,-724.7,1.3652,40.8,195.8,-0.0000,45.2,182.6,0.0901,188.1,-2.8,0,0.0,0.0,0.0000,-2.09,-3.49,2.93,4.60
0.6533,0.6474,5.9,0,-372.0,-718.2,1.3429,-370.5,-723.1,1.3652,40.8,195.8,-0.0000,46.0,184.5,0.0889,190.1,-3.1,0,0.0,0.0,0.0000,-1.72,-2.76,2.58,4.40
0.6610,0.6574,3.6,0,-372.0,-717.3,1.3466,-370.1,-721.1,1.3652,40.8,195.8,0.0000,46.9,186.5,0.0741,192.2,-4.2,0,0.0,0.0,0.0000,-2.40,-2.53,2.40,4.16
0.6694,0.6647,4.6,0,-371.6,-715.7,1.3535,-369.8,-719.7,1.3652,40.8,195.8,0.0000,46.7,186.3,0.0467,192.0,-5.4,0,0.0,0.0,0.0000,-1.81,-2.70,2.79,4.16
0.6775,0.6728,4.6,0,-371.1,-714.8,1.3541,-369.5,-718.1,1.3652,40.8,195.8,0.0000,46.1,188.6,0.0444,194.1,-4.5,0,0.0,0.0,0.0000,-1.78,-2.44,3.00,4.23
0.6854,0.6815,3.9,0,-370.8,-713.8,1.3551,-369.1,-716.4,1.3652,40.8,195.8,-0.0000,46.2,190.3,0.0404,195.8,-4.4,0,0.0,0.0,0.0000,-1.54,-1.91,3.39,4.17
0.6933,0.6909,2.4,0,-370.7,-713.2,1.3640,-368.8,-714.6,1.3652,40.8,195.8,-0.0000,47.1,192.9,0.0045,198.4,-6.5,0,0.0,0.0,0.0000,-2.20,-2.00,3.11,4.26
0.7009,0.6983,2.5,0,-370.8,-712.6,1.3734,-368.5,-713.1,1.3652,40.8,195.8,-0.0000,48.3,195.8,-0.0332,201.5,-8.9,0,0.0,0.0,0.0000,-2.11,-1.64,3.30,4.14
0.7086,0.7071,1.5,0,-370.7,-711.5,1.3798,-368.1,-711.4,1.3652,40.8,195.8,0.0000,48.7,196.8,-0.0584,202.4,-10.5,0,0.0,0.0,0.0000,-2.62,-1.94,3.64,4.53
0.7167,0.7154,1.3,0,-370.8,-710.8,1.3860,-367.8,-709.8,1.3652,40.8,195.8,0.0000,50.1,199.6,-0.0834,205.4,-12.6,0,0.0,0.0,0.0000,-1.84,-1.67,3.44,4.71
0.7256,0.7242,1.3,0,-370.8,-708.8,1.3817,-367.4,-708.1,1.3652,40.8,195.8,0.0000,51.3,198.8,-0.0663,204.9,-13.1,0,0.0,0.0,0.0000,-1.75,-1.57,3.74,4.98
0.7337,0.7323,1.4,0,-370.8,-708.7,1.3959,-367.1,-706.5,1.3652,40.8,195.8,0.0000,52.3,203.3,-0.1230,209.3,-16.1,0,0.0,0.0,0.0000,-1.98,-1.30,4.04,4.90
0.7409,0.7408,0.1,0,-370.6,-707.9,1.3981,-366.7,-704.8,1.3652,40.8,195.8,0.0000,52.3,204.9,-0.1318,210.9,-16.3,0,0.0,0.0,0.0000,-2.33,-1.25,4.35,4.79
0.7491,0.7490,0.1,0,-370.2,-707.2,1.3964,-366.4,-703.2,1.3652,40.8,195.8,0.0000,52.1,207.6,-0.1251,213.5,-15.3,0,0.0,0.0,0.0000,-2.28,-1.61,4.46,4.96
0.7564,0.7490,7.4,0,-370.2,-707.2,1.3964,-366.4,-703.2,1.3652,40.8,195.8,0.0000,53.0,211.9,-0.1251,217.9,-15.5,0,0.0,0.0,0.0000,-2.53,-1.44,4.40,4.96
0.7650,0.7574,7.6,0,-369.6,-705.7,1.3954,-366.0,-701.6,1.3652,40.8,195.8,0.0000,52.5,212.6,-0.1211,218.5,-14.6,0,0.0,0.0,0.0000,-2.53,-1.45,4.66,4.84
0.7734,0.7659,7.6,0,-369.1,-705.4,1.3993,-365.7,-699.9,1.3652,40.8,195.8,-0.0000,51.9,216.7,-0.1364,222.4,-14.2,0,0.0,0.0,0.0000,-2.65,-1.77,4.59,4.98
0.7806,0.7745,6.1,0,-369.6,-703.1,1.4095,-365.3,-698.2,1.3652,40.8,195.8,-0.0000,54.2,214.1,-0.1773,220.0,-19.1,0,0.0,0.0,0.0000,-3.13,-1.85,4.21,4.38
0.7884,0.7830,5.4,0,-369.2,-702.1,1.4137,-365.0,-696.6,1.3652,40.8,195.8,0.0000,54.1,215.7,-0.1943,221.5,-19.7,0,0.0,0.0,0.0000,-3.45,-2.65,4.14,4.39
0.7972,0.7912,6.0,0,-369.2,-701.1,1.4131,-364.7,-695.0,1.3652,40.8,195.8,0.0000,55.1,217.8,-0.1919,223.7,-20.2,0,0.0,0.0,0.0000,-4.14,-3.31,3.90,4.08
0.8045,0.7998,4.7,0,-368.2,-700.0,1.3944,-364.3,-693.3,1.3652,40.8,195.8,-0.0000,53.2,218.8,-0.1171,224.8,-14.0,0,0.0,0.0,0.0000,-4.14,-3.35,3.91,4.32
0.8124,0.8085,3.9,0,-367.9,-699.0,1.3903,-364.0,-691.6,1.3652,40.8,195.8,0.0000,53.1,220.4,-0.1006,226.4,-12.7,0,0.0,0.0,0.0000,-4.98,-3.79,4.09,4.69
0.8205,0.8170,3.6,0,-367.4,-697.9,1.4059,-363.6,-689.9,1.3652,40.8,195.8,0.0000,52.5,221.9,-0.1630,227.5,-15.4,0,0.0,0.0,0.0000,-5.24,-4.42,3.64,4.17
0.8296,0.8257,3.9,0,-366.9,-696.5,1.3977,-363.3,-688.2,1.3652,40.8,195.8,0.0000,52.4,222.8,-0.1301,228.5,-13.2,0,0.0,0.0,0.0000,-5.93,-4.44,4.13,4.19
0.8374,0.8341,3.3,0,-366.7,-694.6,1.3858,-362.9,-686.6,1.3652,40.8,195.8,0.0000,52.7,221.9,-0.0826,227.8,-11.0,0,0.0,0.0,0.0000,-6.43,-4.23,3.67,4.29
0.8454,0.8418,3.6,0,-366.2,-693.1,1.3920,-362.6,-685.0,1.3652,40.8,195.8,0.0000,52.2,222.1,-0.1072,227.9,-11.8,0,0.0,0.0,0.0000,-6.84,-4.19,4.41,4.55
0.8533,0.8506,2.7,0,-365.7,-691.8,1.4002,-362.2,-683.3,1.3652,40.8,195.8,-0.0000,51.6,222.7,-0.1403,228.2,-13.1,0,0.0,0.0,0.0000,-5.53,-4.28,4.51,4.51
0.8614,0.8590,2.4,0,-365.3,-690.5,1.4087,-361.9,-681.7,1.3652,40.8,195.8,-0.0000,51.4,223.5,-0.1740,228.9,-14.7,0,0.0,0.0,0.0000,-6.72,-4.06,4.83,4.81
0.8684,0.8672,1.2,0,-364.9,-688.8,1.4105,-361.6,-680.1,1.3652,40.8,195.8,-0.0000,51.1,222.7,-0.1812,228.0,-14.9,0,0.0,0.0,0.0000,-7.43,-4.56,3.75,4.87
0.8775,0.8760,1.4,0,-364.9,-687.1,1.3935,-361.2,-678.4,1.3652,40.8,195.8,0.0000,52.2,222.9,-0.1133,228.6,-12.0,0,0.0,0.0,0.0000,-6.68,-5.00,2.05,5.08
0.8845,0.8843,0.2,0,-363.5,-685.5,1.3932,-360.9,-676.7,1.3652,40.8,195.8,-0.0000,48.6,222.3,-0.1123,227.4,-8.6,0,0.0,0.0,0.0000,-7.32,-5.37,2.54,5.70
0.8927,0.8926,0.1,0,-363.3,-683.6,1.3974,-360.5,-675.1,1.3652,40.8,195.8,0.0000,49.2,221.4,-0.1288,226.5,-10.3,0,0.0,0.0,0.0000,-7.68,-5.93,3.99,5.35
0.9012,0.9011,0.1,0,-362.7,-681.7,1.3873,-360.2,-673.4,1.3652,40.8,195.8,0.0000,48.4,220.6,-0.0886,225.8,-7.4,0,0.0,0.0,0.0000,-8.13,-6.19,4.88,5.29
0.9092,0.9011,8.1,0,-362.7,-681.7,1.3873,-360.2,-673.4,1.3652,40.8,195.8,0.0000,49.4,225.4,-0.0886,230.6,-7.5,0,0.0,0.0,0.0000,-8.60,-5.61,5.15,5.39
0.9166,0.9100,6.6,0,-361.9,-679.5,1.3807,-359.8,-671.7,1.3652,40.8,195.8,0.0000,47.8,223.2,-0.0620,228.2,-4.8,0,0.0,0.0,0.0000,-8.91,-5.24,5.47,5.32
0.9249,0.9183,6.6,0,-360.8,-677.7,1.3739,-359.5,-670.1,1.3652,40.8,195.8,-0.0000,45.6,222.7,-0.0348,227.3,-1.1,0,0.0,0.0,0.0000,-8.52,-5.36,5.93,5.66
0.9331,0.9263,6.7,0,-360.4,-675.5,1.3712,-359.1,-668.5,1.3652,40.8,195.8,0.0000,45.5,220.6,-0.0243,225.3,-0.8,0,0.0,0.0,0.0000,-9.02,-5.79,6.36,6.17
0.9414,0.9364,5.0,0,-359.7,-673.7,1.3658,-358.7,-666.5,1.3652,40.8,195.8,0.0000,44.4,220.2,-0.0025,224.6,1.4,0,0.0,0.0,0.0000,-9.39,-6.04,6.49,6.19
0.9488,0.9444,4.4,0,-359.3,-671.9,1.3580,-358.4,-665.0,1.3652,40.8,195.8,0.0000,43.9,219.1,0.0288,223.5,3.3,0,0.0,0.0,0.0000,-8.49,-6.46,7.47,6.32
0.9570,0.9518,5.3,0,-358.4,-669.2,1.3699,-358.1,-663.5,1.3652,40.8,195.8,0.0000,42.3,215.9,-0.0188,220.0,1.7,0,0.0,0.0,0.0000,-9.08,-6.06,6.69,5.96
0.9647,0.9603,4.5,0,-357.7,-667.0,1.3661,-357.8,-661.9,1.3652,40.8,195.8,0.0000,41.3,213.8,-0.0037,217.7,3.1,0,0.0,0.0,0.0000,-9.26,-7.13,6.37,5.75
0.9724,0.9690,3.4,0,-356.7,-665.4,1.3727,-357.4,-660.1,1.3652,40.8,195.8,0.0000,39.0,213.6,-0.0304,217.1,3.8,0,0.0,0.0,0.0000,-9.17,-6.76,6.70,5.82
0.9808,0.9772,3.6,0,-356.5,-662.7,1.3617,-357.1,-658.5,1.3652,40.8,195.8,-0.0000,39.5,210.5,0.0138,214.1,5.1,0,0.0,0.0,0.0000,-8.97,-6.42,6.76,6.36
0.9888,0.9861,2.7,0,-355.5,-660.6,1.3636,-356.7,-656.8,1.3652,40.8,195.8,-0.0000,37.7,208.8,0.0064,212.1,6.1,0,0.0,0.0,0.0000,-10.10,-6.42,7.13,6.66
0.9967,0.9944,2.3,0,-354.3,-659.3,1.3483,-356.4,-655.2,1.3652,40.8,195.8,0.0000,34.8,209.6,0.0674,212.1,12.3,0,0.0,0.0,0.0000,-9.41,-6.84,6.56,7.27
1.0051,1.0026,2.5,0,-353.7,-656.8,1.3518,-356.0,-653.6,1.3652,40.8,195.8,0.0000,34.1,207.1,0.0535,209.5,11.7,0,0.0,0.0,0.0000,-9.30,-6.57,6.69,6.89
1.0125,1.0111,1.4,0,-352.8,-654.8,1.3474,-355.7,-651.9,1.3652,40.8,195.8,0.0000,32.5,205.2,0.0710,207.3,13.8,0,0.0,0.0,0.0000,-8.91,-7.22,7.28,7.40
1.0209,1.0196,1.2,0,-352.6,-652.6,1.3510,-355.3,-650.2,1.3652,40.8,195.8,0.0000,32.7,203.5,0.0565,205.7,12.5,0,0.0,0.0,0.0000,-9.25,-6.90,6.96,7.26
1.0290,1.0278,1.2,0,-351.7,-650.0,1.3544,-355.0,-648.6,1.3652,40.8,195.8,0.0000,31.0,200.7,0.0432,202.6,12.8,0,0.0,0.0,0.0000,-8.49,-6.61,6.69,7.46
1.0367,1.0278,8.9,0,-351.7,-650.0,1.3544,-355.0,-648.6,1.3652,40.8,195.8,0.0000,31.9,205.2,0.0432,207.2,12.9,0,0.0,0.0,0.0000,-8.72,-6.73,6.69,7.23
1.0457,1.0456,0.1,0,-350.3,-645.8,1.3535,-354.3,-645.1,1.3652,40.8,195.8,0.0000,28.9,197.8,0.0466,199.4,14.4,0,0.0,0.0,0.0000,-8.60,-5.20,6.94,7.33
1.0536,1.0534,0.1,0,-349.1,-643.1,1.3507,-354.0,-643.6,1.3652,40.8,195.8,0.0000,26.3,194.4,0.0580,195.4,16.8,0,0.0,0.0,0.0000,-8.32,-5.30,7.43,7.43
1.0608,1.0534,7.4,0,-349.1,-643.1,1.3507,-354.0,-643.6,1.3652,40.8,195.8,0.0000,27.1,198.7,0.0580,199.8,16.9,0,0.0,0.0,0.0000,-7.26,-5.31,7.41,7.41
1.0691,1.0614,7.7,0,-347.9,-640.7,1.3535,-353.6,-642.0,1.3652,40.8,195.8,0.0000,24.5,196.2,0.0467,196.9,18.4,0,0.0,0.0,0.0000,-6.72,-5.66,6.67,7.37
1.0766,1.0701,6.5,0,-347.6,-639.4,1.3554,-353.3,-640.4,1.3652,40.8,195.8,0.0000,24.5,196.7,0.0389,197.4,18.1,0,0.0,0.0,0.0000,-7.20,-6.23,7.09,6.65
1.0848,1.0788,6.1,0,-346.9,-637.6,1.3590,-352.9,-638.7,1.3652,40.8,195.8,0.0000,23.4,196.1,0.0247,196.6,18.4,0,0.0,0.0,0.0000,-7.26,-5.86,6.87,3.77
1.0929,1.0874,5.4,0,-346.6,-635.2,1.3497,-352.6,-637.0,1.3652,40.8,195.8,-0.0000,23.5,193.6,0.0620,194.0,19.6,0,0.0,0.0,0.0000,-7.56,-5.76,6.62,4.63
1.1015,1.0954,6.1,0,-346.4,-633.4,1.3493,-352.2,-635.4,1.3652,40.8,195.8,0.0000,24.1,193.4,0.0635,193.9,19.0,0,0.0,0.0,0.0000,-7.58,-5.58,6.59,5.34
1.1086,1.1040,4.6,0,-346.0,-631.4,1.3508,-351.9,-633.7,1.3652,40.8,195.8,-0.0000,23.7,191.4,0.0576,192.0,18.7,0,0.0,0.0,0.0000,-7.08,-5.59,6.00,6.52
1.1169,1.1124,4.5,0,-345.0,-629.3,1.3570,-351.5,-632.1,1.3652,40.8,195.8,0.0000,21.9,190.2,0.0326,190.5,19.0,0,0.0,0.0,0.0000,-7.79,-5.51,5.85,6.62
1.1253,1.1214,3.9,0,-344.5,-627.3,1.3549,-351.2,-630.3,1.3652,40.8,195.8,0.0000,21.4,188.9,0.0409,189.1,19.6,0,0.0,0.0,0.0000,-6.62,-4.98,6.18,7.00
1.1333,1.1214,11.8,0,-344.5,-627.3,1.3549,-351.2,-630.3,1.3652,40.8,195.8,0.0000,22.4,193.6,0.0409,193.9,19.6,0,0.0,0.0,0.0000,-6.42,-4.91,6.08,6.93
1.1406,1.1383,2.3,0,-343.9,-623.8,1.3683,-350.5,-627.0,1.3652,40.8,195.8,0.0000,21.2,187.5,-0.0127,188.0,16.9,0,0.0,0.0,0.0000,-6.33,-4.87,5.60,6.34
1.1484,1.1461,2.3,0,-342.9,-621.6,1.3612,-350.2,-625.5,1.3652,40.8,195.8,0.0000,19.3,185.4,0.0160,185.4,19.7,0,0.0,0.0,0.0000,-5.56,-5.06,5.51,7.23
1.1576,1.1550,2.6,0,-342.6,-620.0,1.3605,-349.8,-623.7,1.3652,40.8,195.8,-0.0000,19.6,186.3,0.0185,186.2,19.7,0,0.0,0.0,0.0000,-5.40,-5.27,5.59,7.10
1.1654,1.1641,1.2,0,-342.6,-618.9,1.3637,-349.4,-621.9,1.3652,40.8,195.8,-0.0000,20.5,187.4,0.0057,187.6,18.4,0,0.0,0.0,0.0000,-4.46,-5.08,5.13,6.69
1.1727,1.1715,1.2,0,-341.9,-617.5,1.3649,-349.1,-620.5,1.3652,40.8,195.8,-0.0000,19.4,187.6,0.0012,187.5,19.4,0,0.0,0.0,0.0000,-5.09,-5.34,5.16,6.20
1.1816,1.1801,1.4,0,-341.8,-615.7,1.3591,-348.8,-618.8,1.3652,40.8,195.8,0.0000,20.0,187.2,0.0242,187.3,19.8,0,0.0,0.0,0.0000,-5.26,-4.51,4.69,6.07
1.1888,1.1887,0.1,0,-342.0,-613.7,1.3643,-348.4,-617.1,1.3652,40.8,195.8,-0.0000,21.6,185.6,0.0035,186.1,16.9,0,0.0,0.0,0.0000,-5.06,-4.58,4.38,5.86
1.1968,1.1966,0.1,0,-342.2,-612.5,1.3741,-348.1,-615.6,1.3652,40.8,195.8,0.0000,23.3,186.5,-0.0360,187.5,13.6,0,0.0,0.0,0.0000,-4.17,-4.36,4.31,5.99
1.2046,1.1966,7.9,0,-342.2,-612.5,1.3741,-348.1,-615.6,1.3652,40.8,195.8,0.0000,24.2,191.1,-0.0360,192.1,13.6,0,0.0,0.0,0.0000,-4.23,-3.60,4.44,5.25
1.2126,1.2057,6.9,0,-341.2,-611.5,1.3710,-347.7,-613.8,1.3652,40.8,195.8,0.0000,22.2,192.8,-0.0232,193.4,16.5,0,0.0,0.0,0.0000,-4.67,-3.81,4.06,5.63
1.2212,1.2137,7.5,0,-341.1,-610.4,1.3706,-347.4,-612.2,1.3652,40.8,195.8,-0.0000,22.7,194.5,-0.0216,195.2,16.5,0,0.0,0.0,0.0000,-4.01,-3.92,3.85,5.43
1.2294,1.2224,7.0,0,-340.7,-609.5,1.3684,-347.1,-610.5,1.3652,40.8,195.8,-0.0000,22.7,196.7,-0.0129,197.3,17.3,0,0.0,0.0,0.0000,-3.80,-3.98,4.00,5.08
1.2373,1.2306,6.7,0,-340.8,-606.8,1.3727,-346.7,-608.9,1.3652,40.8,195.8,-0.0000,24.0,193.3,-0.0302,194.3,14.5,0,0.0,0.0,0.0000,-3.64,-3.74,3.65,5.12
1.2449,1.2394,5.6,0,-341.4,-605.9,1.3775,-346.4,-607.2,1.3652,40.8,195.8,0.0000,26.7,195.0,-0.0495,196.5,11.3,0,0.0,0.0,0.0000,-3.47,-3.54,3.20,5.11
1.2533,1.2454,7.9,0,-341.0,-605.3,1.3776,-346.1,-606.0,1.3652,40.8,195.8,0.0000,26.5,198.2,-0.0498,199.6,12.0,0,0.0,0.0,0.0000,-3.49,-4.12,3.59,5.26
1.2612,1.2582,3.0,0,-340.8,-604.5,1.3736,-345.6,-603.5,1.3652,40.8,195.8,-0.0000,26.9,200.5,-0.0339,201.9,12.9,0,0.0,0.0,0.0000,-3.68,-4.23,3.16,5.28
1.2687,1.2644,4.3,0,-340.6,-602.9,1.3880,-345.3,-602.3,1.3652,40.8,195.8,-0.0000,27.2,200.0,-0.0915,201.6,9.6,0,0.0,0.0,0.0000,-4.14,-4.32,2.74,5.12
1.2775,1.2729,4.6,0,-341.7,-600.7,1.3891,-345.0,-600.7,1.3652,40.8,195.8,-0.0000,31.6,198.5,-0.0957,201.0,4.8,0,0.0,0.0,0.0000,-3.20,-4.36,2.88,4.79
1.2852,1.2814,3.8,0,-340.8,-599.7,1.3741,-344.6,-599.0,1.3652,40.8,195.8,0.0000,29.7,200.3,-0.0358,202.2,10.0,0,0.0,0.0,0.0000,-3.23,-4.26,2.78,4.88
1.2935,1.2920,1.5,0,-341.0,-599.1,1.3807,-344.2,-596.9,1.3652,40.8,195.8,0.0000,31.2,203.3,-0.0621,205.6,7.7,0,0.0,0.0,0.0000,-3.41,-4.26,2.42,4.59
1.3004,1.2982,2.2,0,-341.1,-598.1,1.3787,-344.0,-595.7,1.3652,40.8,195.8,0.0000,32.4,204.4,-0.0541,206.8,7.2,0,0.0,0.0,0.0000,-2.84,-3.36,2.13,4.86
1.3089,1.3065,2.3,0,-341.3,-597.2,1.3813,-343.6,-594.1,1.3652,40.8,195.8,0.0000,34.1,206.5,-0.0646,209.2,5.4,0,0.0,0.0,0.0000,-3.53,-3.61,1.74,4.76
1.3174,1.3151,2.3,0,-342.4,-595.1,1.3939,-343.3,-592.4,1.3652,40.8,195.8,-0.0000,38.5,205.2,-0.1150,208.8,-1.7,0,0.0,0.0,0.0000,-2.84,-3.74,2.40,4.96
1.3247,1.3151,9.6,0,-342.4,-595.1,1.3939,-343.3,-592.4,1.3652,40.8,195.8,-0.0000,39.3,209.5,-0.1150,213.2,-1.9,0,0.0,0.0,0.0000,-3.04,-3.68,3.15,4.94
1.3332,1.3320,1.2,0,-342.1,-593.1,1.3862,-342.6,-589.1,1.3652,40.8,195.8,-0.0000,39.6,208.6,-0.0841,212.4,-0.7,0,0.0,0.0,0.0000,-2.89,-4.11,3.15,5.30
1.3406,1.3405,0.1,0,-341.6,-592.3,1.3833,-342.2,-587.4,1.3652,40.8,195.8,0.0000,39.1,210.5,-0.0727,214.1,0.8,0,0.0,0.0,0.0000,-2.98,-4.05,3.15,5.86
1.3494,1.3480,1.4,0,-341.3,-591.0,1.3887,-341.9,-585.9,1.3652,40.8,195.8,0.0000,39.3,211.8,-0.0941,215.5,-0.3,0,0.0,0.0,0.0000,-3.40,-4.26,2.79,5.19
1.3570,1.3480,9.0,0,-341.3,-591.0,1.3887,-341.9,-585.9,1.3652,40.8,195.8,0.0000,40.2,216.3,-0.0941,220.0,-0.4,0,0.0,0.0,0.0000,-3.47,-4.32,2.88,4.89
1.3655,1.3598,5.7,0,-341.9,-589.8,1.3928,-341.4,-583.6,1.3652,40.8,195.8,-0.0000,42.8,217.7,-0.1105,221.8,-3.6,0,0.0,0.0,0.0000,-3.62,-4.59,2.25,4.57
1.3727,1.3657,7.0,0,-342.1,-588.6,1.3931,-341.2,-582.5,1.3652,40.8,195.8,-0.0000,44.5,218.3,-0.1118,222.7,-5.3,0,0.0,0.0,0.0000,-4.02,-4.79,2.00,4.66
1.3813,1.3748,6.4,0,-342.5,-587.2,1.3887,-340.8,-580.7,1.3652,40.8,195.8,-0.0000,46.6,219.0,-0.0942,223.8,-6.1,0,0.0,0.0,0.0000,-4.23,-4.88,2.66,4.50
1.3885,1.3827,5.8,0,-342.1,-585.8,1.3795,-340.5,-579.1,1.3652,40.8,195.8,-0.0000,46.2,219.3,-0.0573,224.1,-3.7,0,0.0,0.0,0.0000,-5.05,-4.78,2.51,4.69
1.3974,1.3928,4.6,0,-341.7,-584.6,1.3795,-340.1,-577.2,1.3652,40.8,195.8,0.0000,46.1,220.8,-0.0574,225.6,-3.3,0,0.0,0.0,0.0000,-4.54,-4.46,2.40,4.35
1.4044,1.3997,4.7,0,-342.6,-583.2,1.3919,-339.8,-575.8,1.3652,40.8,195.8,-0.0000,49.8,221.0,-0.1071,226.3,-9.7,0,0.0,0.0,0.0000,-4.69,-4.35,2.86,4.30
1.4125,1.4081,4.4,0,-342.7,-581.9,1.3875,-339.5,-574.2,1.3652,40.8,195.8,0.0000,50.9,221.6,-0.0893,227.2,-9.7,0,0.0,0.0,0.0000,-4.94,-4.81,3.31,4.62
1.4205,1.4174,3.1,0,-342.5,-580.6,1.3863,-339.1,-572.4,1.3652,40.8,195.8,0.0000,50.1,215.7,-0.0845,221.2,-9.7,0,0.0,0.0,0.0000,-6.05,-5.01,3.44,4.71
1.4291,1.4267,2.3,0,-342.1,-579.0,1.3778,-338.7,-570.5,1.3652,40.8,195.8,-0.0000,48.5,209.8,-0.0505,215.2,-7.3,0,0.0,0.0,0.0000,-5.39,-5.31,2.97,5.07
1.4370,1.4333,3.6,0,-342.1,-578.0,1.3812,-338.4,-569.2,1.3652,40.8,195.8,-0.0000,47.8,202.6,-0.0641,208.0,-8.8,0,0.0,0.0,0.0000,-5.81,-5.62,3.31,4.84
1.4447,1.4420,2.7,0,-341.5,-576.7,1.3834,-338.1,-567.5,1.3652,40.8,195.8,-0.0000,45.4,195.5,-0.0730,200.6,-8.2,0,0.0,0.0,0.0000,-6.24,-5.76,3.78,4.76
1.4533,1.4503,3.0,0,-341.5,-574.2,1.3749,-337.7,-565.9,1.3652,40.8,195.8,0.0000,44.8,185.2,-0.0389,190.3,-7.9,0,0.0,0.0,0.0000,-5.72,-5.86,3.71,4.98
1.4611,1.4585,2.5,0,-341.5,-573.0,1.3707,-337.4,-564.3,1.3652,40.8,195.8,0.0000,44.2,178.5,-0.0224,183.7,-7.8,0,0.0,0.0,0.0000,-5.78,-5.51,3.62,5.01
1.4685,1.4670,1.5,0,-341.1,-571.6,1.3711,-337.1,-562.6,1.3652,40.8,195.8,0.0000,42.2,171.2,-0.0236,176.1,-7.3,0,0.0,0.0,0.0000,-6.31,-5.55,4.21,5.71
1.4772,1.4757,1.4,0,-340.4,-570.0,1.3756,-336.7,-560.9,1.3652,40.9,195.9,0.0000,39.3,163.0,-0.0419,167.5,-7.0,0,0.0,0.0,0.0000,-5.81,-5.10,4.60,5.91
1.4852,1.4840,1.2,0,-340.3,-567.5,1.3692,-336.4,-559.3,1.3652,40.8,195.7,0.0000,38.3,152.0,-0.0163,156.6,-7.1,0,0.0,0.0,0.0000,-6.05,-4.96,5.00,5.69
1.4936,1.4935,0.1,0,-340.2,-566.0,1.3688,-336.0,-557.5,1.3652,41.1,197.0,0.0000,37.4,144.4,-0.0145,149.0,-7.7,0,0.0,0.0,0.0000,-6.28,-5.03,4.81,5.73
1.5007,1.4935,7.2,0,-340.2,-566.0,1.3688,-336.0,-557.5,1.3652,41.1,197.0,0.0000,36.9,141.9,-0.0145,146.5,-7.7,0,0.0,0.0,0.0000,-6.16,-5.69,4.88,5.71
1.5087,1.5011,7.6,0,-339.6,-564.6,1.3637,-335.7,-556.0,1.3652,40.3,193.0,0.0000,34.5,134.4,0.0059,138.6,-6.1,0,0.0,0.0,0.0000,-6.17,-5.71,5.02,5.70
1.5175,1.5093,8.2,0,-339.5,-563.2,1.3665,-335.3,-554.4,1.3652,39.0,186.8,-0.0000,33.2,126.2,-0.0054,130.3,-6.9,0,0.0,0.0,0.0000,-5.75,-5.81,5.33,6.12
1.5245,1.5179,6.5,0,-339.2,-561.6,1.3648,-335.0,-552.8,1.3652,37.3,178.8,-0.0000,31.6,118.2,0.0014,122.1,-6.8,0,0.0,0.0,0.0000,-6.50,-5.44,4.96,6.08
1.5331,1.5266,6.5,0,-338.9,-559.0,1.3653,-334.7,-551.3,1.3652,35.4,169.6,-0.0000,29.9,106.6,-0.0007,110.4,-7.5,0,0.0,0.0,0.0000,-5.97,-5.02,5.07,5.88
1.5414,1.5348,6.7,0,-338.7,-557.6,1.3614,-334.4,-550.0,1.3652,33.7,161.8,0.0000,28.5,98.5,0.0152,102.2,-7.4,0,0.0,0.0,0.0000,-6.63,-5.06,5.13,5.44
1.5495,1.5435,6.0,0,-338.0,-555.1,1.3744,-334.1,-548.6,1.3652,32.0,153.5,0.0000,25.5,86.5,-0.0371,89.9,-8.2,0,0.0,0.0,0.0000,-6.76,-4.90,5.43,5.67
1.5570,1.5527,4.3,0,-337.9,-553.7,1.3684,-333.8,-547.2,1.3652,30.1,144.3,0.0000,24.3,78.0,-0.0131,81.3,-8.2,0,0.0,0.0,0.0000,-6.18,-4.64,5.28,5.87
1.5648,1.5601,4.6,0,-336.9,-552.1,1.3753,-333.6,-546.2,1.3652,28.6,136.9,-0.0000,20.5,68.7,-0.0407,71.4,-6.8,0,0.0,0.0,0.0000,-5.82,-5.16,5.62,6.18
1.5725,1.5691,3.3,0,-336.2,-551.2,1.3745,-333.4,-545.0,1.3652,26.7,127.9,0.0000,17.3,61.1,-0.0374,63.3,-5.0,0,0.0,0.0,0.0000,-6.32,-3.33,5.45,6.15
1.5806,1.5780,2.6,0,-336.2,-548.9,1.3642,-333.2,-543.9,1.3652,24.8,119.1,-0.0000,16.4,49.8,0.0040,52.1,-5.8,0,0.0,0.0,0.0000,-5.74,-1.64,5.00,5.51
1.5896,1.5871,2.5,0,-335.7,-547.0,1.3749,-332.9,-542.8,1.3652,23.1,110.6,0.0000,13.6,38.5,-0.0389,40.4,-5.8,0,0.0,0.0,0.0000,-5.43,-1.42,5.36,5.56
1.5974,1.5948,2.6,0,-335.1,-545.7,1.3650,-332.8,-542.0,1.3652,21.5,103.2,0.0000,10.5,27.5,0.0006,29.1,-4.7,0,0.0,0.0,0.0000,-5.56,-3.55,5.24,4.92
1.6054,1.6029,2.5,0,-334.3,-544.8,1.3651,-332.6,-541.2,1.3652,19.8,94.9,0.0000,7.1,20.6,0.0001,21.6,-2.8,0,0.0,0.0,0.0000,-5.52,-4.48,4.77,4.54
1.6130,1.6118,1.2,0,-333.7,-543.6,1.3624,-332.4,-540.4,1.3652,18.0,86.3,-0.0000,4.4,12.5,0.0112,13.1,-1.7,0,0.0,0.0,0.0000,-5.79,-4.33,4.12,4.36
1.6211,1.6197,1.5,0,-333.6,-542.5,1.3587,-332.3,-539.8,1.3652,16.5,78.9,0.0000,2.7,2.8,0.0260,3.3,-2.1,0,0.0,0.0,0.0000,-5.39,-3.75,3.91,4.05
1.6294,1.6281,1.2,0,-333.4,-540.8,1.3595,-332.2,-539.1,1.3652,14.7,70.6,-0.0000,1.1,-7.9,0.0227,-7.5,-2.7,0,0.0,0.0,0.0000,-4.50,-3.65,4.08,3.60
1.6374,1.6361,1.2,0,-333.4,-539.7,1.3552,-332.0,-538.6,1.3652,13.1,62.6,-0.0000,-0.5,-18.0,0.0398,-17.7,-3.4,0,0.0,0.0,0.0000,-2.35,-3.47,3.34,2.95
1.6450,1.6448,0.1,0,-333.0,-538.7,1.3577,-331.9,-538.1,1.3652,11.2,53.9,-0.0000,-3.0,-27.4,0.0300,-27.4,-2.9,0,0.0,0.0,0.0000,-1.03,-3.47,3.09,2.78
1.6532,1.6531,0.1,0,-332.9,-538.2,1.3556,-331.9,-537.7,1.3652,9.5,45.6,0.0000,-4.7,-35.9,0.0383,-36.1,-3.1,0,0.0,0.0,0.0000,-3.37,-2.95,2.64,1.98
1.6607,1.6531,7.6,0,-332.9,-538.2,1.3556,-331.9,-537.7,1.3652,9.5,45.6,0.0000,-6.0,-42.4,0.0383,-42.7,-3.2,0,0.0,0.0,0.0000,-3.07,-2.85,1.75,1.85
1.6691,1.6615,7.6,0,-332.6,-537.3,1.3490,-331.8,-537.3,1.3652,7.8,37.5,0.0000,-8.6,-52.4,0.0646,-53.0,-3.1,0,0.0,0.0,0.0000,-3.29,-2.69,1.58,1.55
1.6770,1.6699,7.1,0,-332.4,-536.9,1.3464,-331.7,-537.0,1.3652,6.2,29.6,0.0000,-10.6,-60.9,0.0749,-61.7,-3.2,0,0.0,0.0,0.0000,-3.49,-2.53,1.48,0.72
1.6849,1.6784,6.5,0,-332.1,-536.1,1.3500,-331.7,-536.8,1.3652,4.4,21.2,-0.0000,-12.8,-70.0,0.0606,-71.1,-2.8,0,0.0,0.0,0.0000,-2.90,-2.05,0.73,0.07
1.6928,1.6868,6.0,0,-332.2,-536.2,1.3422,-331.7,-536.7,1.3652,2.3,10.9,0.0000,-14.3,-77.4,0.0917,-78.6,-3.6,0,0.0,0.0,0.0000,-2.30,-1.64,-0.07,-0.27
1.7012,1.6956,5.6,0,-332.0,-536.3,1.3355,-331.6,-536.6,1.3652,2.0,9.6,-0.0000,-16.7,-85.5,0.1187,-87.1,-3.7,0,0.0,0.0,0.0000,-1.62,-1.09,-0.71,-0.58
1.7086,1.7029,5.7,0,-332.1,-536.5,1.3332,-331.6,-536.6,1.3652,-1.1,-5.2,-0.0000,-17.7,-92.0,0.1278,-93.6,-4.4,0,0.0,0.0,0.0000,-1.05,-1.12,-1.10,-1.16
1.7170,1.7124,4.6,0,-332.0,-536.3,1.3304,-331.6,-536.7,1.3652,-2.2,-10.5,0.0000,-19.7,-100.7,0.1390,-102.5,-4.9,0,0.0,0.0,0.0000,-0.78,-0.74,-1.71,-1.59
1.7246,1.7209,3.7,0,-332.2,-537.3,1.3264,-331.7,-536.8,1.3652,-4.2,-20.2,0.0000,-20.7,-106.0,0.1549,-107.8,-5.6,0,0.0,0.0,0.0000,-0.03,-0.01,-0.07,-2.30
1.7325,1.7293,3.2,0,-332.3,-537.8,1.3228,-331.7,-537.0,1.3652,-5.9,-28.4,-0.0000,-22.3,-113.1,0.1694,-115.1,-6.1,0,0.0,0.0,0.0000,0.90,0.24,-2.39,-2.13
1.7411,1.7396,1.5,0,-332.6,-538.1,1.3214,-331.8,-537.4,1.3652,-8.1,-38.7,-0.0000,-23.4,-121.5,0.1750,-123.6,-7.3,0,0.0,0.0,0.0000,1.60,0.38,-2.47,-2.63
1.7485,1.7471,1.3,0,-332.6,-538.9,1.3301,-331.9,-537.7,1.3652,-9.6,-46.2,-0.0000,-25.1,-127.4,0.1401,-129.8,-6.0,0,0.0,0.0,0.0000,2.35,0.91,-3.21,-2.87
1.7568,1.7556,1.2,0,-333.0,-539.4,1.3296,-331.9,-538.1,1.3652,-11.4,-54.8,0.0000,-26.0,-135.2,0.1421,-137.5,-7.1,0,0.0,0.0,0.0000,2.34,1.50,-3.01,-2.97
1.7645,1.7632,1.2,0,-333.3,-540.1,1.3298,-332.0,-538.6,1.3652,-12.9,-62.0,0.0000,-26.8,-141.9,0.1413,-144.2,-7.9,0,0.0,0.0,0.0000,3.34,1.89,-3.22,-3.22
1.7730,1.7716,1.4,0,-333.5,-541.5,1.3286,-332.2,-539.1,1.3652,-14.6,-69.9,0.0000,-28.2,-147.7,0.1461,-150.2,-8.0,0,0.0,0.0,0.0000,2.94,1.97,-3.39,-3.44
1.7810,1.7798,1.2,0,-334.2,-543.2,1.3138,-332.3,-539.7,1.3652,-16.3,-78.1,-0.0000,-28.1,-152.6,0.2055,-154.8,-11.6,0,0.0,0.0,0.0000,3.98,2.03,-3.45,-3.48
1.7886,1.7885,0.1,0,-335.6,-544.0,1.3157,-332.4,-540.4,1.3652,-18.1,-86.8,0.0000,-26.1,-159.4,0.1978,-160.8,-14.9,0,0.0,0.0,0.0000,2.42,1.99,-3.84,-3.79
1.7970,1.7968,0.2,0,-335.7,-545.0,1.3270,-332.6,-541.2,1.3652,-19.7,-94.7,-0.0000,-27.8,-166.7,0.1528,-168.5,-13.3,0,0.0,0.0,0.0000,2.35,2.57,-4.09,-3.88
1.8054,1.8053,0.1,0,-336.4,-546.0,1.3214,-332.8,-542.0,1.3652,-21.4,-102.7,-0.0000,-27.9,-173.7,0.1751,-175.2,-15.9,0,0.0,0.0,0.0000,3.83,2.60,-4.71,-4.03
1.8132,1.8053,7.9,0,-336.4,-546.0,1.3214,-332.8,-542.0,1.3652,-21.4,-102.7,-0.0000,-30.2,-185.0,0.1751,-186.7,-16.4,0,0.0,0.0,0.0000,5.65,3.41,-4.51,-4.02
1.8211,1.8135,7.5,0,-337.0,-547.1,1.3239,-332.9,-542.9,1.3652,-23.2,-111.1,0.0000,-29.3,-185.9,0.1652,-187.4,-17.0,0,0.0,0.0,0.0000,6.52,4.44,-4.69,-4.64
1.8290,1.8223,6.8,0,-338.0,-549.2,1.3298,-333.2,-543.9,1.3652,-25.0,-119.7,-0.0000,-26.9,-182.5,0.1415,-183.7,-17.4,0,0.0,0.0,0.0000,7.21,5.31,-4.85,-4.81
1.8369,1.8309,6.0,0,-338.6,-550.7,1.3327,-333.4,-545.0,1.3652,-26.8,-128.4,0.0000,-25.7,-181.2,0.1297,-182.1,-17.8,0,0.0,0.0,0.0000,7.81,5.71,-4.98,-4.86
1.8449,1.8395,5.4,0,-339.3,-552.6,1.3358,-333.6,-546.1,1.3652,-28.5,-136.8,0.0000,-24.3,-178.6,0.1174,-179.3,-18.0,0,0.0,0.0,0.0000,8.58,4.57,-4.98,-4.65
1.8532,1.8473,5.9,0,-340.2,-554.1,1.3467,-333.8,-547.2,1.3652,-30.1,-144.1,-0.0000,-22.3,-177.9,0.0739,-178.4,-17.8,0,0.0,0.0,0.0000,8.72,3.34,-5.54,-4.60
1.8613,1.8598,1.4,0,-341.2,-556.1,1.3507,-334.2,-549.1,1.3652,-32.6,-156.4,-0.0000,-20.0,-175.6,0.0579,-175.7,-18.8,0,0.0,0.0,0.0000,8.93,3.15,-5.05,-4.38
1.8694,1.8648,4.6,0,-342.4,-558.0,1.3636,-334.4,-549.9,1.3652,-33.7,-161.5,-0.0000,-17.4,-173.6,0.0062,-173.5,-18.7,0,0.0,0.0,0.0000,8.85,3.73,-4.85,-5.07
1.8813,1.8811,0.2,0,-342.7,-559.2,1.3560,-335.0,-552.7,1.3652,-37.0,-177.3,-0.0000,-17.6,-176.2,0.0365,-175.9,-20.3,0,0.0,0.0,0.0000,10.03,4.86,-5.50,-5.83
1.8847,1.8816,3.1,0,-344.0,-561.1,1.3630,-335.0,-552.7,1.3652,-37.1,-177.8,0.0000,-14.3,-172.4,0.0088,-171.6,-21.6,0,0.0,0.0,0.0000,10.07,5.39,-5.10,-5.50
1.8932,1.8898,3.4,0,-344.9,-563.1,1.3695,-335.3,-554.2,1.3652,-38.6,-185.1,0.0000,-12.6,-171.0,-0.0175,-170.0,-21.9,0,0.0,0.0,0.0000,10.05,6.79,-5.36,-5.95
1.9005,1.8981,2.3,0,-345.6,-565.4,1.3767,-335.6,-555.8,1.3652,-40.5,-194.3,-0.0000,-11.1,-168.4,-0.0461,-167.4,-21.6,0,0.0,0.0,0.0000,9.51,7.05,-5.52,-6.02
1.9088,1.9065,2.2,0,-346.4,-567.2,1.3859,-336.0,-557.5,1.3652,-40.8,-195.7,0.0000,-9.9,-167.8,-0.0829,-166.7,-21.1,0,0.0,0.0,0.0000,9.42,6.90,-5.15,-6.12
1.9164,1.9151,1.3,0,-346.7,-570.5,1.3718,-336.3,-559.1,1.3652,-40.9,-196.0,-0.0000,-9.8,-162.5,-0.0264,-161.2,-22.6,0,0.0,0.0,0.0000,9.06,6.26,-5.53,-6.18
1.9249,1.9237,1.2,0,-347.8,-572.6,1.3870,-336.7,-560.8,1.3652,-40.8,-195.8,-0.0000,-7.5,-161.1,-0.0873,-159.7,-22.1,0,0.0,0.0,0.0000,10.22,7.11,-5.03,-6.63
1.9334,1.9320,1.4,0,-348.6,-574.2,1.3900,-337.0,-562.4,1.3652,-40.8,-195.8,-0.0000,-6.4,-161.4,-0.0992,-159.9,-22.7,0,0.0,0.0,0.0000,10.31,6.85,-5.62,-6.64
1.9406,1.9405,0.1,0,-348.6,-576.6,1.3884,-337.4,-564.1,1.3652,-40.8,-195.8,-0.0000,-7.1,-158.5,-0.0930,-157.2,-21.8,0,0.0,0.0,0.0000,10.08,6.57,-5.55,-7.44
1.9485,1.9405,8.0,0,-348.6,-576.6,1.3884,-337.4,-564.1,1.3652,-40.8,-195.8,-0.0000,-8.1,-163.1,-0.0930,-161.9,-21.7,0,0.0,0.0,0.0000,9.08,6.45,-5.94,-7.16
1.9571,1.9487,8.4,0,-349.2,-578.9,1.3913,-337.7,-565.7,1.3652,-40.8,-195.8,-0.0000,-7.3,-161.1,-0.1046,-159.8,-21.5,0,0.0,0.0,0.0000,8.60,6.61,-6.28,-7.19
1.9649,1.9622,2.6,0,-350.6,-580.7,1.4064,-338.3,-568.4,1.3652,-40.8,-195.8,-0.0000,-4.0,-160.3,-0.1648,-158.8,-22.3,0,0.0,0.0,0.0000,8.55,6.89,-6.06,-7.59
1.9725,1.9659,6.5,0,-350.7,-582.8,1.4097,-338.4,-569.1,1.3652,-40.8,-195.8,-0.0000,-4.8,-158.5,-0.1781,-157.3,-20.7,0,0.0,0.0,0.0000,8.25,6.32,-5.47,-7.77
1.9811,1.9745,6.6,0,-351.1,-585.0,1.3995,-338.8,-570.8,1.3652,-40.8,-195.8,-0.0000,-4.5,-156.9,-0.1373,-155.3,-22.3,0,0.0,0.0,0.0000,8.18,6.31,-5.98,-7.68
1.9890,1.9824,6.6,0,-351.4,-586.6,1.3992,-339.1,-572.3,1.3652,-40.8,-195.8,0.0000,-4.6,-156.9,-0.1361,-155.3,-22.2,0,0.0,0.0,0.0000,8.18,6.31,-5.98,-7.68
1.9973,1.9907,6.6,0,-351.7,-589.5,1.4089,-339.4,-573.9,1.3652,-40.8,-195.8,0.0000,-4.9,-152.9,-0.1749,-151.7,-19.8,0,0.0,0.0,0.0000,8.18,6.31,-5.98,-7.68
2.0045,1.9990,5.5,0,-351.6,-591.5,1.4014,-339.8,-575.6,1.3652,-40.8,-195.8,0.0000,-5.9,-151.1,-0.1448,-150.0,-19.7,0,0.0,0.0,0.0000,7.63,5.63,-5.24,-7.58
2.0134,2.0079,5.6,0,-352.5,-593.1,1.3980,-340.1,-577.3,1.3652,-40.8,-195.8,-0.0000,-4.4,-151.7,-0.1314,-150.2,-21.8,0,0.0,0.0,0.0000,6.24,5.19,-4.85,-7.37
2.0207,2.0164,4.3,0,-352.1,-595.6,1.4067,-340.5,-579.0,1.3652,-40.8,-195.8,0.0000,-6.4,-148.5,-0.1660,-147.6,-17.9,0,0.0,0.0,0.0000,5.79,5.47,-5.41,-7.15
2.0287,2.0252,3.4,0,-352.1,-597.4,1.3962,-340.8,-580.7,1.3652,-40.8,-195.8,-0.0000,-7.3,-147.6,-0.1241,-146.6,-18.4,0,0.0,0.0,0.0000,5.71,5.74,-5.12,-7.33
2.0373,2.0337,3.6,0,-352.5,-599.2,1.3869,-341.2,-582.4,1.3652,-40.8,-195.8,-0.0000,-7.4,-147.3,-0.0870,-146.2,-19.6,0,0.0,0.0,0.0000,5.99,5.55,-4.71,-7.51
2.0447,2.0420,2.7,0,-352.4,-600.6,1.3884,-341.5,-584.0,1.3652,-40.8,-195.8,0.0000,-8.6,-147.5,-0.0929,-146.7,-18.3,0,0.0,0.0,0.0000,5.52,5.51,-4.21,-7.55
2.0530,2.0507,2.3,0,-352.9,-601.5,1.3853,-341.9,-585.7,1.3652,-40.8,-195.8,-0.0000,-8.1,-149.7,-0.0807,-148.6,-19.7,0,0.0,0.0,0.0000,4.69,5.25,-4.07,-7.76
2.0604,2.0507,9.7,0,-352.9,-601.5,1.3853,-341.9,-585.7,1.3652,-40.8,-195.8,-0.0000,-9.0,-154.0,-0.0807,-153.0,-19.6,0,0.0,0.0,0.0000,4.81,5.15,-3.68,-7.19
2.0689,2.0675,1.4,0,-352.8,-605.5,1.3763,-342.6,-589.0,1.3652,-40.8,-195.8,0.0000,-10.4,-146.9,-0.0446,-146.2,-18.2,0,0.0,0.0,0.0000,4.50,5.16,-3.69,-6.57
2.0772,2.0757,1.5,0,-352.7,-606.6,1.3821,-342.9,-590.6,1.3652,-40.8,-195.8,0.0000,-11.7,-148.7,-0.0678,-148.2,-16.4,0,0.0,0.0,0.0000,3.76,5.16,-3.49,-6.73
2.0853,2.0840,1.2,0,-352.5,-608.2,1.3845,-343.2,-592.2,1.3652,-40.8,-195.8,0.0000,-13.1,-148.6,-0.0775,-148.4,-14.6,0,0.0,0.0,0.0000,3.46,5.03,-2.95,-6.38
2.0930,2.0840,9.0,0,-352.5,-608.2,1.3845,-343.2,-592.2,1.3652,-40.8,-195.8,0.0000,-14.0,-153.1,-0.0775,-153.1,-14.6,0,0.0,0.0,0.0000,3.07,4.57,-3.31,-6.06
2.1009,2.0951,5.8,0,-352.2,-609.9,1.3832,-343.7,-594.4,1.3652,-40.8,-195.8,0.0000,-16.1,-152.7,-0.0723,-153.0,-12.6,0,0.0,0.0,0.0000,2.74,4.71,-3.00,-6.37
2.1086,2.1009,7.6,0,-352.1,-611.1,1.3793,-343.9,-595.5,1.3652,-40.8,-195.8,-0.0000,-17.2,-153.5,-0.0567,-154.0,-12.3,0,0.0,0.0,0.0000,2.48,4.51,-2.55,-6.40
2.1173,2.1095,7.8,0,-351.6,-612.2,1.3744,-344.3,-597.2,1.3652,-40.8,-195.8,0.0000,-19.8,-155.4,-0.0371,-156.3,-10.9,0,0.0,0.0,0.0000,2.20,4.48,-2.73,-6.28
2.1248,2.1177,7.1,0,-351.0,-613.5,1.3809,-344.6,-598.8,1.3652,-40.8,-195.8,-0.0000,-22.4,-156.0,-0.0628,-157.4,-7.5,0,0.0,0.0,0.0000,2.52,4.40,-2.41,-6.03
2.1334,2.1291,4.3,0,-350.6,-614.6,1.3738,-345.1,-601.0,1.3652,-40.8,-195.8,-0.0000,-24.9,-157.7,-0.0345,-159.5,-6.4,0,0.0,0.0,0.0000,1.58,4.44,-1.76,-5.64
2.1410,2.1349,6.1,0,-350.2,-616.0,1.3816,-345.3,-602.2,1.3652,-40.8,-195.8,0.0000,-27.0,-157.8,-0.0657,-160.0,-3.2,0,0.0,0.0,0.0000,1.71,3.93,-1.69,-5.43
2.1494,2.1436,5.8,0,-349.3,-617.1,1.3712,-345.7,-603.9,1.3652,-40.8,-195.8,0.0000,-30.6,-159.4,-0.0243,-162.3,-1.6,0,0.0,0.0,0.0000,1.40,3.38,-1.74,-5.46
2.1565,2.1517,4.9,0,-348.9,-618.4,1.3707,-346.0,-605.5,1.3652,-40.8,-195.8,0.0000,-32.7,-159.9,-0.0224,-163.2,0.3,0,0.0,0.0,0.0000,1.61,4.13,-1.86,-5.41
2.1650,2.1517,13.3,0,-348.9,-618.4,1.3707,-346.0,-605.5,1.3652,-40.8,-195.8,0.0000,-33.7,-164.9,-0.0224,-168.3,0.3,0,0.0,0.0,0.0000,1.49,3.71,-1.79,-5.52
2.1732,2.1672,6.0,0,-348.5,-620.1,1.3547,-346.6,-608.5,1.3652,-40.8,-195.8,0.0000,-35.9,-164.4,0.0417,-168.3,-0.2,0,0.0,0.0,0.0000,1.19,3.47,-2.38,-5.81
2.1805,2.1771,3.4,0,-347.8,-620.9,1.3519,-347.0,-610.4,1.3652,-40.8,-195.8,-0.0000,-39.0,-166.4,0.0531,-170.9,1.9,0,0.0,0.0,0.0000,1.81,3.04,-1.98,-5.70
2.1891,2.1854,3.6,0,-347.5,-622.0,1.3449,-347.4,-612.1,1.3652,-40.8,-195.8,0.0000,-40.8,-168.3,0.0809,-173.1,2.1,0,0.0,0.0,0.0000,1.67,3.22,-2.07,-5.51
2.1970,2.1956,1.4,0,-347.4,-623.4,1.3511,-347.8,-614.1,1.3652,-40.8,-195.8,0.0000,-42.3,-168.5,0.0561,-173.7,4.5,0,0.0,0.0,0.0000,2.03,3.00,-1.68,-5.33
2.2051,2.2023,2.8,0,-347.5,-624.4,1.3439,-348.1,-615.4,1.3652,-40.8,-195.8,-0.0000,-43.0,-170.3,0.0852,-175.6,3.5,0,0.0,0.0,0.0000,1.88,3.08,-1.92,-4.92
2.2130,2.2105,2.5,0,-347.0,-625.1,1.3474,-348.4,-617.0,1.3652,-40.8,-195.8,0.0000,-45.4,-172.8,0.0710,-178.6,6.0,0,0.0,0.0,0.0000,1.49,3.19,-1.79,-4.57
2.2207,2.2193,1.4,0,-347.2,-625.9,1.3516,-348.8,-618.7,1.3652,-40.8,-195.8,0.0000,-45.6,-175.0,0.0541,-180.8,6.5,0,0.0,0.0,0.0000,1.72,3.06,-2.24,-4.05
2.2292,2.2291,0.1,0,-347.0,-626.8,1.3443,-349.2,-620.6,1.3652,-40.8,-195.8,-0.0000,-47.2,-177.4,0.0835,-183.4,6.1,0,0.0,0.0,0.0000,1.67,3.27,-2.29,-4.15
2.2373,2.2361,1.2,0,-347.4,-627.4,1.3457,-349.4,-622.0,1.3652,-40.8,-195.8,0.0000,-47.0,-180.4,0.0780,-186.3,5.5,0,0.0,0.0,0.0000,1.34,3.25,-2.29,-3.87
2.2447,2.2446,0.1,0,-346.9,-628.1,1.3404,-349.8,-623.6,1.3652,-40.8,-195.8,-0.0000,-49.6,-182.4,0.0992,-188.9,6.6,0,0.0,0.0,0.0000,2.11,3.07,-1.81,-3.88
2.2525,2.2446,8.0,0,-346.9,-628.1,1.3404,-349.8,-623.6,1.3652,-40.8,-195.8,-0.0000,-50.6,-187.0,0.0992,-193.6,6.5,0,0.0,0.0,0.0000,2.58,2.65,-2.00,-3.47
2.2614,2.2528,8.6,0,-346.7,-629.4,1.3397,-350.1,-625.3,1.3652,-40.8,-195.8,0.0000,-52.2,-188.5,0.1020,-195.4,7.7,0,0.0,0.0,0.0000,2.82,2.53,-2.01,-2.48
2.2689,2.2624,6.5,0,-346.8,-630.3,1.3438,-350.5,-627.1,1.3652,-40.8,-195.8,0.0000,-52.8,-190.2,0.0855,-197.2,8.7,0,0.0,0.0,0.0000,2.59,2.89,-2.11,-1.14
2.2765,2.2691,7.4,0,-347.1,-630.8,1.3390,-350.8,-628.4,1.3652,-40.8,-195.8,-0.0000,-52.9,-193.0,0.1046,-200.0,7.1,0,0.0,0.0,0.0000,2.91,3.04,-2.02,-0.38
2.2850,2.2786,6.4,0,-347.0,-631.9,1.3449,-351.2,-630.3,1.3652,-40.8,-195.8,0.0000,-54.1,-194.7,0.0811,-201.9,9.1,0,0.0,0.0,0.0000,2.97,2.63,-1.96,-0.17
2.2924,2.2867,5.7,0,-347.4,-632.6,1.3403,-351.5,-631.9,1.3652,-40.8,-195.8,0.0000,-53.8,-196.9,0.0993,-204.0,7.4,0,0.0,0.0,0.0000,3.55,2.44,-2.23,-1.48
2.3013,2.2953,5.9,0,-347.9,-633.4,1.3428,-351.9,-633.6,1.3652,-40.8,-195.8,0.0000,-53.5,-200.0,0.0896,-206.9,7.0,0,0.0,0.0,0.0000,2.95,2.60,-2.46,-3.81
2.3095,2.3037,5.8,0,-348.0,-633.7,1.3373,-352.2,-635.2,1.3652,-40.8,-195.8,0.0000,-54.1,-203.8,0.1114,-210.8,5.5,0,0.0,0.0,0.0000,3.46,2.51,-2.32,-3.66
2.3168,2.3123,4.5,0,-348.4,-634.3,1.3402,-352.6,-636.9,1.3652,-40.8,-195.8,-0.0000,-53.9,-206.2,0.0999,-213.1,5.3,0,0.0,0.0,0.0000,2.91,2.30,-2.83,-3.62
2.3249,2.3203,4.6,0,-349.2,-636.0,1.3298,-352.9,-638.5,1.3652,-40.8,-195.8,-0.0000,-52.4,-205.8,0.1416,-212.4,1.8,0,0.0,0.0,0.0000,3.19,2.00,-3.46,-3.66
2.3330,2.3292,3.8,0,-348.9,-636.6,1.3366,-353.2,-640.2,1.3652,-40.8,-195.8,-0.0000,-54.2,-208.8,0.1144,-215.7,4.2,0,0.0,0.0,0.0000,3.50,1.77,-3.31,-3.36
2.3409,2.3376,3.3,0,-350.1,-638.2,1.3218,-353.6,-641.9,1.3652,-40.8,-195.8,0.0000,-51.8,-208.8,0.1736,-215.1,-1.2,0,0.0,0.0,0.0000,3.76,2.11,-4.02,-3.76
2.3495,2.3480,1.4,0,-349.9,-639.1,1.3276,-354.0,-643.9,1.3652,-40.8,-195.8,0.0000,-53.5,-210.9,0.1504,-217.6,1.1,0,0.0,0.0,0.0000,3.69,2.38,-4.42,-4.36
2.3571,2.3544,2.7,0,-351.0,-640.2,1.3275,-354.3,-645.2,1.3652,-40.8,-195.8,-0.0000,-51.1,-212.3,0.1505,-218.4,-1.5,0,0.0,0.0,0.0000,3.85,2.50,-4.19,-4.23
2.3651,2.3628,2.3,0,-351.1,-641.1,1.3255,-354.6,-646.8,1.3652,-40.8,-195.8,-0.0000,-51.8,-214.4,0.1584,-220.5,-1.8,0,0.0,0.0,0.0000,4.42,3.31,-4.32,-5.04
2.3727,2.3715,1.2,0,-351.3,-642.2,1.3219,-355.0,-648.5,1.3652,-40.8,-195.8,-0.0000,-52.1,-215.3,0.1731,-221.5,-2.5,0,0.0,0.0,0.0000,5.08,3.50,-4.34,-5.21
2.3805,2.3779,2.6,0,-352.1,-644.1,1.3286,-355.2,-649.7,1.3652,-40.8,-195.8,-0.0000,-50.5,-214.2,0.1462,-220.0,-2.4,0,0.0,0.0,0.0000,4.83,3.74,-4.67,-5.31
2.3890,2.3879,1.1,0,-352.3,-645.2,1.3235,-355.6,-651.7,1.3652,-40.8,-195.8,0.0000,-50.8,-215.9,0.1665,-221.8,-3.5,0,0.0,0.0,0.0000,4.94,3.88,-4.69,-5.10
2.3966,2.3965,0.1,0,-352.9,-647.1,1.3320,-356.0,-653.4,1.3652,-40.8,-195.8,0.0000,-50.1,-214.7,0.1327,-220.4,-2.1,0,0.0,0.0,0.0000,5.56,3.85,-4.71,-5.08
2.4050,2.3965,8.4,0,-352.9,-647.1,1.3320,-356.0,-653.4,1.3652,-40.8,-195.8,0.0000,-51.1,-219.6,0.1327,-225.4,-2.3,0,0.0,0.0,0.0000,6.27,4.56,-4.91,-5.46
2.4136,2.4135,0.1,0,-353.5,-649.9,1.3320,-356.7,-656.7,1.3652,-40.8,-195.8,0.0000,-50.5,-216.4,0.1328,-222.2,-2.2,0,0.0,0.0,0.0000,6.36,4.10,-4.98,-5.48
2.4205,2.4135,7.0,0,-353.5,-649.9,1.3320,-356.7,-656.7,1.3652,-40.8,-195.8,0.0000,-51.3,-220.4,0.1328,-226.3,-2.3,0,0.0,0.0,0.0000,6.64,3.90,-4.92,-5.81
2.4293,2.4222,7.1,0,-354.6,-651.6,1.3284,-357.0,-658.4,1.3652,-40.8,-195.8,0.0000,-49.2,-220.4,0.1470,-225.7,-5.1,0,0.0,0.0,0.0000,7.24,4.13,-5.18,-5.67
2.4365,2.4303,6.2,0,-355.8,-653.0,1.3181,-357.4,-660.0,1.3652,-40.8,-195.8,-0.0000,-46.3,-220.5,0.1883,-225.1,-10.3,0,0.0,0.0,0.0000,7.03,4.28,-5.31,-5.52
2.4446,2.4388,5.8,0,-355.7,-654.4,1.3375,-357.7,-661.7,1.3652,-40.8,-195.8,0.0000,-47.7,-221.0,0.1105,-226.0,-4.7,0,0.0,0.0,0.0000,7.11,4.31,-5.19,-5.97
2.4528,2.4473,5.5,0,-356.8,-656.1,1.3186,-358.1,-663.3,1.3652,-40.8,-195.8,0.0000,-45.4,-220.7,0.1861,-225.0,-11.1,0,0.0,0.0,0.0000,7.13,5.21,-5.08,-6.24
2.4611,2.4556,5.5,0,-357.3,-658.1,1.3176,-358.4,-665.0,1.3652,-40.8,-195.8,0.0000,-44.9,-219.6,0.1901,-223.9,-11.5,0,0.0,0.0,0.0000,7.24,5.81,-5.47,-5.87
2.4684,2.4640,4.4,0,-357.6,-660.0,1.3260,-358.8,-666.6,1.3652,-40.8,-195.8,-0.0000,-44.9,-218.1,0.1565,-222.5,-9.3,0,0.0,0.0,0.0000,7.05,6.94,-5.51,-5.90
2.4768,2.4723,4.5,0,-357.7,-661.6,1.3251,-359.1,-668.2,1.3652,-40.8,-195.8,-0.0000,-45.5,-218.3,0.1603,-222.8,-9.0,0,0.0,0.0,0.0000,8.35,7.15,-5.07,-6.32
2.4844,2.4811,3.3,0,-359.1,-664.7,1.3360,-359.4,-670.0,1.3652,-40.8,-195.8,0.0000,-42.3,-213.5,0.1166,-217.5,-8.6,0,0.0,0.0,0.0000,8.16,6.47,-5.33,-6.60
2.4940,2.4915,2.5,0,-359.5,-666.0,1.3398,-359.9,-672.0,1.3652,-40.8,-195.8,0.0000,-42.3,-215.3,0.1016,-219.3,-8.2,0,0.0,0.0,0.0000,8.95,6.39,-5.31,-6.36
2.5007,2.4993,1.4,0,-360.2,-667.7,1.3406,-360.2,-673.5,1.3652,-40.8,-195.8,0.0000,-41.1,-214.0,0.0984,-217.7,-8.8,0,0.0,0.0,0.0000,8.50,5.69,-5.85,-6.34
2.5094,2.5068,2.6,0,-361.4,-670.3,1.3393,-360.5,-675.0,1.3652,-40.8,-195.8,-0.0000,-38.4,-211.5,0.1033,-214.6,-11.1,0,0.0,0.0,0.0000,6.96,6.09,-6.41,-6.71
2.5165,2.5152,1.2,0,-362.1,-672.2,1.3493,-360.8,-676.6,1.3652,-40.8,-195.8,0.0000,-37.2,-209.8,0.0634,-212.8,-9.8,0,0.0,0.0,0.0000,8.51,6.57,-6.46,-6.79
2.5249,2.5233,1.6,0,-362.3,-673.7,1.3538,-361.2,-678.2,1.3652,-40.8,-195.8,-0.0000,-37.8,-210.2,0.0456,-213.4,-8.4,0,0.0,0.0,0.0000,8.67,6.83,-5.83,-6.62
2.5331,2.5318,1.4,0,-363.1,-675.4,1.3404,-361.5,-679.9,1.3652,-40.8,-195.8,-0.0000,-36.2,-209.9,0.0992,-212.6,-12.7,0,0.0,0.0,0.0000,8.17,7.18,-6.17,-7.09
2.5406,2.5405,0.1,0,-364.4,-678.5,1.3424,-361.9,-681.6,1.3652,-40.8,-195.8,-0.0000,-33.1,-205.1,0.0912,-207.3,-14.2,0,0.0,0.0,0.0000,8.64,6.65,-6.43,-6.80
2.5487,2.5486,0.1,0,-364.9,-680.1,1.3584,-362.2,-683.2,1.3652,-40.8,-195.8,-0.0000,-32.8,-204.9,0.0270,-207.3,-11.2,0,0.0,0.0,0.0000,8.97,6.94,-6.35,-7.28
2.5565,2.5486,7.9,0,-364.9,-680.1,1.3584,-362.2,-683.2,1.3652,-40.8,-195.8,-0.0000,-33.7,-209.6,0.0270,-212.0,-11.2,0,0.0,0.0,0.0000,9.10,6.56,-6.09,-6.82
2.5656,2.5654,0.2,0,-366.2,-685.2,1.3530,-362.9,-686.5,1.3652,-40.8,-195.8,0.0000,-30.9,-199.6,0.0486,-201.5,-13.0,0,0.0,0.0,0.0000,9.60,6.64,-5.89,-7.04
2.5732,2.5654,7.7,0,-366.2,-685.2,1.3530,-362.9,-686.5,1.3652,-40.8,-195.8,0.0000,-31.8,-204.0,0.0486,-206.1,-13.0,0,0.0,0.0,0.0000,7.90,6.68,-6.29,-7.14
2.5814,2.5746,6.8,0,-366.9,-687.0,1.3610,-363.3,-688.3,1.3652,-40.8,-195.8,-0.0000,-30.9,-203.5,0.0168,-205.5,-12.2,0,0.0,0.0,0.0000,8.10,6.69,-6.11,-6.41
2.5884,2.5827,5.8,0,-367.0,-689.2,1.3629,-363.6,-689.8,1.3652,-40.8,-195.8,-0.0000,-31.2,-200.9,0.0091,-203.1,-11.0,0,0.0,0.0,0.0000,8.78,7.23,-4.80,-7.22
2.5972,2.5907,6.4,0,-367.6,-691.3,1.3598,-363.9,-691.4,1.3652,-40.8,-195.8,-0.0000,-30.6,-199.9,0.0216,-201.9,-11.9,0,0.0,0.0,0.0000,8.47,7.28,-2.25,-7.19
2.6055,2.5998,5.8,0,-368.2,-693.4,1.3665,-364.3,-693.2,1.3652,-40.8,-195.8,0.0000,-29.7,-198.4,-0.0053,-200.3,-11.2,0,0.0,0.0,0.0000,8.32,7.27,-1.63,-6.94
2.6125,2.6081,4.4,0,-369.0,-694.8,1.3709,-364.6,-694.8,1.3652,-40.8,-195.8,0.0000,-28.4,-198.3,-0.0228,-200.0,-11.6,0,0.0,0.0,0.0000,8.57,6.72,-5.10,-6.86
2.6211,2.6162,4.9,0,-369.9,-697.4,1.3817,-365.0,-696.4,1.3652,-40.8,-195.8,0.0000,-26.7,-195.5,-0.0661,-197.1,-10.5,0,0.0,0.0,0.0000,7.84,6.45,-6.23,-6.87
2.6294,2.6257,3.8,0,-370.7,-699.4,1.3748,-365.4,-698.3,1.3652,-40.8,-195.8,0.0000,-25.3,-194.6,-0.0384,-195.8,-13.1,0,0.0,0.0,0.0000,8.18,6.18,-5.79,-7.05
2.6367,2.6333,3.4,0,-370.8,-701.1,1.3733,-365.7,-699.8,1.3652,-40.8,-195.8,0.0000,-25.9,-193.9,-0.0325,-195.2,-12.7,0,0.0,0.0,0.0000,7.93,6.25,-5.74,-6.86
2.6452,2.6416,3.6,0,-371.7,-703.9,1.3682,-366.0,-701.4,1.3652,-40.8,-195.8,0.0000,-24.3,-190.4,-0.0120,-191.4,-14.5,0,0.0,0.0,0.0000,6.84,6.29,-6.35,-6.75
2.6534,2.6504,3.0,0,-371.9,-706.1,1.3660,-366.4,-703.1,1.3652,-40.8,-195.8,-0.0000,-24.6,-188.7,-0.0033,-189.7,-14.3,0,0.0,0.0,0.0000,7.18,6.30,-5.72,-6.90
2.6613,2.6588,2.4,0,-372.2,-707.3,1.3735,-366.7,-704.8,1.3652,-40.8,-195.8,0.0000,-24.7,-189.5,-0.0336,-190.6,-12.9,0,0.0,0.0,0.0000,7.38,6.35,-5.49,-6.76
2.6693,2.6668,2.4,0,-372.5,-709.9,1.3729,-367.0,-706.3,1.3652,-40.8,-195.8,-0.0000,-24.9,-186.5,-0.0310,-187.8,-12.3,0,0.0,0.0,0.0000,7.68,6.05,-5.90,-6.50
2.6765,2.6668,9.7,0,-372.5,-709.9,1.3729,-367.0,-706.3,1.3652,-40.8,-195.8,-0.0000,-25.7,-190.8,-0.0310,-192.1,-12.3,0,0.0,0.0,0.0000,6.88,5.36,-5.36,-6.61
2.6851,2.6839,1.2,0,-373.1,-713.5,1.3716,-367.7,-709.7,1.3652,-40.8,-195.8,-0.0000,-24.8,-185.1,-0.0260,-186.3,-12.3,0,0.0,0.0,0.0000,6.75,4.71,-5.64,-7.03
2.6928,2.6927,0.1,0,-373.5,-715.2,1.3676,-368.1,-711.4,1.3652,-40.8,-195.8,0.0000,-24.7,-184.3,-0.0099,-185.5,-13.0,0,0.0,0.0,0.0000,6.52,5.33,-5.06,-6.93
2.7006,2.6927,7.9,0,-373.5,-715.2,1.3676,-368.1,-711.4,1.3652,-40.8,-195.8,0.0000,-25.6,-188.9,-0.0099,-190.2,-13.0,0,0.0,0.0,0.0000,5.45,5.92,-5.81,-6.92
2.7086,2.7011,7.5,0,-373.6,-716.4,1.3664,-368.4,-713.0,1.3652,-40.8,-195.8,-0.0000,-26.4,-189.9,-0.0050,-191.3,-12.7,0,0.0,0.0,0.0000,4.42,4.91,-5.21,-6.80
2.7175,2.7093,8.2,0,-373.7,-719.3,1.3618,-368.8,-714.6,1.3652,-40.8,-195.8,-0.0000,-27.0,-186.6,0.0134,-188.1,-12.3,0,0.0,0.0,0.0000,4.32,4.96,-4.52,-6.50
2.7255,2.7177,7.8,0,-374.1,-720.5,1.3619,-369.1,-716.3,1.3652,-40.8,-195.8,0.0000,-26.8,-187.7,0.0131,-189.1,-12.8,0,0.0,0.0,0.0000,5.09,5.12,-4.35,-5.88
2.7330,2.7265,6.5,0,-374.6,-721.3,1.3636,-369.5,-718.0,1.3652,-40.8,-195.8,-0.0000,-26.1,-189.6,0.0062,-190.9,-13.4,0,0.0,0.0,0.0000,4.86,5.32,-4.34,-6.56
2.7410,2.7344,6.5,0,-374.8,-723.9,1.3661,-369.8,-719.6,1.3652,-40.8,-195.8,0.0000,-26.5,-186.5,-0.0037,-188.0,-12.0,0,0.0,0.0,0.0000,4.79,4.96,-3.98,-6.60
2.7493,2.7433,6.0,0,-374.8,-725.4,1.3668,-370.2,-721.3,1.3652,-40.8,-195.8,-0.0000,-27.5,-187.0,-0.0064,-188.7,-11.0,0,0.0,0.0,0.0000,5.03,5.34,-4.26,-6.40
2.7564,2.7520,4.4,0,-375.4,-726.6,1.3672,-370.5,-723.0,1.3652,-40.8,-195.8,0.0000,-26.6,-187.5,-0.0081,-189.0,-11.9,0,0.0,0.0,0.0000,5.04,5.06,-4.15,-6.27
2.7650,2.7601,4.9,0,-375.5,-727.8,1.3615,-370.8,-724.6,1.3652,-40.8,-195.8,0.0000,-27.3,-189.0,0.0148,-190.6,-12.5,0,0.0,0.0,0.0000,4.71,4.27,-4.53,-5.80
2.7734,2.7686,4.8,0,-375.7,-729.1,1.3554,-371.2,-726.2,1.3652,-40.8,-195.8,0.0000,-28.0,-190.0,0.0390,-191.6,-13.2,0,0.0,0.0,0.0000,4.31,4.44,-4.17,-5.79
2.7813,2.7812,0.1,0,-376.2,-731.1,1.3610,-371.7,-728.7,1.3652,-40.8,-195.8,0.0000,-27.3,-188.8,0.0164,-190.3,-12.6,0,0.0,0.0,0.0000,4.11,4.00,-3.22,-5.73
2.7887,2.7853,3.4,0,-376.1,-732.6,1.3648,-371.9,-729.5,1.3652,-40.8,-195.8,-0.0000,-28.7,-188.6,0.0015,-190.5,-10.5,0,0.0,0.0,0.0000,4.56,4.29,-3.35,-5.38
2.7967,2.7940,2.7,0,-375.9,-733.7,1.3631,-372.2,-731.2,1.3652,-40.8,-195.8,-0.0000,-30.1,-190.0,0.0082,-192.1,-9.7,0,0.0,0.0,0.0000,4.12,4.21,-3.54,-5.26
2.8051,2.8026,2.5,0,-376.0,-734.5,1.3593,-372.6,-732.9,1.3652,-40.8,-195.8,0.0000,-30.8,-192.4,0.0234,-194.5,-10.3,0,0.0,0.0,0.0000,4.28,4.63,-3.42,-4.96
2.8131,2.8106,2.5,0,-376.2,-735.5,1.3593,-372.9,-734.5,1.3652,-40.8,-195.8,-0.0000,-31.2,-194.0,0.0235,-196.2,-10.3,0,0.0,0.0,0.0000,3.05,3.98,-3.03,-5.16
2.8210,2.8196,1.5,0,-376.6,-737.6,1.3535,-373.3,-736.2,1.3652,-40.8,-195.8,0.0000,-30.9,-192.4,0.0466,-194.5,-11.3,0,0.0,0.0,0.0000,4.12,4.21,-3.16,-5.10
2.8295,2.8281,1.4,0,-376.5,-738.9,1.3578,-373.6,-737.9,1.3652,-40.8,-195.8,0.0000,-32.3,-193.5,0.0295,-195.9,-9.3,0,0.0,0.0,0.0000,3.97,3.99,-3.06,-5.13
2.8373,2.8361,1.3,0,-376.0,-740.4,1.3562,-373.9,-739.5,1.3652,-40.8,-195.8,0.0000,-34.8,-193.8,0.0358,-196.8,-7.2,0,0.0,0.0,0.0000,3.49,4.10,-3.07,-5.08
2.8448,2.8447,0.1,0,-376.3,-741.1,1.3612,-374.3,-741.1,1.3652,-40.8,-195.8,0.0000,-35.0,-195.9,0.0158,-198.9,-6.6,0,0.0,0.0,0.0000,3.71,3.48,-3.26,-4.98
2.8525,2.8447,7.8,0,-376.3,-741.1,1.3612,-374.3,-741.1,1.3652,-40.8,-195.8,0.0000,-35.9,-200.4,0.0158,-203.5,-6.6,0,0.0,0.0,0.0000,3.52,3.76,-3.16,-4.77
2.8604,2.8529,7.5,0,-376.6,-741.8,1.3530,-374.6,-742.7,1.3652,-40.8,-195.8,-0.0000,-36.0,-203.1,0.0485,-206.1,-8.8,0,0.0,0.0,0.0000,3.61,3.43,-3.47,-4.77
2.8690,2.8633,5.7,0,-376.7,-742.6,1.3524,-375.1,-744.8,1.3652,-40.8,-195.8,-0.0000,-36.5,-205.6,0.0511,-208.6,-8.9,0,0.0,0.0,0.0000,3.68,3.26,-3.18,-5.17
2.8766,2.8706,6.0,0,-376.7,-744.8,1.3426,-375.4,-746.2,1.3652,-40.8,-195.8,-0.0000,-37.5,-203.7,0.0903,-206.9,-9.5,0,0.0,0.0,0.0000,3.49,3.06,-3.23,-4.92
2.8851,2.8786,6.4,0,-376.9,-746.0,1.3373,-375.7,-747.8,1.3652,-40.8,-195.8,-0.0000,-37.9,-205.1,0.1115,-208.3,-10.5,0,0.0,0.0,0.0000,2.73,3.39,-3.10,-4.71
2.8930,2.8867,6.3,0,-377.1,-747.2,1.3508,-376.0,-749.4,1.3652,-40.8,-195.8,-0.0000,-38.4,-206.1,0.0574,-209.5,-7.5,0,0.0,0.0,0.0000,3.02,3.47,-3.29,-5.13
2.9012,2.8976,3.6,0,-376.9,-747.8,1.3490,-376.5,-751.5,1.3652,-40.8,-195.8,0.0000,-39.9,-209.0,0.0646,-212.7,-7.0,0,0.0,0.0,0.0000,2.75,3.56,-3.24,-4.90
2.9084,2.9040,4.4,0,-377.2,-748.7,1.3448,-376.7,-752.8,1.3652,-40.8,-195.8,-0.0000,-40.0,-210.4,0.0815,-214.0,-8.2,0,0.0,0.0,0.0000,3.59,4.10,-3.21,-4.92
2.9174,2.9119,5.4,0,-377.1,-749.5,1.3427,-377.0,-754.3,1.3652,-40.8,-195.8,-0.0000,-41.3,-213.4,0.0899,-217.2,-8.1,0,0.0,0.0,0.0000,3.94,3.69,-3.11,-4.40
2.9248,2.9204,4.5,0,-377.6,-752.1,1.3324,-377.4,-756.0,1.3652,-40.8,-195.8,0.0000,-40.6,-209.9,0.1311,-213.5,-10.1,0,0.0,0.0,0.0000,3.34,4.40,-2.63,-4.52
2.9325,2.9312,1.3,0,-378.0,-752.9,1.3374,-377.8,-758.1,1.3652,-40.8,-195.8,-0.0000,-40.4,-212.0,0.1112,-215.6,-9.7,0,0.0,0.0,0.0000,2.22,4.42,-2.80,-4.36
2.9407,2.9373,3.4,0,-377.6,-754.0,1.3398,-378.1,-759.3,1.3652,-40.8,-195.8,0.0000,-42.7,-213.6,0.1015,-217.7,-7.3,0,0.0,0.0,0.0000,1.16,3.94,-2.45,-4.15
2.9494,2.9458,3.6,0,-377.8,-755.0,1.3454,-378.4,-760.9,1.3652,-40.8,-195.8,-0.0000,-43.1,-215.8,0.0791,-219.9,-6.2,0,0.0,0.0,0.0000,2.07,4.63,-2.94,-4.27
2.9575,2.9545,3.0,0,-377.8,-756.5,1.3402,-378.8,-762.6,1.3652,-40.8,-195.8,-0.0000,-44.0,-216.1,0.0999,-220.4,-6.6,0,0.0,0.0,0.0000,3.94,4.26,-3.02,-4.29
2.9653,2.9642,1.1,0,-378.5,-758.1,1.3399,-379.2,-764.5,1.3652,-40.8,-195.8,0.0000,-43.1,-215.8,0.1010,-219.9,-7.5,0,0.0,0.0,0.0000,4.44,4.25,-3.00,-4.16
2.9734,2.9711,2.3,0,-379.1,-759.5,1.3429,-379.5,-765.9,1.3652,-40.8,-195.8,0.0000,-42.1,-216.4,0.0892,-220.3,-7.9,0,0.0,0.0,0.0000,4.81,3.83,-3.33,-4.17
2.9810,2.9796,1.4,0,-379.0,-760.4,1.3529,-379.8,-767.6,1.3652,-40.8,-195.8,-0.0000,-43.4,-218.1,0.0489,-222.3,-4.8,0,0.0,0.0,0.0000,4.59,4.26,-3.91,-4.77
2.9891,2.9864,2.7,0,-379.6,-761.9,1.3516,-380.1,-768.9,1.3652,-40.8,-195.8,-0.0000,-42.5,-218.3,0.0543,-222.3,-6.0,0,0.0,0.0,0.0000,5.20,5.07,-3.84,-4.86
2.9976,2.9864,11.2,0,-379.6,-761.9,1.3516,-380.1,-768.9,1.3652,-40.8,-195.8,-0.0000,-43.6,-223.3,0.0543,-227.4,-6.0,0,0.0,0.0,0.0000,5.54,4.94,-3.71,-4.53
3.0049,3.0048,0.1,0,-380.0,-765.5,1.3512,-380.8,-772.5,1.3652,-40.8,-195.8,-0.0000,-43.4,-216.9,0.0558,-221.2,-4.9,0,0.0,0.0,0.0000,6.02,5.17,-3.47,-4.60
3.0134,3.0048,8.6,0,-380.0,-765.5,1.3512,-380.8,-772.5,1.3652,-40.8,-195.8,-0.0000,-44.4,-221.9,0.0558,-226.2,-5.0,0,0.0,0.0,0.0000,5.88,5.60,-3.94,-4.81
3.0206,3.0136,7.0,0,-380.4,-766.8,1.3607,-381.2,-774.2,1.3652,-40.8,-195.8,0.0000,-44.0,-222.1,0.0177,-226.4,-3.2,0,0.0,0.0,0.0000,6.48,5.32,-3.72,-4.67
3.0287,3.0222,6.5,0,-380.7,-768.0,1.3663,-381.5,-775.9,1.3652,-40.8,-195.8,-0.0000,-44.1,-223.3,-0.0046,-227.6,-2.2,0,0.0,0.0,0.0000,6.59,5.40,-3.75,-5.04
3.0374,3.0314,6.0,0,-380.8,-769.5,1.3665,-381.9,-777.7,1.3652,-40.8,-195.8,-0.0000,-44.9,-223.9,-0.0056,-228.3,-1.5,0,0.0,0.0,0.0000,6.84,5.43,-4.07,-5.11
3.0445,3.0389,5.6,0,-380.7,-772.0,1.3706,-382.2,-779.2,1.3652,-40.8,-195.8,0.0000,-46.1,-220.5,-0.0217,-225.2,1.3,0,0.0,0.0,0.0000,6.31,5.46,-4.00,-5.35
3.0532,3.0474,5.7,0,-381.2,-773.7,1.3660,-382.6,-780.8,1.3652,-40.8,-195.8,-0.0000,-45.7,-220.6,-0.0033,-225.2,-0.1,0,0.0,0.0,0.0000,6.51,5.23,-4.06,-5.41
3.0612,3.0554,5.7,0,-382.0,-774.4,1.3651,-382.9,-782.4,1.3652,-40.8,-195.8,0.0000,-44.2,-223.1,0.0001,-227.4,-2.3,0,0.0,0.0,0.0000,7.25,5.68,-4.73,-5.75
3.0685,3.0646,3.9,0,-382.2,-775.8,1.3742,-383.3,-784.2,1.3652,-40.8,-195.8,0.0000,-44.5,-223.2,-0.0361,-227.6,0.1,0,0.0,0.0,0.0000,6.75,6.01,-4.87,-6.16
3.0772,3.0729,4.3,0,-382.0,-779.1,1.3758,-383.6,-785.8,1.3652,-40.8,-195.8,-0.0000,-46.3,-218.5,-0.0426,-223.3,3.1,0,0.0,0.0,0.0000,6.75,6.18,-5.07,-6.29
3.0844,3.0810,3.4,0,-382.5,-780.5,1.3770,-383.9,-787.4,1.3652,-40.8,-195.8,0.0000,-45.5,-218.4,-0.0472,-223.1,2.6,0,0.0,0.0,0.0000,6.82,6.07,-5.08,-6.57
3.0935,3.0888,4.7,0,-383.3,-781.9,1.3755,-384.3,-788.9,1.3652,-40.8,-195.8,-0.0000,-44.5,-219.8,-0.0414,-224.2,1.0,0,0.0,0.0,0.0000,6.71,5.92,-4.81,-6.83
3.1005,3.0982,2.3,0,-383.3,-785.2,1.3820,-384.6,-790.8,1.3652,-40.8,-195.8,-0.0000,-45.1,-213.7,-0.0674,-218.3,4.2,0,0.0,0.0,0.0000,7.09,5.97,-5.17,-6.82
3.1090,3.1065,2.5,0,-384.3,-786.6,1.3777,-385.0,-792.4,1.3652,-40.8,-195.8,-0.0000,-43.4,-215.7,-0.0500,-220.0,1.2,0,0.0,0.0,0.0000,7.52,5.78,-5.78,-6.83
3.1173,3.1147,2.6,0,-384.0,-788.0,1.3669,-385.3,-794.0,1.3652,-40.8,-195.8,0.0000,-44.3,-211.3,-0.0069,-215.9,0.6,0,0.0,0.0,0.0000,7.09,5.72,-6.15,-6.81
3.1247,3.1235,1.2,0,-384.9,-790.2,1.3760,-385.7,-795.7,1.3652,-40.8,-195.8,0.0000,-41.4,-203.9,-0.0433,-208.1,1.2,0,0.0,0.0,0.0000,7.52,5.99,-6.07,-7.44
3.1330,3.1318,1.2,0,-385.3,-792.5,1.3741,-386.0,-797.3,1.3652,-40.8,-195.8,0.0000,-39.7,-193.8,-0.0358,-197.8,1.1,0,0.0,0.0,0.0000,7.65,6.40,-5.76,-6.97
3.1416,3.1402,1.4,0,-385.8,-794.4,1.3715,-386.4,-799.0,1.3652,-40.8,-195.8,-0.0000,-37.2,-184.1,-0.0254,-187.8,0.0,0,0.0,0.0,0.0000,7.14,6.27,-5.67,-7.54
3.1488,3.1487,0.1,0,-386.5,-796.7,1.3750,-386.7,-800.7,1.3652,-40.8,-195.8,-0.0000,-34.6,-174.4,-0.0393,-177.8,0.0,0,0.0,0.0,0.0000,7.35,4.78,-5.83,-7.38
3.1570,3.1569,0.1,0,-386.8,-798.6,1.3621,-387.0,-802.3,1.3652,-40.8,-195.8,-0.0000,-33.1,-165.9,0.0121,-169.2,-2.0,0,0.0,0.0,0.0000,7.08,2.56,-5.95,-7.12
3.1647,3.1569,7.8,0,-386.8,-798.6,1.3621,-387.0,-802.3,1.3652,-40.8,-195.8,-0.0000,-32.5,-162.8,0.0121,-166.0,-2.0,0,0.0,0.0,0.0000,7.50,2.10,-5.38,-6.91
3.1738,3.1658,8.0,0,-386.9,-800.8,1.3665,-387.4,-804.0,1.3652,-40.8,-195.8,0.0000,-31.4,-152.5,-0.0054,-155.7,-0.2,0,0.0,0.0,0.0000,7.77,4.17,-6.37,-7.45
3.1805,3.1740,6.4,0,-387.4,-801.9,1.3689,-387.7,-805.6,1.3652,-40.9,-195.8,-0.0000,-29.3,-146.4,-0.0149,-149.3,-0.6,0,0.0,0.0,0.0000,7.60,4.23,-6.60,-7.26
3.1894,3.1829,6.6,0,-388.2,-804.8,1.3744,-388.1,-807.4,1.3652,-40.8,-195.8,-0.0000,-26.2,-134.2,-0.0368,-136.7,-0.5,0,0.0,0.0,0.0000,7.48,4.55,-5.98,-6.86
3.1974,3.1912,6.2,0,-388.7,-806.8,1.3741,-388.4,-809.0,1.3652,-41.1,-196.8,0.0000,-24.1,-125.0,-0.0358,-127.3,-0.8,0,0.0,0.0,0.0000,6.67,4.35,-6.12,-7.13
3.2052,3.1994,5.7,0,-389.5,-808.0,1.3696,-388.8,-810.6,1.3652,-40.6,-194.5,0.0000,-20.9,-118.7,-0.0176,-120.5,-3.2,0,0.0,0.0,0.0000,6.95,4.96,-6.86,-6.48
3.2134,3.2076,5.8,0,-390.0,-809.6,1.3614,-389.1,-812.2,1.3652,-39.2,-187.9,-0.0000,-18.7,-110.3,0.0151,-111.8,-4.6,0,0.0,0.0,0.0000,6.12,5.20,-6.92,-6.90
3.2209,3.2163,4.6,0,-390.3,-812.7,1.3730,-389.4,-813.8,1.3652,-37.7,-180.6,-0.0000,-17.1,-97.6,-0.0312,-99.1,-2.4,0,0.0,0.0,0.0000,6.85,5.27,-6.48,-6.97
3.2292,3.2248,4.5,0,-391.1,-814.1,1.3687,-389.8,-815.3,1.3652,-35.7,-171.4,-0.0000,-13.9,-89.7,-0.0141,-90.7,-4.3,0,0.0,0.0,0.0000,7.13,5.11,-6.13,-6.65
3.2364,3.2330,3.4,0,-390.8,-815.4,1.3614,-390.0,-816.6,1.3652,-34.1,-163.4,-0.0000,-14.1,-82.5,0.0151,-83.6,-3.4,0,0.0,0.0,0.0000,6.12,5.48,-5.53,-6.36
3.2454,3.2416,3.8,0,-392.2,-817.2,1.3652,-390.3,-818.0,1.3652,-32.4,-155.4,-0.0000,-8.9,-72.5,0.0000,-72.8,-6.1,0,0.0,0.0,0.0000,6.80,5.26,-5.62,-5.83
3.2528,3.2503,2.6,0,-392.6,-820.0,1.3657,-390.6,-819.3,1.3652,-30.6,-146.8,-0.0000,-6.9,-60.0,-0.0022,-60.2,-5.5,0,0.0,0.0,0.0000,6.61,5.03,-5.16,-5.83
3.2609,3.2584,2.5,0,-392.7,-821.1,1.3657,-390.8,-820.5,1.3652,-28.9,-138.7,0.0000,-5.6,-52.1,-0.0021,-52.1,-5.2,0,0.0,0.0,0.0000,6.34,4.80,-5.08,-5.63
3.2684,3.2670,1.4,0,-392.8,-822.4,1.3635,-391.1,-821.6,1.3652,-27.1,-130.1,0.0000,-4.4,-43.6,0.0067,-43.6,-4.7,0,0.0,0.0,0.0000,5.87,4.26,-4.83,-5.88
3.2769,3.2757,1.2,0,-393.0,-823.8,1.3659,-391.3,-822.7,1.3652,-25.3,-121.4,0.0000,-2.8,-34.3,-0.0030,-34.1,-4.3,0,0.0,0.0,0.0000,4.98,4.52,-4.42,-5.71
3.2844,3.2757,8.8,0,-393.0,-823.8,1.3659,-391.3,-822.7,1.3652,-25.3,-121.4,0.0000,-1.8,-29.9,-0.0030,-29.7,-4.3,0,0.0,0.0,0.0000,4.89,4.57,-4.01,-4.98
3.2934,3.2920,1.4,0,-393.6,-827.0,1.3639,-391.7,-824.6,1.3652,-22.1,-105.9,-0.0000,1.3,-14.5,0.0048,-13.9,-4.2,0,0.0,0.0,0.0000,4.39,4.53,-3.77,-4.76
3.3008,3.3007,0.1,0,-393.5,-828.3,1.3656,-391.9,-825.5,1.3652,-20.3,-97.2,-0.0000,2.5,-3.4,-0.0019,-2.8,-3.1,0,0.0,0.0,0.0000,4.48,4.33,-3.67,-4.61
3.3084,3.3007,7.8,0,-393.5,-828.3,1.3656,-391.9,-825.5,1.3652,-20.3,-97.2,-0.0000,2.7,-2.6,-0.0019,-2.0,-3.1,0,0.0,0.0,0.0000,3.83,4.23,-2.86,-4.40
3.3177,3.3163,1.4,0,-393.7,-830.1,1.3685,-392.2,-826.9,1.3652,-17.1,-82.0,-0.0000,4.6,9.4,-0.0132,10.2,-2.6,0,0.0,0.0,0.0000,3.38,3.36,-2.47,-3.39
3.3245,3.3163,8.2,0,-393.7,-830.1,1.3685,-392.2,-826.9,1.3652,-17.1,-82.0,-0.0000,4.3,7.9,-0.0132,8.6,-2.6,0,0.0,0.0,0.0000,2.72,3.46,-1.96,-3.17
3.3335,3.3260,7.5,0,-393.5,-831.3,1.3742,-392.3,-827.6,1.3652,-15.2,-72.7,-0.0000,3.3,9.5,-0.0360,10.0,-1.3,0,0.0,0.0,0.0000,3.15,2.61,-1.62,-3.23
3.3414,3.3344,7.0,0,-393.5,-832.5,1.3616,-392.5,-828.2,1.3652,-13.4,-64.3,0.0000,2.8,11.7,0.0141,12.0,-0.3,0,0.0,0.0,0.0000,2.73,3.43,-1.31,-2.83
3.3492,3.3426,6.6,0,-393.3,-833.1,1.3626,-392.6,-828.7,1.3652,-11.7,-56.1,-0.0000,2.1,12.3,0.0104,12.5,0.5,0,0.0,0.0,0.0000,2.13,3.55,-0.87,-2.30
3.3571,3.3511,6.0,0,-393.1,-833.3,1.3773,-392.6,-829.1,1.3652,-9.9,-47.6,0.0000,1.1,11.6,-0.0484,11.6,1.1,0,0.0,0.0,0.0000,1.24,2.34,-0.01,-1.41
3.3655,3.3598,5.7,0,-393.1,-834.0,1.3724,-392.7,-829.5,1.3652,-8.1,-39.1,0.0000,0.9,12.8,-0.0291,12.7,1.6,0,0.0,0.0,0.0000,1.30,2.32,-0.06,-0.67
3.3730,3.3683,4.6,0,-392.9,-834.2,1.3731,-392.8,-829.8,1.3652,-6.5,-31.1,-0.0000,0.4,12.9,-0.0316,12.7,2.2,0,0.0,0.0,0.0000,0.96,2.04,0.76,-0.32
3.3815,3.3779,3.6,0,-392.5,-834.0,1.3752,-392.8,-830.0,1.3652,-4.5,-21.8,-0.0000,-0.9,11.6,-0.0402,11.2,3.2,0,0.0,0.0,0.0000,0.58,1.79,1.33,0.05
3.3893,3.3853,4.0,0,-392.4,-833.9,1.3823,-392.9,-830.2,1.3652,-2.6,-12.2,-0.0000,-1.3,10.9,-0.0687,10.5,3.4,0,0.0,0.0,0.0000,-0.27,1.40,1.60,0.67
3.3974,3.3940,3.3,0,-392.0,-833.1,1.3931,-392.9,-830.3,1.3652,-1.9,-9.0,-0.0000,-2.7,8.4,-0.1117,7.8,4.1,0,0.0,0.0,0.0000,-0.04,0.58,1.60,1.05
3.4053,3.4018,3.6,0,-391.8,-832.6,1.3998,-392.9,-830.3,1.3652,0.0,0.0,0.0000,-3.4,7.0,-0.1387,6.3,4.5,0,0.0,0.0,0.0000,-0.58,0.25,1.98,1.24
3.4133,3.4106,2.7,0,-392.0,-831.7,1.4037,-392.9,-830.3,1.3652,0.0,0.0,0.0000,-2.8,4.3,-0.1542,3.8,3.4,0,0.0,0.0,0.0000,-0.88,0.00,2.10,1.48
3.4214,3.4189,2.5,0,-391.7,-831.9,1.4077,-392.9,-830.3,1.3652,0.0,0.0,0.0000,-3.6,4.9,-0.1703,4.2,4.3,0,0.0,0.0,0.0000,-1.13,-0.23,2.68,1.80
3.4287,3.4275,1.2,0,-391.3,-831.0,1.4113,-392.9,-830.3,1.3652,0.0,0.0,0.0000,-4.7,2.3,-0.1846,1.5,5.0,0,0.0,0.0,0.0000,-1.65,-0.55,2.20,1.62
3.4375,3.4361,1.4,0,-390.9,-830.3,1.3969,-392.9,-830.3,1.3652,0.0,0.0,0.0000,-6.1,0.1,-0.1268,-1.0,6.0,0,0.0,0.0,0.0000,-2.45,-1.13,2.31,2.45
3.4444,3.4443,0.1,0,-391.0,-829.8,1.4018,-392.9,-830.3,1.3652,0.0,0.0,0.0000,-5.5,-1.3,-0.1466,-2.2,5.2,0,0.0,0.0,0.0000,-2.43,-0.93,2.14,2.24
3.4528,3.4527,0.1,0,-390.7,-828.9,1.3920,-392.9,-830.3,1.3652,0.0,0.0,0.0000,-6.6,-4.2,-0.1075,-5.3,5.8,0,0.0,0.0,0.0000,-1.68,-1.28,2.43,2.24
3.4615,3.4527,8.9,0,-390.7,-828.9,1.3920,-392.9,-830.3,1.3652,0.0,0.0,0.0000,-6.6,-4.2,-0.1075,-5.3,5.8,0,0.0,0.0,0.0000,-2.42,-1.30,2.53,2.03
3.4687,3.4616,7.1,0,-390.4,-828.7,1.3907,-392.9,-830.3,1.3652,0.0,0.0,0.0000,-7.5,-4.6,-0.1023,-5.9,6.6,0,0.0,0.0,0.0000,-2.89,-1.37,2.28,1.85
3.4771,3.4698,7.3,0,-390.1,-827.9,1.3947,-392.9,-830.3,1.3652,0.0,0.0,0.0000,-8.3,-7.2,-0.1183,-8.5,6.9,0,0.0,0.0,0.0000,-2.55,-1.32,2.07,1.81
3.4847,3.4782,6.5,0,-389.8,-827.8,1.3916,-392.9,-830.3,1.3652,0.0,0.0,0.0000,-9.3,-7.6,-0.1059,-9.1,7.8,0,0.0,0.0,0.0000,-2.94,-1.44,1.99,1.60
3.4929,3.4864,6.4,0,-389.5,-827.3,1.3927,-392.9,-830.3,1.3652,0.0,0.0,0.0000,-10.1,-8.8,-0.1101,-10.5,8.4,0,0.0,0.0,0.0000,-2.80,-1.78,1.82,1.93
3.5007,3.4961,4.7,0,-389.0,-826.6,1.3892,-392.9,-830.3,1.3652,0.0,0.0,0.0000,-11.6,-11.2,-0.0961,-13.1,9.4,0,0.0,0.0,0.0000,-3.33,-2.69,1.54,1.34
3.5094,3.5036,5.8,0,-389.2,-826.2,1.3945,-392.9,-830.3,1.3652,0.0,0.0,0.0000,-11.2,-12.3,-0.1175,-14.1,8.9,0,0.0,0.0,0.0000,-3.43,-2.68,1.01,1.26
3.5174,3.5119,5.5,0,-388.2,-825.3,1.3739,-392.9,-830.3,1.3652,0.0,0.0,0.0000,-14.0,-15.0,-0.0349,-17.5,10.8,0,0.0,0.0,0.0000,-3.56,-2.32,1.08,1.04
3.5245,3.5201,4.4,0,-388.7,-824.7,1.3746,-392.9,-830.3,1.3652,0.0,0.0,0.0000,-12.6,-16.7,-0.0377,-18.8,9.1,0,0.0,0.0,0.0000,-4.36,-2.57,0.84,0.69
3.5334,3.5296,3.8,0,-387.8,-824.0,1.3627,-392.9,-830.3,1.3652,0.0,0.0,0.0000,-15.2,-18.9,0.0099,-21.6,11.0,0,0.0,0.0,0.0000,-3.17,-2.45,0.58,0.84
3.5408,3.5375,3.3,0,-387.9,-823.4,1.3624,-392.9,-830.3,1.3652,0.0,0.0,0.0000,-14.8,-20.6,0.0110,-23.3,10.2,0,0.0,0.0,0.0000,-3.04,-2.08,0.08,0.55
3.5490,3.5455,3.6,0,-388.4,-822.5,1.3565,-392.9,-830.3,1.3652,0.0,0.0,0.0000,-13.5,-23.4,0.0348,-25.7,8.2,0,0.0,0.0,0.0000,-2.90,-2.58,-0.36,0.34
3.5567,3.5542,2.5,0,-387.9,-822.5,1.3584,-392.9,-830.3,1.3652,0.0,0.0,0.0000,-15.0,-23.2,0.0272,-25.9,9.7,0,0.0,0.0,0.0000,-2.74,-2.18,-0.45,0.44
3.5652,3.5628,2.4,0,-387.9,-822.4,1.3498,-392.9,-830.3,1.3652,0.0,0.0,0.0000,-14.9,-23.6,0.0613,-26.3,9.4,0,0.0,0.0,0.0000,-2.84,-2.14,-0.16,0.16
3.5734,3.5709,2.4,0,-388.0,-822.1,1.3553,-392.9,-830.3,1.3652,0.0,0.0,0.0000,-14.7,-24.6,0.0393,-27.2,9.1,0,0.0,0.0,0.0000,-2.20,-1.75,-0.52,0.03
3.5812,3.5797,1.5,0,-388.3,-821.7,1.3501,-392.9,-830.3,1.3652,0.0,0.0,0.0000,-13.7,-25.9,0.0602,-28.2,7.7,0,0.0,0.0,0.0000,-1.77,-1.95,-0.20,-0.11
3.5894,3.5893,0.1,0,-388.4,-821.9,1.3482,-392.9,-830.3,1.3652,0.0,0.0,0.0000,-13.5,-25.1,0.0680,-27.4,7.6,0,0.0,0.0,0.0000,-1.41,-1.82,-0.45,0.04
3.5970,3.5893,7.7,0,-388.4,-821.9,1.3482,-392.9,-830.3,1.3652,0.0,0.0,0.0000,-13.5,-25.1,0.0680,-27.4,7.6,0,0.0,0.0,0.0000,-1.04,-1.08,-0.56,0.01
3.6051,3.6050,0.1,0,-388.0,-822.0,1.3454,-392.9,-830.3,1.3652,0.0,0.0,0.0000,-14.6,-25.0,0.0792,-27.6,8.6,0,0.0,0.0,0.0000,-0.09,-0.93,-0.33,-0.22
3.6132,3.6050,8.1,0,-388.0,-822.0,1.3454,-392.9,-830.3,1.3652,0.0,0.0,0.0000,-14.6,-25.0,0.0792,-27.6,8.6,0,0.0,0.0,0.0000,-0.24,-0.76,-0.80,0.29
3.6215,3.6214,0.1,0,-388.7,-821.8,1.3522,-392.9,-830.3,1.3652,0.0,0.0,0.0000,-12.4,-25.4,0.0518,-27.5,6.6,0,0.0,0.0,0.0000,-0.04,-0.37,-0.73,0.15
3.6294,3.6214,7.9,0,-388.7,-821.8,1.3522,-392.9,-830.3,1.3652,0.0,0.0,0.0000,-12.4,-25.4,0.0518,-27.5,6.6,0,0.0,0.0,0.0000,0.41,-0.20,-0.51,0.01
3.6372,3.6336,3.6,0,-388.7,-822.2,1.3504,-392.9,-830.3,1.3652,0.0,0.0,0.0000,-12.5,-24.2,0.0591,-26.3,6.9,0,0.0,0.0,0.0000,0.98,0.20,-0.57,-0.15
3.6450,3.6394,5.6,0,-389.2,-822.0,1.3515,-392.9,-830.3,1.3652,0.0,0.0,0.0000,-10.9,-24.8,0.0546,-26.6,5.3,0,0.0,0.0,0.0000,0.51,0.22,-0.52,-0.01
3.6530,3.6471,5.8,0,-389.1,-822.2,1.3513,-392.9,-830.3,1.3652,0.0,0.0,0.0000,-11.2,-24.2,0.0553,-26.1,5.7,0,0.0,0.0,0.0000,0.88,1.07,-0.76,-0.31
3.6608,3.6558,5.0,0,-389.2,-822.5,1.3497,-392.9,-830.3,1.3652,0.0,0.0,0.0000,-11.1,-23.5,0.0620,-25.4,5.7,0,0.0,0.0,0.0000,2.14,1.04,-0.68,0.00
3.6690,3.6665,2.5,0,-389.6,-822.6,1.3623,-392.9,-830.3,1.3652,0.0,0.0,0.0000,-9.8,-23.1,0.0116,-24.6,4.8,0,0.0,0.0,0.0000,1.67,1.12,-0.14,0.32
3.6773,3.6727,4.6,0,-389.4,-822.5,1.3554,-392.9,-830.3,1.3652,0.0,0.0,0.0000,-10.3,-23.3,0.0389,-24.9,5.1,0,0.0,0.0,0.0000,1.94,1.49,0.04,-0.21
3.6848,3.6812,3.6,0,-389.7,-822.9,1.3593,-392.9,-830.3,1.3652,0.0,0.0,0.0000,-9.5,-22.0,0.0235,-23.5,4.7,0,0.0,0.0,0.0000,2.31,1.48,-0.13,-0.27
3.6933,3.6897,3.6,0,-389.6,-823.2,1.3575,-392.9,-830.3,1.3652,0.0,0.0,0.0000,-9.8,-21.2,0.0306,-22.8,5.1,0,0.0,0.0,0.0000,2.25,1.24,-0.13,0.08
3.7014,3.7011,0.4,0,-390.3,-823.6,1.3631,-392.9,-830.3,1.3652,0.0,0.0,0.0000,-7.8,-20.1,0.0082,-21.3,3.5,0,0.0,0.0,0.0000,2.10,1.72,-0.28,0.35
3.7085,3.7070,1.5,0,-389.8,-824.6,1.3764,-392.9,-830.3,1.3652,0.0,0.0,0.0000,-9.3,-17.0,-0.0448,-18.5,5.9,0,0.0,0.0,0.0000,2.50,2.08,0.12,-0.14
3.7172,3.7147,2.5,0,-390.1,-825.3,1.3817,-392.9,-830.3,1.3652,0.0,0.0,0.0000,-8.4,-14.8,-0.0662,-16.1,5.4,0,0.0,0.0,0.0000,1.68,1.45,-0.32,0.10
3.7250,3.7236,1.4,0,-390.0,-824.8,1.3889,-392.9,-830.3,1.3652,0.0,0.0,0.0000,-8.6,-16.5,-0.0949,-17.8,5.4,0,0.0,0.0,0.0000,2.81,1.57,0.03,0.12
3.7333,3.7331,0.2,0,-390.6,-825.6,1.3924,-392.9,-830.3,1.3652,0.0,0.0,0.0000,-7.0,-13.9,-0.1091,-14.9,4.4,0,0.0,0.0,0.0000,2.58,1.98,-0.05,-0.15
3.7417,3.7402,1.5,0,-390.8,-826.3,1.3899,-392.9,-830.3,1.3652,0.0,0.0,0.0000,-6.4,-12.0,-0.0989,-12.9,4.1,0,0.0,0.0,0.0000,2.39,1.64,-0.04,-0.33
3.7484,3.7483,0.1,0,-390.6,-826.3,1.3950,-392.9,-830.3,1.3652,0.0,0.0,0.0000,-6.8,-12.1,-0.1193,-13.1,4.6,0,0.0,0.0,0.0000,1.97,1.54,-0.26,-0.27
3.7573,3.7572,0.1,0,-390.7,-826.5,1.3937,-392.9,-830.3,1.3652,0.0,0.0,0.0000,-6.6,-11.5,-0.1141,-12.5,4.5,0,0.0,0.0,0.0000,1.11,1.24,-0.54,-0.48
3.7650,3.7572,7.8,0,-390.7,-826.5,1.3937,-392.9,-830.3,1.3652,0.0,0.0,0.0000,-6.6,-11.5,-0.1141,-12.5,4.5,0,0.0,0.0,0.0000,1.02,1.14,-0.60,-0.36
3.7724,3.7669,5.5,0,-391.0,-826.8,1.3911,-392.9,-830.3,1.3652,0.0,0.0,0.0000,-5.8,-10.3,-0.1036,-11.2,3.9,0,0.0,0.0,0.0000,0.94,0.36,-0.97,-0.93
3.7813,3.7737,7.6,0,-390.9,-826.8,1.3922,-392.9,-830.3,1.3652,0.0,0.0,0.0000,-5.9,-10.5,-0.1081,-11.4,4.0,0,0.0,0.0,0.0000,0.56,0.12,-1.25,-1.39
3.7885,3.7823,6.2,0,-391.4,-827.0,1.3814,-392.9,-830.3,1.3652,0.0,0.0,0.0000,-4.5,-9.9,-0.0651,-10.6,2.6,0,0.0,0.0,0.0000,-0.28,-0.34,-0.89,-1.26
3.7974,3.7909,6.4,0,-391.2,-827.3,1.3784,-392.9,-830.3,1.3652,0.0,0.0,0.0000,-5.2,-8.9,-0.0528,-9.7,3.4,0,0.0,0.0,0.0000,-0.55,-0.29,-1.19,-1.50
3.8054,3.8038,1.6,0,-390.9,-827.2,1.3752,-392.9,-830.3,1.3652,0.0,0.0,0.0000,-5.9,-9.2,-0.0403,-10.2,4.0,0,0.0,0.0,0.0000,-0.43,-0.61,-1.81,-1.77
3.8136,3.8079,5.6,0,-391.5,-827.3,1.3696,-392.9,-830.3,1.3652,0.0,0.0,0.0000,-4.2,-9.0,-0.0179,-9.7,2.3,0,0.0,0.0,0.0000,-1.63,-1.03,-1.60,-1.80
3.8207,3.8162,4.5,0,-391.3,-827.4,1.3586,-392.9,-830.3,1.3652,0.0,0.0,0.0000,-4.7,-8.5,0.0263,-9.3,2.8,0,0.0,0.0,0.0000,-1.39,-1.05,-1.75,-1.75
3.8291,3.8244,4.7,0,-391.1,-827.6,1.3623,-392.9,-830.3,1.3652,0.0,0.0,0.0000,-5.5,-8.2,0.0116,-9.2,3.7,0,0.0,0.0,0.0000,-1.11,-0.88,-1.67,-1.51
3.8367,3.8342,2.5,0,-390.8,-827.4,1.3513,-392.9,-830.3,1.3652,0.0,0.0,0.0000,-6.3,-8.6,0.0555,-9.7,4.2,0,0.0,0.0,0.0000,-0.78,-1.03,-1.43,-1.05
3.8452,3.8418,3.5,0,-391.4,-827.4,1.3479,-392.9,-830.3,1.3652,0.0,0.0,0.0000,-4.3,-8.6,0.0691,-9.3,2.3,0,0.0,0.0,0.0000,-1.04,-0.94,-0.86,-0.88
3.8534,3.8498,3.5,0,-391.2,-827.5,1.3484,-392.9,-830.3,1.3652,0.0,0.0,0.0000,-5.0,-8.5,0.0671,-9.4,3.0,0,0.0,0.0,0.0000,-0.46,-0.84,-0.91,-1.13
3.8613,3.8585,2.7,0,-391.4,-827.6,1.3466,-392.9,-830.3,1.3652,0.0,0.0,0.0000,-4.5,-8.0,0.0744,-8.8,2.6,0,0.0,0.0,0.0000,-0.24,-0.54,-0.47,-0.32
3.8686,3.8673,1.4,0,-391.1,-827.4,1.3453,-392.9,-830.3,1.3652,0.0,0.0,0.0000,-5.4,-8.7,0.0794,-9.7,3.3,0,0.0,0.0,0.0000,-0.65,-0.41,0.12,-0.14
3.8768,3.8756,1.2,0,-391.3,-827.2,1.3472,-392.9,-830.3,1.3652,0.0,0.0,0.0000,-4.9,-9.3,0.0719,-10.2,2.7,0,0.0,0.0,0.0000,0.00,-0.31,0.19,0.21
3.8851,3.8836,1.4,0,-391.8,-827.2,1.3448,-392.9,-830.3,1.3652,0.0,0.0,0.0000,-3.4,-9.3,0.0814,-9.8,1.2,0,0.0,0.0,0.0000,0.62,0.32,0.49,0.54
3.8924,3.8923,0.1,0,-391.5,-827.2,1.3603,-392.9,-830.3,1.3652,0.0,0.0,0.0000,-4.3,-9.2,0.0194,-9.8,2.3,0,0.0,0.0,0.0000,0.10,0.26,0.61,0.65
3.9010,3.9009,0.1,0,-390.8,-827.0,1.3645,-392.9,-830.3,1.3652,0.0,0.0,0.0000,-6.3,-9.8,0.0028,-10.8,4.2,0,0.0,0.0,0.0000,1.16,0.32,0.75,0.98
3.9095,3.9080,1.5,0,-391.6,-827.3,1.3609,-392.9,-830.3,1.3652,0.0,0.0,0.0000,-4.0,-8.9,0.0169,-9.6,2.0,0,0.0,0.0,0.0000,0.49,0.57,0.80,0.81
3.9177,3.9176,0.1,0,-391.3,-827.2,1.3693,-392.9,-830.3,1.3652,0.0,0.0,0.0000,-4.8,-9.4,-0.0166,-10.2,2.8,0,0.0,0.0,0.0000,1.10,0.67,0.89,1.02
3.9250,3.9176,7.4,0,-391.3,-827.2,1.3693,-392.9,-830.3,1.3652,0.0,0.0,0.0000,-4.8,-9.4,-0.0166,-10.2,2.8,0,0.0,0.0,0.0000,0.95,1.04,1.30,0.99
3.9326,3.9257,6.9,0,-391.3,-827.0,1.3729,-392.9,-830.3,1.3652,0.0,0.0,0.0000,-4.8,-9.9,-0.0309,-10.7,2.8,0,0.0,0.0,0.0000,0.52,1.04,1.09,0.99
3.9415,3.9347,6.8,0,-391.3,-827.1,1.3735,-392.9,-830.3,1.3652,0.0,0.0,0.0000,-4.7,-9.6,-0.0332,-10.3,2.7,0,0.0,0.0,0.0000,0.74,0.35,1.11,0.86
3.9493,3.9429,6.5,0,-391.3,-827.0,1.3768,-392.9,-830.3,1.3652,0.0,0.0,0.0000,-4.9,-9.7,-0.0464,-10.5,2.9,0,0.0,0.0,0.0000,0.15,0.75,0.54,0.39
3.9567,3.9512,5.5,0,-391.1,-827.2,1.3803,-392.9,-830.3,1.3652,0.0,0.0,0.0000,-5.2,-9.2,-0.0604,-10.0,3.4,0,0.0,0.0,0.0000,0.64,0.24,-0.04,0.52
3.9647,3.9597,5.0,0,-391.0,-827.4,1.3750,-392.9,-830.3,1.3652,0.0,0.0,0.0000,-5.7,-8.6,-0.0394,-9.5,3.9,0,0.0,0.0,0.0000,0.31,0.40,0.40,0.42
3.9732,3.9685,4.8,0,-390.9,-827.3,1.3774,-392.9,-830.3,1.3652,0.0,0.0,0.0000,-5.8,-9.1,-0.0489,-10.0,4.0,0,0.0,0.0,0.0000,-0.17,0.05,0.08,-0.29
3.9810,3.9766,4.5,0,-391.3,-827.1,1.3748,-392.9,-830.3,1.3652,0.0,0.0,0.0000,-4.8,-9.5,-0.0386,-10.3,2.9,0,0.0,0.0,0.0000,-1.10,-0.31,-0.08,0.19
3.9893,3.9849,4.4,0,-391.2,-827.4,1.3666,-392.9,-830.3,1.3652,0.0,0.0,0.0000,-5.0,-8.7,-0.0059,-9.6,3.1,0,0.0,0.0,0.0000,-0.23,-0.12,-0.11,0.01
3.9965,3.9951,1.5,0,-390.7,-826.8,1.3743,-392.9,-830.3,1.3652,0.0,0.0,0.0000,-6.6,-10.4,-0.0367,-11.5,4.4,0,0.0,0.0,0.0000,0.07,-0.04,-0.97,-0.65
4.0045,4.0033,1.2,0,-391.1,-827.0,1.3713,-392.9,-830.3,1.3652,0.0,0.0,0.0000,-5.4,-9.7,-0.0246,-10.6,3.4,0,0.0,0.0,0.0000,-0.15,-0.44,-0.52,-0.74
4.0125,4.0101,2.4,0,-391.3,-827.0,1.3696,-392.9,-830.3,1.3652,0.0,0.0,0.0000,-4.9,-10.0,-0.0177,-10.8,2.8,0,0.0,0.0,0.0000,-0.15,-0.50,-0.56,-0.58
4.0214,4.0189,2.4,0,-391.1,-827.2,1.3700,-392.9,-830.3,1.3652,0.0,0.0,0.0000,-5.2,-9.1,-0.0192,-10.0,3.3,0,0.0,0.0,0.0000,-1.02,-0.18,-0.55,-0.44
4.0288,4.0276,1.2,0,-391.0,-827.0,1.3677,-392.9,-830.3,1.3652,0.0,0.0,0.0000,-5.6,-9.7,-0.0102,-10.6,3.6,0,0.0,0.0,0.0000,0.08,-0.44,-0.49,-0.31
4.0370,4.0358,1.2,0,-391.2,-827.2,1.3716,-392.9,-830.3,1.3652,0.0,0.0,0.0000,-5.1,-9.2,-0.0257,-10.0,3.1,0,0.0,0.0,0.0000,0.09,-0.25,-0.16,-0.37
4.0446,4.0445,0.1,0,-391.1,-827.6,1.3647,-392.9,-830.3,1.3652,0.0,0.0,0.0000,-5.4,-8.0,0.0017,-9.0,3.7,0,0.0,0.0,0.0000,-0.60,-0.05,-0.30,-0.16
4.0527,4.0526,0.1,0,-391.5,-827.4,1.3613,-392.9,-830.3,1.3652,0.0,0.0,0.0000,-4.2,-8.5,0.0154,-9.2,2.4,0,0.0,0.0,0.0000,0.11,0.01,-0.37,-0.39
4.0612,4.0610,0.2,0,-391.1,-827.1,1.3673,-392.9,-830.3,1.3652,0.0,0.0,0.0000,-5.4,-9.5,-0.0084,-10.4,3.4,0,0.0,0.0,0.0000,0.52,-0.35,-0.16,0.00
4.0689,4.0610,7.8,0,-391.1,-827.1,1.3673,-392.9,-830.3,1.3652,0.0,0.0,0.0000,-5.4,-9.5,-0.0084,-10.4,3.4,0,0.0,0.0,0.0000,0.43,0.23,-0.21,-0.17
4.0766,4.0695,7.0,0,-391.0,-827.5,1.3756,-392.9,-830.3,1.3652,0.0,0.0,0.0000,-5.7,-8.3,-0.0418,-9.3,4.0,0,0.0,0.0,0.0000,0.44,0.39,0.11,0.48
4.0846,4.0782,6.4,0,-391.2,-827.4,1.3743,-392.9,-830.3,1.3652,0.0,0.0,0.0000,-5.1,-8.6,-0.0366,-9.5,3.3,0,0.0,0.0,0.0000,0.47,0.24,0.34,-0.08
4.0932,4.0863,6.9,0,-391.0,-827.5,1.3709,-392.9,-830.3,1.3652,0.0,0.0,0.0000,-5.8,-8.4,-0.0230,-9.4,4.0,0,0.0,0.0,0.0000,0.28,0.06,0.52,0.22
4.1006,4.0949,5.7,0,-391.2,-827.5,1.3699,-392.9,-830.3,1.3652,0.0,0.0,0.0000,-5.0,-8.3,-0.0189,-9.1,3.3,0,0.0,0.0,0.0000,0.39,0.35,0.14,-0.13
4.1089,4.1034,5.5,0,-390.9,-827.4,1.3770,-392.9,-830.3,1.3652,0.0,0.0,0.0000,-5.9,-8.6,-0.0474,-9.6,4.2,0,0.0,0.0,0.0000,-0.41,0.21,-0.01,0.18
4.1169,4.1125,4.5,0,-391.4,-827.3,1.3686,-392.9,-830.3,1.3652,0.0,0.0,0.0000,-4.4,-8.8,-0.0137,-9.5,2.6,0,0.0,0.0,0.0000,0.01,-0.03,0.14,0.19
4.1255,4.1205,5.0,0,-390.8,-827.5,1.3734,-392.9,-830.3,1.3652,0.0,0.0,0.0000,-6.3,-8.3,-0.0331,-9.3,4.5,0,0.0,0.0,0.0000,-0.42,-0.29,0.14,0.08
4.1333,4.1290,4.3,0,-390.9,-827.2,1.3659,-392.9,-830.3,1.3652,0.0,0.0,0.0000,-6.0,-9.3,-0.0031,-10.3,4.0,0,0.0,0.0,0.0000,-0.10,0.16,0.01,0.00
4.1407,4.1371,3.6,0,-391.4,-827.3,1.3685,-392.9,-830.3,1.3652,0.0,0.0,0.0000,-4.6,-9.1,-0.0132,-9.8,2.7,0,0.0,0.0,0.0000,-0.31,0.36,0.00,0.14
4.1496,4.1457,3.8,0,-391.0,-826.9,1.3752,-392.9,-830.3,1.3652,0.0,0.0,0.0000,-5.6,-10.1,-0.0401,-11.0,3.6,0,0.0,0.0,0.0000,0.41,-0.08,-0.31,0.09
4.1571,4.1543,2.8,0,-390.7,-827.5,1.3740,-392.9,-830.3,1.3652,0.0,0.0,0.0000,-6.6,-8.3,-0.0352,-9.4,4.8,0,0.0,0.0,0.0000,0.22,-0.04,-0.13,0.17
4.1655,4.1543,11.2,0,-390.7,-827.5,1.3740,-392.9,-830.3,1.3652,0.0,0.0,0.0000,-6.6,-8.3,-0.0352,-9.4,4.8,0,0.0,0.0,0.0000,-0.46,-0.06,0.13,-0.38
4.1724,4.1708,1.7,0,-391.1,-827.5,1.3706,-392.9,-830.3,1.3652,0.0,0.0,0.0000,-5.5,-8.3,-0.0216,-9.2,3.7,0,0.0,0.0,0.0000,0.31,-0.20,-0.33,-0.39
4.1810,4.1796,1.4,0,-390.9,-827.3,1.3744,-392.9,-830.3,1.3652,0.0,0.0,0.0000,-6.0,-8.8,-0.0369,-9.8,4.2,0,0.0,0.0,0.0000,-0.35,0.07,-0.10,-0.47
4.1890,4.1878,1.2,0,-391.1,-827.3,1.3672,-392.9,-830.3,1.3652,0.0,0.0,0.0000,-5.3,-8.9,-0.0081,-9.8,3.4,0,0.0,0.0,0.0000,0.14,-0.23,-0.27,-0.13
4.1968,4.1967,0.1,0,-391.0,-827.5,1.3658,-392.9,-830.3,1.3652,0.0,0.0,0.0000,-5.5,-8.3,-0.0027,-9.3,3.7,0,0.0,0.0,0.0000,0.11,0.12,-0.20,0.05
