t_s,tv_s,vision_age_ms,held,pose_x_mm,pose_y_mm,pose_theta_rad,ref_x_mm,ref_y_mm,ref_theta_rad,ref_vx_mm_s,ref_vy_mm_s,ref_omega_rad_s,cmd_world_vx_mm_s,cmd_world_vy_mm_s,cmd_omega_rad_s,cmd_body_vx_mm_s,cmd_body_vy_mm_s
-0.2997,-0.3062,6.5,0,-971.7,-1507.5,1.5229,-971.7,-1507.5,1.5229,0.0,0.0,0.0000,0.0,0.0,0.0000,0.0,0.0
-0.2911,-0.2984,7.3,0,-971.6,-1507.4,1.5234,-971.7,-1507.5,1.5229,0.0,0.0,0.0000,-0.3,-0.1,-0.0018,-0.1,0.3
-0.2830,-0.2872,4.2,0,-971.6,-1507.4,1.5189,-971.7,-1507.5,1.5229,0.0,0.0,0.0000,-0.3,-0.3,0.0162,-0.3,0.3
-0.2755,-0.2798,4.3,0,-971.7,-1507.1,1.5229,-971.7,-1507.5,1.5229,0.0,0.0,0.0000,-0.0,-1.1,0.0001,-1.1,-0.0
-0.2678,-0.2710,3.2,0,-971.6,-1507.3,1.5191,-971.7,-1507.5,1.5229,0.0,0.0,0.0000,-0.5,-0.4,0.0154,-0.4,0.5
-0.2597,-0.2630,3.3,0,-972.0,-1507.6,1.5155,-971.7,-1507.5,1.5229,0.0,0.0,0.0000,0.9,0.4,0.0296,0.5,-0.9
-0.2515,-0.2538,2.2,0,-971.8,-1507.3,1.5167,-971.7,-1507.5,1.5229,0.0,0.0,0.0000,0.3,-0.6,0.0248,-0.6,-0.3
-0.2437,-0.2460,2.3,0,-971.7,-1507.5,1.5240,-971.7,-1507.5,1.5229,0.0,0.0,0.0000,-0.2,0.0,-0.0045,0.0,0.2
-0.2352,-0.2375,2.3,0,-971.7,-1507.5,1.5254,-971.7,-1507.5,1.5229,0.0,0.0,0.0000,-0.1,0.2,-0.0096,0.2,0.1
-0.2275,-0.2288,1.3,0,-971.4,-1507.3,1.5195,-971.7,-1507.5,1.5229,0.0,0.0,0.0000,-1.1,-0.5,0.0140,-0.6,1.1
-0.2189,-0.2202,1.3,0,-971.8,-1507.5,1.5234,-971.7,-1507.5,1.5229,0.0,0.0,0.0000,0.1,0.2,-0.0021,0.2,-0.1
-0.2119,-0.2120,0.1,0,-971.6,-1507.7,1.5240,-971.7,-1507.5,1.5229,0.0,0.0,0.0000,-0.4,0.7,-0.0043,0.7,0.4
-0.2034,-0.2035,0.1,0,-971.7,-1506.8,1.5084,-971.7,-1507.5,1.5229,0.0,0.0,0.0000,-0.1,-2.0,0.0582,-2.0,0.0
-0.1953,-0.1954,0.1,0,-971.8,-1507.2,1.5180,-971.7,-1507.5,1.5229,0.0,0.0,0.0000,0.1,-0.9,0.0196,-0.9,-0.2
-0.1868,-0.1954,8.6,0,-971.8,-1507.2,1.5180,-971.7,-1507.5,1.5229,0.0,0.0,0.0000,0.1,-0.8,0.0189,-0.8,-0.2
-0.1789,-0.1863,7.4,0,-971.7,-1507.4,1.5233,-971.7,-1507.5,1.5229,0.0,0.0,0.0000,0.0,-0.3,-0.0018,-0.3,-0.0
-0.1711,-0.1785,7.3,0,-971.7,-1507.3,1.5214,-971.7,-1507.5,1.5229,0.0,0.0,0.0000,-0.2,-0.5,0.0063,-0.5,0.1
-0.1629,-0.1694,6.5,0,-971.8,-1507.2,1.5205,-971.7,-1507.5,1.5229,0.0,0.0,0.0000,0.1,-0.8,0.0095,-0.8,-0.2
-0.1553,-0.1610,5.8,0,-971.6,-1507.4,1.5191,-971.7,-1507.5,1.5229,0.0,0.0,0.0000,-0.5,-0.1,0.0150,-0.1,0.5
-0.1477,-0.1525,4.8,0,-971.7,-1507.1,1.5154,-971.7,-1507.5,1.5229,0.0,0.0,0.0000,-0.2,-1.1,0.0298,-1.1,0.1
-0.1392,-0.1446,5.5,0,-971.5,-1507.5,1.5189,-971.7,-1507.5,1.5229,0.0,0.0,0.0000,-0.6,0.0,0.0157,-0.0,0.6
-0.1313,-0.1350,3.7,0,-971.5,-1507.3,1.5217,-971.7,-1507.5,1.5229,0.0,0.0,0.0000,-0.7,-0.4,0.0047,-0.4,0.6
-0.1230,-0.1275,4.5,0,-971.7,-1507.2,1.5194,-971.7,-1507.5,1.5229,0.0,0.0,0.0000,-0.2,-0.9,0.0141,-0.9,0.2
-0.1155,-0.1191,3.6,0,-971.8,-1507.4,1.5204,-971.7,-1507.5,1.5229,0.0,0.0,0.0000,0.1,-0.2,0.0101,-0.2,-0.1
-0.1068,-0.1106,3.8,0,-971.5,-1507.6,1.5190,-971.7,-1507.5,1.5229,0.0,0.0,0.0000,-0.8,0.2,0.0158,0.2,0.8
-0.0990,-0.1023,3.3,0,-971.4,-1507.2,1.5233,-971.7,-1507.5,1.5229,0.0,0.0,0.0000,-0.9,-0.8,-0.0018,-0.9,0.8
-0.0915,-0.0940,2.5,0,-971.6,-1507.2,1.5246,-971.7,-1507.5,1.5229,0.0,0.0,0.0000,-0.4,-0.9,-0.0065,-0.9,0.4
-0.0835,-0.0849,1.4,0,-971.3,-1507.7,1.5263,-971.7,-1507.5,1.5229,0.0,0.0,0.0000,-1.2,0.8,-0.0135,0.7,1.2
-0.0756,-0.0768,1.2,0,-971.5,-1507.4,1.5166,-971.7,-1507.5,1.5229,0.0,0.0,0.0000,-0.6,-0.2,0.0256,-0.3,0.6
-0.0674,-0.0686,1.2,0,-971.4,-1507.1,1.5228,-971.7,-1507.5,1.5229,0.0,0.0,0.0000,-0.9,-1.1,0.0006,-1.2,0.9
-0.0598,-0.0599,0.1,0,-971.7,-1507.4,1.5204,-971.7,-1507.5,1.5229,0.0,0.0,0.0000,-0.0,-0.3,0.0101,-0.3,-0.0
-0.0514,-0.0515,0.1,0,-971.7,-1507.0,1.5094,-971.7,-1507.5,1.5229,0.0,0.0,0.0000,-0.1,-1.3,0.0542,-1.3,-0.0
-0.0437,-0.0515,7.8,0,-971.7,-1507.0,1.5094,-971.7,-1507.5,1.5229,0.0,0.0,0.0000,-0.1,-1.3,0.0525,-1.3,-0.0
-0.0353,-0.0355,0.1,0,-971.5,-1507.3,1.5189,-971.7,-1507.5,1.5229,0.0,0.0,0.0000,-0.6,-0.5,0.0162,-0.6,0.5
-0.0279,-0.0355,7.6,0,-971.5,-1507.3,1.5189,-971.7,-1507.5,1.5229,0.0,0.0,0.0000,-0.3,6.0,0.0158,5.9,0.6
-0.0193,-0.0261,6.9,0,-971.8,-1507.6,1.5166,-971.7,-1507.5,1.5229,0.0,0.0,0.0000,0.6,8.6,0.0248,8.6,-0.1
-0.0115,-0.0180,6.5,0,-971.6,-1506.9,1.5169,-971.7,-1507.5,1.5229,0.0,0.0,0.0000,0.3,17.0,0.0233,17.0,0.6
-0.0030,-0.0084,5.4,0,-971.7,-1507.4,1.5199,-971.7,-1507.5,1.5229,0.0,0.0,0.0000,1.2,27.2,0.0117,27.2,0.2
0.0048,-0.0007,5.5,0,-971.9,-1507.6,1.5247,-971.7,-1507.5,1.5229,0.0,0.0,0.0000,2.1,36.5,-0.0071,36.6,-0.4
0.0120,0.0074,4.5,0,-971.3,-1507.1,1.5172,-971.7,-1507.4,1.5229,0.3,5.9,0.0000,0.9,43.0,0.0233,43.0,1.4
0.0209,0.0162,4.8,0,-971.7,-1507.2,1.5209,-971.7,-1507.3,1.5229,0.8,16.1,-0.0000,2.4,53.6,0.0079,53.7,0.3
0.0281,0.0243,3.8,0,-971.9,-1507.8,1.5192,-971.7,-1507.2,1.5229,1.1,24.0,-0.0000,3.6,63.7,0.0150,63.8,-0.3
0.0360,0.0328,3.2,0,-971.5,-1507.5,1.5184,-971.7,-1506.9,1.5229,1.6,32.7,0.0000,2.8,71.8,0.0180,71.9,0.9
0.0444,0.0411,3.3,0,-971.2,-1507.3,1.5181,-971.7,-1506.6,1.5229,2.0,41.1,0.0000,2.3,81.2,0.0190,81.2,2.0
0.0524,0.0498,2.6,0,-971.4,-1507.0,1.5173,-971.7,-1506.2,1.5229,2.4,50.0,-0.0000,3.3,90.6,0.0222,90.6,1.5
0.0607,0.0584,2.3,0,-971.4,-1507.0,1.5297,-971.7,-1505.8,1.5229,2.8,58.6,0.0000,3.9,101.0,-0.0271,101.1,0.3
0.0684,0.0670,1.4,0,-972.1,-1506.9,1.5176,-971.6,-1505.2,1.5229,3.2,66.8,-0.0000,6.4,110.4,0.0213,110.5,-0.5
0.0769,0.0753,1.5,0,-971.5,-1507.1,1.5229,-971.6,-1504.6,1.5229,3.6,75.1,-0.0000,5.1,121.9,-0.0000,122.0,0.8
0.0849,0.0837,1.2,0,-971.8,-1506.5,1.5161,-971.6,-1504.0,1.5229,4.0,83.7,-0.0000,6.5,131.2,0.0273,131.4,0.7
0.0920,0.0919,0.1,0,-971.9,-1506.5,1.5168,-971.5,-1503.3,1.5229,4.4,92.0,0.0000,7.5,141.2,0.0246,141.4,0.2
0.1009,0.1005,0.4,0,-971.8,-1505.9,1.5114,-971.5,-1502.4,1.5229,4.8,100.1,-0.0000,7.8,151.8,0.0462,152.0,1.3
0.1086,0.1005,8.1,0,-971.8,-1505.9,1.5114,-971.5,-1502.4,1.5229,4.8,100.1,-0.0000,8.1,159.1,0.0448,159.3,1.3
0.1164,0.1099,6.4,0,-972.1,-1505.8,1.5168,-971.4,-1501.4,1.5229,5.2,109.6,-0.0000,9.4,170.2,0.0235,170.5,-0.2
0.1244,0.1172,7.2,0,-972.0,-1505.5,1.5214,-971.4,-1500.6,1.5229,5.6,117.1,0.0000,9.8,180.1,0.0053,180.3,-0.9
0.1329,0.1260,6.9,0,-971.7,-1505.0,1.5184,-971.4,-1499.5,1.5229,6.0,125.9,0.0000,9.4,191.4,0.0179,191.6,0.6
0.1406,0.1350,5.6,0,-971.8,-1504.3,1.5201,-971.3,-1498.4,1.5229,6.5,135.1,-0.0000,10.2,201.5,0.0109,201.7,-0.0
0.1488,0.1430,5.7,0,-972.0,-1504.1,1.5212,-971.2,-1497.3,1.5229,6.8,143.0,0.0000,11.3,212.8,0.0069,213.1,-0.7
0.1569,0.1514,5.5,0,-971.9,-1504.2,1.5223,-971.2,-1496.0,1.5229,7.2,151.0,0.0000,11.8,225.4,0.0026,225.7,-0.8
0.1648,0.1596,5.2,0,-972.3,-1502.6,1.5204,-971.1,-1494.8,1.5229,7.6,159.4,-0.0000,13.5,233.6,0.0102,233.9,-1.7
0.1724,0.1679,4.5,0,-972.4,-1501.8,1.5217,-971.1,-1493.4,1.5229,8.0,167.9,0.0000,14.4,241.5,0.0048,241.9,-2.5
0.1810,0.1767,4.3,0,-972.0,-1501.0,1.5196,-971.0,-1491.9,1.5229,8.4,176.4,-0.0000,13.5,243.5,0.0133,243.8,-1.0
0.1884,0.1849,3.4,0,-972.4,-1500.2,1.5226,-970.9,-1490.4,1.5229,8.8,184.6,0.0000,14.8,246.7,0.0011,247.2,-2.9
0.1964,0.1938,2.6,0,-972.0,-1499.1,1.5222,-970.8,-1488.7,1.5229,9.3,193.5,0.0000,13.9,248.5,0.0031,248.9,-1.8
0.2045,0.2022,2.3,0,-972.7,-1498.1,1.5324,-970.8,-1487.1,1.5229,9.6,200.2,0.0000,16.2,250.6,-0.0380,251.0,-6.6
0.2129,0.2104,2.5,0,-972.3,-1495.7,1.5326,-970.7,-1485.4,1.5229,9.5,199.3,0.0000,15.2,248.4,-0.0381,248.8,-5.6
0.2204,0.2189,1.4,0,-973.2,-1494.6,1.5413,-970.6,-1483.7,1.5229,9.6,200.1,-0.0000,18.3,250.1,-0.0731,250.6,-10.9
0.2287,0.2275,1.2,0,-972.7,-1493.1,1.5537,-970.5,-1482.0,1.5229,9.6,199.8,0.0000,16.9,250.9,-0.1226,251.2,-12.6
0.2369,0.2356,1.2,0,-972.6,-1492.0,1.5563,-970.4,-1480.4,1.5229,9.6,199.8,-0.0000,16.9,252.5,-0.1327,252.7,-13.2
0.2443,0.2356,8.7,0,-972.6,-1492.0,1.5563,-970.4,-1480.4,1.5229,9.6,199.8,-0.0000,16.7,251.3,-0.1287,251.6,-12.8
0.2527,0.2525,0.1,0,-971.9,-1487.5,1.5685,-970.3,-1477.0,1.5229,9.6,199.8,0.0000,15.3,249.3,-0.1822,249.3,-14.7
0.2603,0.2525,7.7,0,-971.9,-1487.5,1.5685,-970.3,-1477.0,1.5229,9.6,199.8,0.0000,15.1,248.2,-0.1766,248.2,-14.2
0.2689,0.2641,4.7,0,-971.6,-1486.4,1.5783,-970.2,-1474.7,1.5229,9.6,199.8,-0.0000,14.7,252.2,-0.2179,252.1,-16.3
0.2775,0.2704,7.1,0,-971.4,-1484.1,1.5837,-970.1,-1473.4,1.5229,9.6,199.8,0.0000,14.3,248.5,-0.2370,248.3,-17.2
0.2841,0.2790,5.1,0,-971.0,-1482.0,1.5861,-970.0,-1471.7,1.5229,9.6,199.8,-0.0000,13.3,247.7,-0.2477,247.5,-16.8
0.2930,0.2866,6.4,0,-971.1,-1480.3,1.5918,-970.0,-1470.2,1.5229,9.6,199.8,0.0000,13.7,247.1,-0.2690,246.8,-18.5
0.3005,0.2949,5.6,0,-970.6,-1477.5,1.5913,-969.9,-1468.5,1.5229,9.6,199.8,0.0000,12.5,243.7,-0.2672,243.4,-17.1
0.3086,0.3033,5.3,0,-970.5,-1474.7,1.5891,-969.8,-1466.9,1.5229,9.6,199.8,0.0000,12.6,240.4,-0.2590,240.2,-16.6
0.3165,0.3141,2.4,0,-970.3,-1472.4,1.5891,-969.7,-1464.7,1.5229,9.6,199.8,0.0000,12.1,240.6,-0.2620,240.4,-16.3
0.3252,0.3206,4.6,0,-969.8,-1469.0,1.5867,-969.6,-1463.4,1.5229,9.6,199.8,-0.0000,10.9,234.1,-0.2503,233.9,-14.4
0.3320,0.3288,3.2,0,-969.4,-1467.1,1.5857,-969.6,-1461.8,1.5229,9.6,199.8,0.0000,9.9,233.3,-0.2480,233.1,-13.2
0.3406,0.3370,3.6,0,-969.1,-1465.0,1.5939,-969.5,-1460.1,1.5229,9.6,199.8,-0.0000,9.2,232.1,-0.2802,231.8,-14.4
0.3485,0.3471,1.4,0,-969.1,-1461.7,1.5875,-969.4,-1458.1,1.5229,9.6,199.8,-0.0000,9.5,228.2,-0.2564,228.1,-13.2
0.3565,0.3542,2.3,0,-969.1,-1459.9,1.5840,-969.3,-1456.7,1.5229,9.6,199.8,-0.0000,9.7,227.2,-0.2418,227.1,-12.6
0.3641,0.3629,1.2,0,-967.5,-1456.7,1.5718,-969.2,-1455.0,1.5229,9.6,199.8,0.0000,5.4,222.7,-0.1943,222.7,-5.6
0.3729,0.3629,10.0,0,-967.5,-1456.7,1.5718,-969.2,-1455.0,1.5229,9.6,199.8,0.0000,5.5,222.1,-0.1877,222.1,-5.3
0.3800,0.3742,5.8,0,-968.3,-1453.9,1.5741,-969.1,-1452.7,1.5229,9.6,199.8,0.0000,8.1,221.1,-0.2002,221.0,-8.6
0.3885,0.3884,0.1,0,-967.1,-1447.9,1.5690,-969.0,-1449.9,1.5229,9.6,199.8,-0.0000,4.7,211.9,-0.1841,211.9,-4.3
0.3964,0.3963,0.1,0,-965.8,-1445.0,1.5619,-968.9,-1448.3,1.5229,9.6,199.8,0.0000,1.1,208.0,-0.1556,208.0,0.8
0.4048,0.4047,0.1,0,-965.4,-1442.3,1.5488,-968.8,-1446.6,1.5229,9.6,199.8,-0.0000,0.1,204.7,-0.1033,204.7,4.4
0.4125,0.4047,7.8,0,-965.4,-1442.3,1.5488,-968.8,-1446.6,1.5229,9.6,199.8,-0.0000,0.3,204.6,-0.1001,204.6,4.4
0.4207,0.4149,5.7,0,-965.5,-1439.4,1.5531,-968.7,-1444.6,1.5229,9.6,199.8,0.0000,0.8,202.3,-0.1184,202.3,2.9
0.4283,0.4219,6.4,0,-965.2,-1437.0,1.5405,-968.7,-1443.2,1.5229,9.6,199.8,0.0000,0.1,199.2,-0.0673,199.1,6.1
0.4367,0.4302,6.5,0,-965.0,-1433.4,1.5378,-968.6,-1441.5,1.5229,9.6,199.8,0.0000,-0.1,193.5,-0.0579,193.4,6.6
0.4445,0.4385,6.0,0,-965.1,-1430.6,1.5346,-968.5,-1439.9,1.5229,9.6,199.8,-0.0000,0.3,190.0,-0.0453,189.9,6.7
0.4531,0.4477,5.4,0,-964.5,-1428.2,1.5295,-968.4,-1438.0,1.5229,9.6,199.8,0.0000,-1.3,188.5,-0.0253,188.3,9.1
0.4607,0.4562,4.5,0,-964.5,-1425.8,1.5273,-968.3,-1436.3,1.5229,9.6,199.8,-0.0000,-1.1,186.2,-0.0171,186.0,9.2
0.4685,0.4641,4.5,0,-964.6,-1422.1,1.5174,-968.3,-1434.7,1.5229,9.6,199.8,-0.0000,-0.3,179.9,0.0223,179.6,9.9
0.4766,0.4765,0.1,0,-964.5,-1419.7,1.5093,-968.1,-1432.3,1.5229,9.6,199.8,0.0000,-0.6,180.2,0.0546,179.8,11.6
0.4843,0.4811,3.2,0,-964.2,-1417.0,1.5145,-968.1,-1431.3,1.5229,9.6,199.8,0.0000,-1.1,175.0,0.0333,174.6,10.9
0.4928,0.4892,3.6,0,-964.4,-1415.0,1.5046,-968.0,-1429.7,1.5229,9.6,199.8,-0.0000,-0.3,173.7,0.0727,173.3,11.8
0.5009,0.4981,2.8,0,-964.2,-1412.7,1.5112,-967.9,-1427.9,1.5229,9.6,199.8,0.0000,-0.7,172.3,0.0462,172.0,11.0
0.5088,0.5064,2.3,0,-963.9,-1409.9,1.5060,-967.9,-1426.3,1.5229,9.6,199.8,0.0000,-1.5,169.0,0.0675,168.5,12.4
0.5165,0.5151,1.4,0,-964.2,-1407.6,1.5062,-967.8,-1424.6,1.5229,9.6,199.8,0.0000,-0.1,167.1,0.0666,166.7,10.9
0.5249,0.5235,1.4,0,-963.9,-1405.6,1.4972,-967.7,-1422.9,1.5229,9.6,199.8,0.0000,-0.9,166.2,0.1024,165.7,13.1
0.5324,0.5322,0.1,0,-964.3,-1403.7,1.4984,-967.6,-1421.1,1.5229,9.6,199.8,-0.0000,0.4,165.5,0.0981,165.1,11.6
0.5402,0.5401,0.1,0,-964.3,-1401.8,1.5022,-967.5,-1419.6,1.5229,9.6,199.8,0.0000,0.7,164.4,0.0830,164.1,10.5
0.5487,0.5401,8.6,0,-964.3,-1401.8,1.5022,-967.5,-1419.6,1.5229,9.6,199.8,0.0000,1.0,165.3,0.0802,165.0,10.3
0.5561,0.5502,5.9,0,-964.5,-1400.0,1.5036,-967.4,-1417.5,1.5229,9.6,199.8,-0.0000,1.7,165.7,0.0756,165.4,9.4
0.5650,0.5607,4.3,0,-964.7,-1397.6,1.4980,-967.3,-1415.4,1.5229,9.6,199.8,-0.0000,2.6,164.7,0.0986,164.4,9.3
0.5730,0.5694,3.6,0,-964.7,-1396.0,1.4957,-967.2,-1413.7,1.5229,9.6,199.8,-0.0000,2.9,165.0,0.1076,164.8,9.4
0.5807,0.5694,11.3,0,-964.7,-1396.0,1.4957,-967.2,-1413.7,1.5229,9.6,199.8,-0.0000,3.1,165.8,0.1041,165.6,9.2
0.5882,0.5826,5.6,0,-964.1,-1394.4,1.4991,-967.1,-1411.1,1.5229,9.6,199.8,-0.0000,1.5,168.4,0.0931,168.1,10.5
0.5965,0.5909,5.6,0,-964.4,-1392.8,1.5099,-967.0,-1409.4,1.5229,9.6,199.8,-0.0000,2.6,168.4,0.0502,168.2,7.5
0.6054,0.6051,0.2,0,-964.8,-1390.2,1.5026,-966.9,-1406.6,1.5229,9.6,199.8,-0.0000,4.0,168.6,0.0814,168.5,7.5
0.6128,0.6051,7.7,0,-964.8,-1390.2,1.5026,-966.9,-1406.6,1.5229,9.6,199.8,-0.0000,4.1,169.3,0.0790,169.2,7.3
0.6209,0.6157,5.2,0,-964.8,-1389.2,1.5052,-966.8,-1404.5,1.5229,9.6,199.8,-0.0000,4.6,172.5,0.0693,172.4,6.7
0.6281,0.6255,2.6,0,-965.0,-1387.6,1.5090,-966.7,-1402.5,1.5229,9.6,199.8,-0.0000,5.3,173.1,0.0550,173.1,5.3
0.6362,0.6314,4.8,0,-965.4,-1386.4,1.5187,-966.7,-1401.3,1.5229,9.6,199.8,-0.0000,6.6,173.4,0.0158,173.5,2.4
0.6444,0.6377,6.7,0,-965.2,-1385.4,1.5218,-966.6,-1400.1,1.5229,9.6,199.8,-0.0000,6.4,174.3,0.0042,174.4,2.1
0.6530,0.6472,5.8,0,-965.5,-1384.6,1.5234,-966.5,-1398.2,1.5229,9.6,199.8,-0.0000,7.4,177.4,-0.0019,177.6,1.1
0.6602,0.6540,6.3,0,-965.4,-1384.0,1.5185,-966.4,-1396.8,1.5229,9.6,199.8,0.0000,7.3,179.7,0.0179,179.8,2.1
0.6685,0.6622,6.3,0,-965.4,-1383.0,1.5241,-966.4,-1395.2,1.5229,9.6,199.8,0.0000,7.7,181.7,-0.0049,181.9,0.8
0.6768,0.6710,5.8,0,-965.4,-1381.9,1.5282,-966.3,-1393.4,1.5229,9.6,199.8,-0.0000,7.8,183.6,-0.0210,183.7,-0.0
0.6845,0.6800,4.5,0,-966.2,-1381.2,1.5343,-966.2,-1391.6,1.5229,9.6,199.8,0.0000,10.4,186.8,-0.0451,187.1,-3.5
0.6923,0.6877,4.6,0,-967.4,-1381.0,1.5401,-966.1,-1390.1,1.5229,9.6,199.8,0.0000,14.2,190.9,-0.0679,191.2,-8.3
0.7006,0.6955,5.1,0,-965.8,-1379.6,1.5432,-966.0,-1388.5,1.5229,9.6,199.8,0.0000,9.7,191.2,-0.0795,191.4,-4.3
0.7085,0.7012,7.2,0,-966.4,-1379.1,1.5433,-966.0,-1387.4,1.5229,9.6,199.8,-0.0000,11.8,193.2,-0.0793,193.5,-6.4
0.7162,0.7088,7.4,0,-967.3,-1379.2,1.5518,-965.9,-1385.9,1.5229,9.6,199.8,-0.0000,14.6,198.0,-0.1132,198.3,-10.8
0.7250,0.7182,6.7,0,-966.6,-1379.5,1.5439,-965.8,-1384.0,1.5229,9.6,199.8,-0.0000,12.6,204.3,-0.0807,204.5,-6.9
0.7329,0.7262,6.7,0,-965.3,-1377.7,1.5310,-965.7,-1382.4,1.5229,9.6,199.8,0.0000,9.0,203.6,-0.0300,203.8,-0.8
0.7409,0.7343,6.6,0,-965.2,-1377.9,1.5566,-965.7,-1380.8,1.5229,9.6,199.8,-0.0000,9.1,209.2,-0.1337,209.3,-6.1
0.7488,0.7440,4.8,0,-964.8,-1377.9,1.5548,-965.6,-1378.8,1.5229,9.6,199.8,0.0000,8.0,214.7,-0.1247,214.8,-4.4
0.7561,0.7514,4.7,0,-964.7,-1376.7,1.5634,-965.5,-1377.3,1.5229,9.6,199.8,-0.0000,8.1,215.5,-0.1594,215.5,-6.4
0.7644,0.7597,4.7,0,-965.1,-1376.1,1.5411,-965.4,-1375.7,1.5229,9.6,199.8,-0.0000,9.6,218.7,-0.0697,218.9,-2.9
0.7731,0.7683,4.8,0,-965.7,-1376.4,1.5731,-965.3,-1374.0,1.5229,9.6,199.8,-0.0000,11.4,224.9,-0.1993,224.9,-11.8
0.7802,0.7766,3.5,0,-964.2,-1374.6,1.5727,-965.3,-1372.3,1.5229,9.6,199.8,-0.0000,7.1,224.4,-0.1960,224.4,-7.3
0.7891,0.7835,5.6,0,-964.1,-1373.5,1.5671,-965.2,-1370.9,1.5229,9.6,199.8,0.0000,7.1,225.0,-0.1724,225.1,-6.0
0.7961,0.7935,2.6,0,-963.6,-1373.2,1.5732,-965.1,-1368.9,1.5229,9.6,199.8,-0.0000,6.1,230.3,-0.1993,230.3,-6.5
0.8043,0.8020,2.3,0,-963.6,-1372.7,1.5759,-965.0,-1367.2,1.5229,9.6,199.8,-0.0000,6.1,233.8,-0.2099,233.8,-7.2
0.8129,0.8103,2.6,0,-963.2,-1371.9,1.5751,-964.9,-1365.6,1.5229,9.6,199.8,-0.0000,5.2,236.4,-0.2064,236.4,-6.1
0.8202,0.8188,1.4,0,-962.8,-1370.7,1.5765,-964.9,-1363.9,1.5229,9.6,199.8,-0.0000,4.3,238.1,-0.2131,238.0,-5.5
0.8286,0.8273,1.3,0,-962.6,-1368.6,1.5916,-964.8,-1362.2,1.5229,9.6,199.8,0.0000,4.0,236.8,-0.2735,236.7,-8.8
0.8370,0.8358,1.2,0,-962.0,-1368.1,1.5836,-964.7,-1360.5,1.5229,9.6,199.8,-0.0000,2.5,240.3,-0.2412,240.3,-5.4
0.8448,0.8447,0.1,0,-961.9,-1367.2,1.5856,-964.6,-1358.7,1.5229,9.6,199.8,-0.0000,2.4,243.3,-0.2504,243.2,-6.0
0.8528,0.8527,0.1,0,-961.1,-1366.3,1.5811,-964.5,-1357.1,1.5229,9.6,199.8,-0.0000,0.1,245.3,-0.2324,245.2,-2.6
0.8606,0.8527,7.9,0,-961.1,-1366.3,1.5811,-964.5,-1357.1,1.5229,9.6,199.8,-0.0000,0.3,244.2,-0.2252,244.2,-2.4
0.8681,0.8609,7.2,0,-959.6,-1366.0,1.5731,-964.5,-1355.5,1.5229,9.6,199.8,-0.0000,-4.0,248.5,-0.1940,248.5,3.9
0.8761,0.8698,6.3,0,-958.9,-1364.7,1.5858,-964.4,-1353.7,1.5229,9.6,199.8,0.0000,-5.7,249.8,-0.2464,249.8,2.3
0.8850,0.8782,6.9,0,-957.8,-1363.1,1.5920,-964.3,-1352.0,1.5229,9.6,199.8,0.0000,-8.7,250.1,-0.2694,250.2,3.8
0.8928,0.8862,6.6,0,-957.1,-1361.5,1.5880,-964.2,-1350.4,1.5229,9.6,199.8,0.0000,-10.5,250.0,-0.2531,250.2,6.7
0.9001,0.8947,5.4,0,-957.1,-1360.0,1.5844,-964.1,-1348.7,1.5229,9.6,199.8,-0.0000,-10.5,250.9,-0.2403,251.0,7.4
0.9087,0.9035,5.3,0,-956.2,-1357.9,1.5852,-964.1,-1347.0,1.5229,9.6,199.8,-0.0000,-12.7,249.8,-0.2439,249.9,9.4
0.9163,0.9119,4.4,0,-956.0,-1356.3,1.5833,-964.0,-1345.3,1.5229,9.6,199.8,-0.0000,-13.2,250.1,-0.2371,250.2,10.3
0.9248,0.9202,4.6,0,-956.4,-1354.0,1.5716,-963.9,-1343.6,1.5229,9.6,199.8,0.0000,-11.8,248.3,-0.1902,248.3,11.9
0.9324,0.9288,3.6,0,-955.6,-1352.3,1.5682,-963.8,-1341.9,1.5229,9.6,199.8,0.0000,-13.8,248.5,-0.1781,248.4,14.7
0.9411,0.9377,3.3,0,-954.9,-1350.2,1.5638,-963.7,-1340.1,1.5229,9.6,199.8,-0.0000,-15.9,247.4,-0.1610,247.3,17.8
0.9484,0.9459,2.6,0,-954.6,-1348.1,1.5486,-963.6,-1338.5,1.5229,9.6,199.8,-0.0000,-16.6,246.3,-0.1010,245.8,22.1
0.9571,0.9545,2.6,0,-954.4,-1345.5,1.5546,-963.6,-1336.8,1.5229,9.6,199.8,0.0000,-16.9,243.5,-0.1256,243.2,20.9
0.9640,0.9628,1.2,0,-953.0,-1344.2,1.5402,-963.5,-1335.1,1.5229,9.6,199.8,-0.0000,-21.1,244.9,-0.0683,244.2,28.6
0.9727,0.9715,1.1,0,-952.4,-1341.6,1.5327,-963.4,-1333.4,1.5229,9.6,199.8,0.0000,-22.5,242.2,-0.0387,241.1,31.7
0.9809,0.9795,1.4,0,-952.2,-1338.7,1.5339,-963.3,-1331.8,1.5229,9.6,199.8,0.0000,-22.9,238.4,-0.0435,237.4,31.7
0.9887,0.9885,0.2,0,-951.7,-1336.4,1.5222,-963.2,-1330.0,1.5229,9.6,199.8,0.0000,-24.1,237.1,0.0028,235.6,35.6
0.9960,0.9885,7.5,0,-951.7,-1336.4,1.5222,-963.2,-1330.0,1.5229,9.6,199.8,0.0000,-23.4,236.3,0.0027,234.8,34.8
1.0046,0.9961,8.5,0,-951.9,-1333.0,1.5319,-963.2,-1328.5,1.5229,9.6,199.8,0.0000,-22.4,230.5,-0.0360,229.4,31.3
1.0124,1.0048,7.6,0,-951.7,-1330.7,1.5196,-963.1,-1326.7,1.5229,9.6,199.8,-0.0000,-22.9,229.1,0.0143,227.6,34.6
1.0210,1.0132,7.8,0,-951.2,-1327.6,1.5208,-963.0,-1325.0,1.5229,9.6,199.8,-0.0000,-24.4,224.8,0.0083,223.3,35.6
1.0284,1.0218,6.6,0,-951.2,-1324.8,1.5119,-962.9,-1323.3,1.5229,9.6,199.8,0.0000,-24.1,221.5,0.0439,219.7,37.1
1.0366,1.0304,6.2,0,-951.1,-1322.5,1.5207,-962.8,-1321.6,1.5229,9.6,199.8,0.0000,-24.3,220.0,0.0077,218.5,35.2
1.0450,1.0386,6.4,0,-950.7,-1319.3,1.5184,-962.8,-1320.0,1.5229,9.6,199.8,-0.0000,-25.2,215.3,0.0181,213.7,36.4
1.0530,1.0469,6.1,0,-950.8,-1317.4,1.5162,-962.7,-1318.3,1.5229,9.6,199.8,-0.0000,-24.5,214.7,0.0267,213.1,36.2
1.0604,1.0557,4.7,0,-950.8,-1313.7,1.5087,-962.6,-1316.6,1.5229,9.6,199.8,-0.0000,-24.4,209.1,0.0563,207.2,37.3
1.0685,1.0639,4.6,0,-950.7,-1311.3,1.5062,-962.5,-1314.9,1.5229,9.6,199.8,0.0000,-24.6,206.8,0.0661,204.7,37.8
1.0769,1.0723,4.6,0,-950.8,-1307.8,1.5112,-962.4,-1313.2,1.5229,9.6,199.8,-0.0000,-23.9,201.3,0.0456,199.6,35.8
1.0847,1.0808,3.9,0,-949.9,-1306.0,1.5165,-962.4,-1311.5,1.5229,9.6,199.8,-0.0000,-26.6,201.2,0.0252,199.5,37.5
1.0929,1.0895,3.4,0,-950.5,-1303.0,1.5040,-962.3,-1309.8,1.5229,9.6,199.8,-0.0000,-24.5,197.2,0.0753,195.2,37.6
1.1012,1.0975,3.7,0,-950.8,-1300.6,1.5055,-962.2,-1308.2,1.5229,9.6,199.8,0.0000,-23.3,194.9,0.0687,193.0,36.0
1.1088,1.1062,2.6,0,-950.8,-1298.6,1.4966,-962.1,-1306.5,1.5229,9.6,199.8,0.0000,-23.2,194.1,0.1046,191.9,37.4
1.1160,1.1148,1.2,0,-950.9,-1295.5,1.5031,-962.0,-1304.8,1.5229,9.6,199.8,-0.0000,-23.0,190.1,0.0789,188.1,35.8
1.1243,1.1148,9.5,0,-950.9,-1295.5,1.5031,-962.0,-1304.8,1.5229,9.6,199.8,-0.0000,-22.2,190.3,0.0764,188.4,34.8
1.1322,1.1270,5.3,0,-950.5,-1292.7,1.4946,-961.9,-1302.3,1.5229,9.6,199.8,0.0000,-23.3,189.0,0.1117,186.7,37.5
1.1405,1.1360,4.5,0,-950.7,-1291.1,1.4985,-961.8,-1300.5,1.5229,9.6,199.8,0.0000,-22.6,189.7,0.0958,187.6,36.2
1.1486,1.1439,4.7,0,-951.2,-1288.1,1.5023,-961.8,-1298.9,1.5229,9.6,199.8,-0.0000,-20.9,185.5,0.0808,183.6,33.5
1.1571,1.1523,4.8,0,-950.7,-1285.7,1.4963,-961.7,-1297.3,1.5229,9.6,199.8,-0.0000,-21.9,183.1,0.1049,181.0,35.4
1.1647,1.1613,3.3,0,-951.4,-1283.8,1.4933,-961.6,-1295.4,1.5229,9.6,199.8,-0.0000,-19.9,182.9,0.1173,180.8,33.9
1.1725,1.1689,3.6,0,-951.5,-1281.7,1.5004,-961.5,-1293.9,1.5229,9.6,199.8,0.0000,-19.1,181.4,0.0884,179.6,31.8
1.1807,1.1770,3.7,0,-951.7,-1279.4,1.5073,-961.4,-1292.3,1.5229,9.6,199.8,-0.0000,-18.6,179.3,0.0614,177.8,29.9
1.1885,1.1832,5.3,0,-952.5,-1277.3,1.4899,-961.4,-1291.1,1.5229,9.6,199.8,0.0000,-15.9,176.9,0.1308,175.0,30.0
1.1962,1.1925,3.7,0,-952.6,-1275.5,1.5051,-961.3,-1289.2,1.5229,9.6,199.8,0.0000,-15.5,176.8,0.0695,175.5,26.9
1.2047,1.1994,5.3,0,-952.6,-1273.6,1.5048,-961.2,-1287.8,1.5229,9.6,199.8,0.0000,-15.0,175.5,0.0712,174.1,26.5
1.2122,1.2077,4.5,0,-953.1,-1271.9,1.5047,-961.1,-1286.2,1.5229,9.6,199.8,-0.0000,-13.5,175.2,0.0715,173.9,24.9
1.2204,1.2158,4.6,0,-953.8,-1270.2,1.4933,-961.1,-1284.6,1.5229,9.6,199.8,0.0000,-10.9,175.1,0.1173,173.7,24.4
1.2290,1.2264,2.6,0,-955.9,-1268.5,1.4921,-961.0,-1282.4,1.5229,9.6,199.8,0.0000,-4.7,176.0,0.1220,175.0,18.5
1.2367,1.2331,3.6,0,-955.1,-1266.8,1.5034,-960.9,-1281.1,1.5229,9.6,199.8,0.0000,-6.7,175.0,0.0762,174.1,18.4
1.2443,1.2410,3.3,0,-955.2,-1265.3,1.5005,-960.8,-1279.5,1.5229,9.6,199.8,-0.0000,-6.3,175.2,0.0888,174.4,18.6
1.2529,1.2494,3.5,0,-956.5,-1263.7,1.5045,-960.7,-1277.9,1.5229,9.6,199.8,0.0000,-2.0,175.7,0.0727,175.2,13.6
1.2602,1.2601,0.1,0,-956.8,-1261.9,1.5060,-960.6,-1275.7,1.5229,9.6,199.8,-0.0000,-1.1,176.4,0.0676,175.9,12.5
1.2683,1.2668,1.5,0,-957.3,-1261.2,1.5079,-960.6,-1274.4,1.5229,9.6,199.8,0.0000,0.5,178.4,0.0598,178.1,10.7
1.2767,1.2754,1.3,0,-958.8,-1260.7,1.5105,-960.5,-1272.7,1.5229,9.6,199.8,0.0000,5.4,181.9,0.0495,181.9,5.6
1.2849,1.2836,1.2,0,-957.7,-1258.9,1.5135,-960.4,-1271.0,1.5229,9.6,199.8,-0.0000,2.3,181.4,0.0374,181.2,8.1
1.2924,1.2836,8.8,0,-957.7,-1258.9,1.5135,-960.4,-1271.0,1.5229,9.6,199.8,-0.0000,2.5,181.8,0.0363,181.7,7.9
1.3004,1.3003,0.1,0,-958.8,-1256.9,1.5119,-960.3,-1267.7,1.5229,9.6,199.8,0.0000,6.1,185.5,0.0440,185.5,4.9
1.3084,1.3003,8.1,0,-958.8,-1256.9,1.5119,-960.3,-1267.7,1.5229,9.6,199.8,0.0000,6.1,185.8,0.0426,185.8,4.7
1.3165,1.3093,7.2,0,-959.1,-1256.5,1.5095,-960.2,-1265.9,1.5229,9.6,199.8,0.0000,7.3,190.0,0.0524,190.1,4.3
1.3247,1.3173,7.4,0,-960.1,-1255.7,1.5106,-960.1,-1264.3,1.5229,9.6,199.8,-0.0000,10.6,192.2,0.0478,192.4,0.9
1.3321,1.3278,4.4,0,-960.6,-1254.4,1.5179,-960.0,-1262.2,1.5229,9.6,199.8,0.0000,12.3,194.5,0.0192,194.9,-2.0
1.3409,1.3344,6.4,0,-960.9,-1253.0,1.5225,-959.9,-1260.9,1.5229,9.6,199.8,0.0000,13.4,194.3,0.0013,194.7,-4.0
1.3482,1.3426,5.6,0,-962.0,-1252.3,1.5221,-959.9,-1259.2,1.5229,9.6,199.8,-0.0000,16.8,197.1,0.0032,197.7,-7.2
1.3568,1.3510,5.8,0,-961.9,-1252.1,1.5208,-959.8,-1257.6,1.5229,9.6,199.8,0.0000,16.6,201.4,0.0086,202.0,-6.5
1.3646,1.3609,3.7,0,-962.3,-1251.4,1.5247,-959.7,-1255.6,1.5229,9.6,199.8,-0.0000,18.2,205.1,-0.0070,205.7,-8.7
1.3723,1.3680,4.4,0,-963.1,-1250.4,1.5285,-959.6,-1254.2,1.5229,9.6,199.8,0.0000,20.8,206.3,-0.0219,207.0,-12.0
1.3808,1.3763,4.5,0,-963.4,-1249.5,1.5269,-959.5,-1252.5,1.5229,9.6,199.8,0.0000,21.8,208.8,-0.0153,209.5,-12.6
1.3880,1.3846,3.4,0,-963.5,-1248.1,1.5360,-959.4,-1250.8,1.5229,9.6,199.8,0.0000,22.6,209.4,-0.0521,210.1,-15.3
1.3964,1.3846,11.8,0,-963.5,-1248.1,1.5360,-959.4,-1250.8,1.5229,9.6,199.8,0.0000,22.3,209.2,-0.0498,209.8,-14.8
1.4048,1.4033,1.5,0,-964.1,-1245.9,1.5164,-959.3,-1247.1,1.5229,9.6,199.8,0.0000,24.8,214.0,0.0263,215.1,-13.1
1.4130,1.4107,2.3,0,-964.2,-1245.2,1.5249,-959.2,-1245.6,1.5229,9.6,199.8,-0.0000,25.3,216.4,-0.0081,217.3,-15.4
1.4210,1.4185,2.4,0,-964.2,-1244.2,1.5151,-959.1,-1244.1,1.5229,9.6,199.8,0.0000,25.5,218.0,0.0314,219.1,-13.4
1.4282,1.4281,0.1,0,-964.4,-1243.1,1.5139,-959.0,-1242.2,1.5229,9.6,199.8,-0.0000,26.6,220.6,0.0360,221.7,-14.0
1.4363,1.4362,0.1,0,-964.8,-1242.1,1.5168,-959.0,-1240.6,1.5229,9.6,199.8,0.0000,27.9,222.3,0.0244,223.5,-15.9
1.4440,1.4439,0.1,0,-964.6,-1241.4,1.5192,-958.9,-1239.0,1.5229,9.6,199.8,0.0000,27.7,224.9,0.0148,226.0,-16.1
1.4529,1.4439,9.0,0,-964.6,-1241.4,1.5192,-958.9,-1239.0,1.5229,9.6,199.8,0.0000,27.2,224.2,0.0143,225.3,-15.7
1.4607,1.4439,16.8,0,-964.6,-1241.4,1.5192,-958.9,-1239.0,1.5229,9.6,199.8,0.0000,26.9,224.6,0.0139,225.6,-15.3
1.4686,1.4614,7.1,0,-964.0,-1238.3,1.5220,-958.7,-1235.5,1.5229,9.6,199.8,0.0000,25.9,224.9,0.0034,225.9,-14.9
1.4771,1.4693,7.8,0,-964.7,-1237.0,1.5177,-958.6,-1233.9,1.5229,9.6,199.8,-0.0000,27.8,218.7,0.0207,219.9,-16.2
1.4850,1.4778,7.1,0,-964.1,-1236.3,1.5390,-958.6,-1232.2,1.5229,9.6,199.9,0.0000,25.9,215.1,-0.0646,215.9,-19.0
1.4929,1.4864,6.4,0,-964.6,-1233.8,1.5199,-958.5,-1230.5,1.5229,9.6,199.6,0.0000,27.4,203.7,0.0137,204.8,-16.9
1.5008,1.4948,6.0,0,-964.3,-1232.2,1.5235,-958.4,-1228.8,1.5229,9.6,200.8,0.0000,26.3,195.5,-0.0027,196.5,-17.0
1.5092,1.5034,5.8,0,-963.8,-1230.7,1.5200,-958.3,-1227.1,1.5229,9.3,194.3,-0.0000,24.6,187.3,0.0120,188.3,-15.1
1.5163,1.5117,4.6,0,-963.4,-1230.0,1.5385,-958.2,-1225.5,1.5229,9.0,188.8,0.0000,23.3,182.5,-0.0625,183.1,-17.4
1.5249,1.5213,3.6,0,-963.3,-1227.9,1.5365,-958.2,-1223.8,1.5229,8.5,178.5,-0.0000,22.9,171.8,-0.0533,172.5,-16.9
1.5332,1.5294,3.8,0,-962.9,-1226.3,1.5313,-958.1,-1222.4,1.5229,8.2,170.2,-0.0000,21.4,162.0,-0.0326,162.7,-15.0
1.5405,1.5370,3.5,0,-962.3,-1224.3,1.5484,-958.0,-1221.1,1.5229,7.8,162.9,-0.0000,19.5,151.7,-0.1013,152.1,-16.1
1.5481,1.5457,2.4,0,-961.5,-1223.2,1.5459,-958.0,-1219.7,1.5229,7.4,154.4,-0.0000,17.0,144.3,-0.0908,144.6,-13.4
1.5570,1.5544,2.6,0,-961.1,-1220.8,1.5407,-957.9,-1218.4,1.5229,7.0,145.5,0.0000,15.5,131.7,-0.0700,132.1,-11.5
1.5649,1.5626,2.3,0,-960.2,-1218.3,1.5388,-957.8,-1217.2,1.5229,6.6,137.2,-0.0000,12.6,119.2,-0.0628,119.5,-8.8
1.5730,1.5707,2.3,0,-959.3,-1217.2,1.5488,-957.8,-1216.2,1.5229,6.2,128.9,-0.0000,9.6,109.8,-0.1027,110.0,-7.2
1.5801,1.5800,0.1,0,-958.5,-1215.6,1.5374,-957.7,-1215.0,1.5229,5.7,119.6,0.0000,7.2,100.9,-0.0579,101.1,-3.8
1.5889,1.5800,8.9,0,-958.5,-1215.6,1.5374,-957.7,-1215.0,1.5229,5.7,119.6,0.0000,6.7,92.1,-0.0559,92.3,-3.6
1.5961,1.5894,6.6,0,-958.3,-1212.9,1.5329,-957.7,-1213.9,1.5229,5.3,110.6,-0.0000,5.9,79.3,-0.0383,79.5,-2.8
1.6052,1.5977,7.4,0,-957.9,-1211.1,1.5445,-957.6,-1213.0,1.5229,4.9,102.2,0.0000,4.2,66.7,-0.0850,66.7,-2.4
1.6133,1.6132,0.1,0,-956.9,-1206.7,1.5287,-957.6,-1211.6,1.5229,4.1,86.6,-0.0000,1.4,50.6,-0.0230,50.6,0.7
1.6203,1.6132,7.1,0,-956.9,-1206.7,1.5287,-957.6,-1211.6,1.5229,4.1,86.6,-0.0000,0.7,41.2,-0.0224,41.2,1.0
1.6285,1.6215,7.0,0,-956.1,-1205.2,1.5357,-957.5,-1210.9,1.5229,3.8,78.7,0.0000,-2.1,29.8,-0.0505,29.7,3.1
1.6371,1.6302,6.9,0,-956.5,-1204.8,1.5415,-957.5,-1210.2,1.5229,3.3,69.9,-0.0000,-1.1,21.8,-0.0730,21.7,1.7
1.6444,1.6389,5.4,0,-954.1,-1202.7,1.5339,-957.5,-1209.7,1.5229,2.9,61.0,0.0000,-8.5,9.2,-0.0422,8.9,8.8
1.6526,1.6468,5.9,0,-953.5,-1201.5,1.5277,-957.5,-1209.2,1.5229,2.5,53.1,0.0000,-10.8,-3.7,-0.0179,-4.2,10.7
1.6606,1.6555,5.1,0,-953.8,-1198.8,1.5299,-957.4,-1208.8,1.5229,2.1,44.1,0.0000,-10.1,-18.0,-0.0274,-18.4,9.3
1.6683,1.6639,4.3,0,-952.2,-1197.0,1.5273,-957.4,-1208.5,1.5229,1.7,36.0,0.0000,-15.3,-30.6,-0.0168,-31.2,13.9
1.6767,1.6721,4.6,0,-952.3,-1196.9,1.5264,-957.4,-1208.2,1.5229,1.3,28.1,0.0000,-15.4,-38.5,-0.0135,-39.1,13.7
1.6842,1.6808,3.5,0,-951.9,-1194.8,1.5261,-957.4,-1208.0,1.5229,0.9,18.6,-0.0000,-16.9,-52.1,-0.0126,-52.8,14.6
1.6928,1.6889,3.8,0,-951.7,-1193.4,1.5212,-957.4,-1207.9,1.5229,0.5,9.8,-0.0000,-17.9,-65.7,0.0070,-66.5,14.6
1.7012,1.6974,3.8,0,-951.4,-1192.5,1.5168,-957.4,-1207.8,1.5229,0.2,5.2,0.0000,-19.2,-77.6,0.0245,-78.5,15.0
1.7090,1.7053,3.7,0,-951.7,-1192.4,1.5141,-957.4,-1207.8,1.5229,-0.3,-5.5,-0.0000,-18.8,-86.4,0.0348,-87.4,13.9
1.7168,1.7145,2.3,0,-951.5,-1192.1,1.5068,-957.4,-1207.9,1.5229,-0.6,-13.5,0.0000,-20.0,-96.7,0.0644,-97.8,13.8
1.7251,1.7226,2.5,0,-951.4,-1192.0,1.5052,-957.4,-1208.1,1.5229,-1.1,-22.3,0.0000,-20.6,-106.8,0.0704,-107.9,13.6
1.7330,1.7314,1.6,0,-951.9,-1191.6,1.5057,-957.4,-1208.3,1.5229,-1.5,-31.2,-0.0000,-19.6,-117.2,0.0686,-118.2,11.9
1.7410,1.7397,1.2,0,-952.2,-1192.1,1.4997,-957.4,-1208.6,1.5229,-1.9,-39.7,0.0000,-19.3,-125.0,0.0926,-126.0,10.4
1.7480,1.7480,0.1,0,-952.6,-1192.5,1.5026,-957.4,-1209.0,1.5229,-2.3,-48.0,0.0000,-18.5,-133.0,0.0814,-134.0,9.4
1.7568,1.7567,0.1,0,-952.1,-1193.3,1.4955,-957.5,-1209.4,1.5229,-2.7,-56.9,0.0000,-20.6,-141.6,0.1097,-142.8,9.9
1.7642,1.7567,7.6,0,-952.1,-1193.3,1.4955,-957.5,-1209.4,1.5229,-2.7,-56.9,0.0000,-20.6,-147.7,0.1064,-148.9,9.6
1.7732,1.7651,8.1,0,-952.8,-1194.0,1.4828,-957.5,-1209.9,1.5229,-3.1,-65.0,-0.0000,-18.9,-156.5,0.1573,-157.5,5.2
1.7807,1.7734,7.3,0,-952.8,-1194.6,1.4930,-957.5,-1210.5,1.5229,-3.5,-73.1,0.0000,-19.4,-165.0,0.1152,-166.0,6.7
1.7883,1.7820,6.3,0,-954.1,-1195.8,1.4757,-957.5,-1211.2,1.5229,-3.9,-82.0,-0.0000,-16.1,-172.0,0.1859,-172.8,-0.1
1.7961,1.7906,5.4,0,-954.4,-1197.3,1.4891,-957.6,-1211.9,1.5229,-4.3,-90.7,0.0000,-15.8,-178.5,0.1313,-179.2,1.4
1.8048,1.7994,5.4,0,-955.6,-1198.0,1.4666,-957.6,-1212.8,1.5229,-4.7,-99.1,0.0000,-12.9,-188.8,0.2226,-189.1,-6.7
1.8120,1.8077,4.4,0,-956.4,-1199.5,1.4813,-957.7,-1213.6,1.5229,-5.1,-107.3,0.0000,-11.1,-194.9,0.1625,-195.1,-6.1
1.8202,1.8157,4.5,0,-957.0,-1200.5,1.4832,-957.7,-1214.5,1.5229,-5.5,-115.5,-0.0000,-9.7,-202.9,0.1562,-202.9,-7.9
1.8281,1.8245,3.6,0,-957.7,-1202.5,1.4737,-957.8,-1215.6,1.5229,-6.0,-124.4,-0.0000,-8.3,-209.0,0.1948,-208.8,-11.9
1.8365,1.8327,3.8,0,-958.8,-1203.8,1.4727,-957.8,-1216.6,1.5229,-6.4,-132.9,-0.0000,-5.6,-217.7,0.1979,-217.2,-15.6
1.8446,1.8410,3.6,0,-960.4,-1206.1,1.4809,-957.9,-1217.8,1.5229,-6.8,-141.1,0.0000,-1.4,-223.1,0.1654,-222.3,-18.4
1.8524,1.8496,2.9,0,-960.2,-1208.6,1.4810,-957.9,-1219.0,1.5229,-7.1,-149.2,0.0000,-2.5,-227.9,0.1658,-227.2,-17.8
1.8606,1.8583,2.3,0,-961.9,-1210.9,1.4935,-958.0,-1220.3,1.5229,-7.6,-158.0,0.0000,1.8,-233.1,0.1164,-232.3,-19.7
1.8686,1.8662,2.4,0,-963.3,-1212.3,1.4983,-958.0,-1221.6,1.5229,-8.0,-166.2,0.0000,5.4,-242.5,0.0973,-241.5,-22.9
1.8769,1.8737,3.2,0,-964.9,-1214.6,1.4963,-958.1,-1222.9,1.5229,-8.3,-173.6,0.0000,9.8,-240.8,0.1052,-239.4,-27.6
1.8843,1.8843,0.1,0,-965.3,-1217.1,1.5041,-958.2,-1224.8,1.5229,-8.8,-183.9,-0.0000,11.0,-240.4,0.0755,-239.1,-27.0
1.8922,1.8921,0.1,0,-967.2,-1219.7,1.4994,-958.3,-1226.2,1.5229,-9.1,-190.9,0.0000,16.2,-237.5,0.0943,-235.8,-33.2
1.9002,1.8921,8.1,0,-967.2,-1219.7,1.4994,-958.3,-1226.2,1.5229,-9.1,-190.9,0.0000,15.6,-236.5,0.0912,-234.8,-32.3
1.9084,1.9005,7.9,0,-968.1,-1222.4,1.4987,-958.3,-1227.9,1.5229,-9.6,-199.7,-0.0000,18.2,-233.3,0.0941,-231.4,-34.8
1.9168,1.9091,7.8,0,-969.5,-1225.1,1.5144,-958.4,-1229.6,1.5229,-9.5,-199.1,0.0000,22.1,-230.6,0.0311,-229.0,-34.9
1.9250,1.9169,8.1,0,-971.0,-1227.2,1.5111,-958.5,-1231.2,1.5229,-9.6,-200.1,-0.0000,26.2,-229.0,0.0464,-227.0,-39.8
1.9322,1.9259,6.3,0,-971.7,-1230.0,1.5177,-958.6,-1233.0,1.5229,-9.6,-199.8,-0.0000,28.1,-226.0,0.0196,-224.2,-40.0
1.9407,1.9343,6.4,0,-971.8,-1233.3,1.5161,-958.7,-1234.7,1.5229,-9.6,-199.8,-0.0000,28.1,-221.3,0.0270,-219.4,-40.1
1.9481,1.9432,5.0,0,-972.6,-1236.7,1.5256,-958.8,-1236.4,1.5229,-9.6,-199.8,-0.0000,30.7,-216.7,-0.0112,-215.1,-40.4
1.9565,1.9508,5.6,0,-974.5,-1238.5,1.5286,-958.8,-1237.9,1.5229,-9.6,-199.8,-0.0000,36.0,-215.9,-0.0225,-214.2,-45.1
1.9646,1.9600,4.6,0,-976.1,-1241.8,1.5389,-958.9,-1239.8,1.5229,-9.6,-199.8,0.0000,40.4,-211.4,-0.0633,-210.0,-47.1
1.9722,1.9678,4.4,0,-977.0,-1244.3,1.5395,-959.0,-1241.3,1.5229,-9.6,-199.8,0.0000,42.9,-208.9,-0.0652,-207.4,-49.5
1.9808,1.9767,4.0,0,-977.8,-1246.2,1.5236,-959.1,-1243.1,1.5229,-9.6,-199.8,-0.0000,45.1,-208.3,-0.0015,-205.9,-54.9
1.9883,1.9849,3.4,0,-978.0,-1249.9,1.5267,-959.2,-1244.8,1.5229,-9.6,-199.8,-0.0000,45.7,-202.1,-0.0148,-199.9,-54.5
1.9968,1.9932,3.6,0,-979.1,-1252.2,1.5276,-959.2,-1246.4,1.5229,-9.6,-199.8,0.0000,48.5,-200.4,-0.0185,-198.1,-57.1
2.0043,2.0019,2.4,0,-979.1,-1255.6,1.5258,-959.3,-1248.1,1.5229,-9.6,-199.8,-0.0000,48.4,-195.3,-0.0111,-192.9,-57.1
2.0123,2.0111,1.2,0,-979.3,-1258.3,1.5317,-959.4,-1250.0,1.5229,-9.6,-199.8,0.0000,49.2,-192.8,-0.0348,-190.7,-56.7
2.0210,2.0186,2.4,0,-980.0,-1260.8,1.5317,-959.5,-1251.5,1.5229,-9.6,-199.8,-0.0000,50.8,-189.8,-0.0347,-187.7,-58.2
2.0287,2.0186,10.2,0,-980.0,-1260.8,1.5317,-959.5,-1251.5,1.5229,-9.6,-199.8,-0.0000,49.4,-190.1,-0.0336,-188.0,-56.8
2.0368,2.0355,1.2,0,-981.3,-1265.5,1.5397,-959.6,-1254.9,1.5229,-9.6,-199.8,-0.0000,54.4,-185.9,-0.0670,-184.1,-60.2
2.0440,2.0439,0.1,0,-981.8,-1267.8,1.5456,-959.7,-1256.5,1.5229,-9.6,-199.8,-0.0000,55.6,-183.9,-0.0905,-182.4,-60.3
2.0524,2.0523,0.1,0,-981.7,-1269.8,1.5516,-959.8,-1258.2,1.5229,-9.6,-199.8,-0.0000,55.4,-183.0,-0.1147,-181.9,-58.9
2.0608,2.0523,8.5,0,-981.7,-1269.8,1.5516,-959.8,-1258.2,1.5229,-9.6,-199.8,-0.0000,53.7,-183.4,-0.1109,-182.3,-57.4
2.0684,2.0630,5.3,0,-981.9,-1272.1,1.5436,-959.9,-1260.4,1.5229,-9.6,-199.8,-0.0000,54.6,-182.9,-0.0802,-181.4,-59.7
2.0770,2.0692,7.9,0,-981.1,-1274.8,1.5484,-960.0,-1261.6,1.5229,-9.6,-199.8,0.0000,51.6,-178.4,-0.0993,-177.2,-55.6
2.0846,2.0778,6.8,0,-981.7,-1276.1,1.5464,-960.0,-1263.3,1.5229,-9.6,-199.8,-0.0000,53.4,-179.8,-0.0910,-178.4,-57.9
2.0930,2.0865,6.6,0,-981.7,-1277.8,1.5530,-960.1,-1265.0,1.5229,-9.6,-199.8,0.0000,53.0,-179.9,-0.1179,-178.9,-56.3
2.1010,2.0969,4.0,0,-981.6,-1279.5,1.5520,-960.2,-1267.1,1.5229,-9.6,-199.8,-0.0000,53.1,-180.8,-0.1142,-179.8,-56.5
2.1085,2.1036,4.9,0,-979.9,-1281.7,1.5474,-960.3,-1268.5,1.5229,-9.6,-199.8,-0.0000,47.6,-178.4,-0.0955,-177.2,-51.9
2.1162,2.1150,1.2,0,-979.8,-1283.9,1.5428,-960.4,-1270.7,1.5229,-9.6,-199.8,-0.0000,47.5,-178.5,-0.0790,-177.1,-52.5
2.1244,2.1200,4.4,0,-979.0,-1285.2,1.5525,-960.4,-1271.7,1.5229,-9.6,-199.8,0.0000,44.4,-177.5,-0.1169,-176.7,-47.7
2.1328,2.1313,1.5,0,-978.5,-1286.6,1.5473,-960.6,-1274.0,1.5229,-9.6,-199.8,0.0000,43.2,-180.0,-0.0969,-178.9,-47.4
2.1406,2.1373,3.3,0,-978.2,-1288.3,1.5391,-960.6,-1275.2,1.5229,-9.6,-199.8,0.0000,41.7,-178.6,-0.0632,-177.2,-47.4
2.1490,2.1465,2.5,0,-977.5,-1289.8,1.5349,-960.7,-1277.0,1.5229,-9.6,-199.8,-0.0000,39.7,-179.6,-0.0474,-178.1,-46.1
2.1568,2.1542,2.6,0,-976.8,-1291.2,1.5456,-960.8,-1278.6,1.5229,-9.6,-199.8,0.0000,37.3,-179.9,-0.0901,-178.9,-41.9
2.1640,2.1639,0.1,0,-976.1,-1291.8,1.5396,-960.9,-1280.5,1.5229,-9.6,-199.8,-0.0000,35.1,-183.8,-0.0667,-182.6,-40.8
2.1730,2.1707,2.3,0,-975.2,-1293.1,1.5302,-960.9,-1281.9,1.5229,-9.6,-199.8,-0.0000,32.1,-184.0,-0.0285,-182.6,-39.5
2.1809,2.1794,1.5,0,-974.3,-1293.9,1.5244,-961.0,-1283.6,1.5229,-9.6,-199.8,-0.0000,29.4,-187.0,-0.0055,-185.4,-38.0
2.1889,2.1876,1.2,0,-972.5,-1295.9,1.5278,-961.1,-1285.3,1.5229,-9.6,-199.8,-0.0000,23.7,-185.9,-0.0194,-184.8,-31.7
2.1961,2.1876,8.5,0,-972.5,-1295.9,1.5278,-961.1,-1285.3,1.5229,-9.6,-199.8,-0.0000,23.0,-186.2,-0.0188,-185.1,-31.0
2.2047,2.2046,0.1,0,-971.5,-1297.4,1.5242,-961.3,-1288.6,1.5229,-9.6,-199.8,-0.0000,20.3,-191.5,-0.0052,-190.4,-29.2
2.2125,2.2046,7.9,0,-971.5,-1297.4,1.5242,-961.3,-1288.6,1.5229,-9.6,-199.8,-0.0000,19.7,-191.7,-0.0051,-190.6,-28.6
2.2212,2.2211,0.1,0,-969.5,-1299.3,1.5285,-961.4,-1291.9,1.5229,-9.6,-199.8,0.0000,13.8,-195.6,-0.0221,-194.9,-22.1
2.2286,2.2211,7.5,0,-969.5,-1299.3,1.5285,-961.4,-1291.9,1.5229,-9.6,-199.8,0.0000,13.3,-195.7,-0.0215,-195.0,-21.6
2.2367,2.2303,6.4,0,-969.0,-1299.8,1.5249,-961.5,-1293.8,1.5229,-9.6,-199.8,-0.0000,11.6,-199.8,-0.0071,-199.0,-20.8
2.2447,2.2383,6.4,0,-968.0,-1300.3,1.5254,-961.6,-1295.4,1.5229,-9.6,-199.8,0.0000,8.5,-202.9,-0.0095,-202.3,-17.7
2.2525,2.2468,5.7,0,-966.1,-1302.7,1.5205,-961.7,-1297.1,1.5229,-9.6,-199.8,-0.0000,2.6,-200.9,0.0100,-200.5,-12.7
2.2610,2.2552,5.8,0,-965.5,-1303.1,1.5148,-961.7,-1298.8,1.5229,-9.6,-199.8,0.0000,0.6,-204.7,0.0323,-204.3,-12.1
2.2685,2.2638,4.6,0,-964.8,-1304.3,1.5264,-961.8,-1300.5,1.5229,-9.6,-199.8,-0.0000,-1.6,-206.1,-0.0146,-206.0,-7.5
2.2767,2.2721,4.6,0,-964.2,-1304.9,1.5218,-961.9,-1302.1,1.5229,-9.6,-199.8,0.0000,-3.6,-209.4,0.0049,-209.3,-6.7
2.2851,2.2805,4.6,0,-964.2,-1306.2,1.5232,-962.0,-1303.8,1.5229,-9.6,-199.8,0.0000,-3.8,-210.5,-0.0013,-210.5,-6.2
2.2926,2.2890,3.6,0,-963.5,-1306.9,1.5297,-962.1,-1305.5,1.5229,-9.6,-199.8,0.0000,-6.3,-213.4,-0.0269,-213.5,-2.4
2.3000,2.2976,2.4,0,-963.1,-1307.8,1.5224,-962.1,-1307.2,1.5229,-9.6,-199.8,-0.0000,-7.6,-215.9,0.0023,-216.0,-2.8
2.3088,2.3062,2.6,0,-962.0,-1310.0,1.5335,-962.2,-1308.9,1.5229,-9.6,-199.8,0.0000,-11.1,-214.5,-0.0423,-214.8,3.1
2.3168,2.3145,2.3,0,-960.5,-1311.1,1.5264,-962.3,-1310.6,1.5229,-9.6,-199.8,-0.0000,-16.0,-216.1,-0.0135,-216.6,6.3
2.3250,2.3226,2.4,0,-960.1,-1312.5,1.5176,-962.4,-1312.2,1.5229,-9.6,-199.8,-0.0000,-17.2,-216.9,0.0214,-217.5,5.6
2.3329,2.3314,1.5,0,-961.0,-1313.3,1.5353,-962.5,-1314.0,1.5229,-9.6,-199.8,-0.0000,-14.7,-219.9,-0.0496,-220.3,6.9
2.3409,2.3396,1.2,0,-960.0,-1314.8,1.5337,-962.6,-1315.6,1.5229,-9.6,-199.8,-0.0000,-18.0,-220.1,-0.0428,-220.6,9.8
2.3481,2.3480,0.1,0,-959.0,-1316.6,1.5197,-962.6,-1317.3,1.5229,-9.6,-199.8,-0.0000,-21.2,-219.8,0.0131,-220.6,10.0
2.3568,2.3567,0.1,0,-958.4,-1317.5,1.5307,-962.7,-1319.0,1.5229,-9.6,-199.8,0.0000,-23.3,-222.2,-0.0311,-223.0,14.4
2.3648,2.3567,8.1,0,-958.4,-1317.5,1.5307,-962.7,-1319.0,1.5229,-9.6,-199.8,0.0000,-22.9,-221.7,-0.0301,-222.4,14.0
2.3728,2.3659,6.9,0,-958.1,-1318.9,1.5291,-962.8,-1320.9,1.5229,-9.6,-199.8,0.0000,-24.2,-223.2,-0.0238,-224.0,14.8
2.3841,2.3839,0.2,0,-958.5,-1321.9,1.5199,-963.0,-1324.5,1.5229,-9.6,-199.8,-0.0000,-23.8,-225.4,0.0123,-226.3,12.3
2.3895,2.3887,0.7,0,-958.3,-1324.0,1.5229,-963.0,-1325.4,1.5229,-9.6,-199.8,0.0000,-24.4,-221.9,0.0002,-222.9,13.8
2.3967,2.3887,8.0,0,-958.3,-1324.0,1.5229,-963.0,-1325.4,1.5229,-9.6,-199.8,0.0000,-24.1,-221.5,0.0002,-222.4,13.5
2.4049,2.3990,5.9,0,-957.8,-1325.4,1.5237,-963.1,-1327.5,1.5229,-9.6,-199.8,-0.0000,-26.2,-223.7,-0.0030,-224.7,15.6
2.4126,2.4072,5.5,0,-957.8,-1326.4,1.5181,-963.2,-1329.1,1.5229,-9.6,-199.8,0.0000,-26.3,-225.4,0.0194,-226.5,14.3
2.4210,2.4154,5.6,0,-958.2,-1328.6,1.5192,-963.3,-1330.8,1.5229,-9.6,-199.8,0.0000,-25.3,-223.7,0.0146,-224.7,13.7
2.4284,2.4258,2.6,0,-958.4,-1330.6,1.5150,-963.4,-1332.8,1.5229,-9.6,-199.8,-0.0000,-25.4,-224.1,0.0316,-225.2,12.8
2.4368,2.4345,2.3,0,-958.1,-1332.2,1.5153,-963.5,-1334.6,1.5229,-9.6,-199.8,-0.0000,-26.4,-224.8,0.0303,-225.9,13.9
2.4446,2.4421,2.5,0,-958.9,-1333.9,1.5163,-963.5,-1336.1,1.5229,-9.6,-199.8,0.0000,-24.2,-224.2,0.0263,-225.2,11.9
2.4529,2.4495,3.4,0,-958.8,-1335.7,1.5082,-963.6,-1337.6,1.5229,-9.6,-199.8,0.0000,-24.8,-223.0,0.0587,-224.1,10.8
2.4603,2.4580,2.3,0,-958.8,-1337.9,1.5119,-963.7,-1339.3,1.5229,-9.6,-199.8,0.0000,-24.8,-221.7,0.0437,-222.8,11.8
2.4686,2.4661,2.4,0,-959.5,-1339.4,1.5183,-963.8,-1340.9,1.5229,-9.6,-199.8,0.0000,-23.2,-222.1,0.0180,-223.0,11.5
2.4765,2.4751,1.4,0,-959.4,-1341.3,1.5089,-963.8,-1342.7,1.5229,-9.6,-199.8,0.0000,-23.8,-221.7,0.0562,-222.8,10.0
2.4846,2.4834,1.2,0,-959.5,-1344.4,1.5148,-963.9,-1344.4,1.5229,-9.6,-199.8,-0.0000,-23.7,-217.4,0.0323,-218.4,11.5
2.4928,2.4916,1.3,0,-960.0,-1345.9,1.5169,-964.0,-1346.0,1.5229,-9.6,-199.8,0.0000,-22.5,-217.9,0.0242,-218.8,10.7
2.5002,2.5001,0.1,0,-961.0,-1347.5,1.5108,-964.1,-1347.7,1.5229,-9.6,-199.8,-0.0000,-19.8,-218.4,0.0487,-219.2,6.6
2.5084,2.5001,8.3,0,-961.0,-1347.5,1.5108,-964.1,-1347.7,1.5229,-9.6,-199.8,-0.0000,-19.5,-217.9,0.0471,-218.7,6.5
2.5168,2.5103,6.4,0,-961.8,-1350.2,1.5265,-964.2,-1349.7,1.5229,-9.6,-199.8,-0.0000,-17.5,-216.0,-0.0153,-216.5,7.9
2.5248,2.5190,5.8,0,-961.7,-1352.0,1.5282,-964.3,-1351.5,1.5229,-9.6,-199.8,0.0000,-18.1,-215.8,-0.0205,-216.4,8.9
2.5328,2.5270,5.8,0,-962.8,-1353.4,1.5309,-964.3,-1353.0,1.5229,-9.6,-199.8,-0.0000,-14.8,-216.4,-0.0312,-216.9,6.1
2.5402,2.5347,5.5,0,-963.7,-1355.4,1.5194,-964.4,-1354.6,1.5229,-9.6,-199.8,-0.0000,-12.6,-215.0,0.0147,-215.3,1.5
2.5491,2.5424,6.7,0,-963.6,-1358.7,1.5384,-964.5,-1356.1,1.5229,-9.6,-199.8,0.0000,-13.0,-209.8,-0.0620,-210.1,6.2
2.5567,2.5525,4.2,0,-964.0,-1360.2,1.5310,-964.6,-1358.1,1.5229,-9.6,-199.8,0.0000,-12.1,-211.4,-0.0312,-211.8,3.6
2.5650,2.5596,5.4,0,-964.9,-1362.0,1.5190,-964.7,-1359.6,1.5229,-9.6,-199.8,-0.0000,-9.8,-210.2,0.0165,-210.5,-1.2
2.5725,2.5680,4.5,0,-965.3,-1364.7,1.5246,-964.7,-1361.2,1.5229,-9.6,-199.8,-0.0000,-8.7,-207.3,-0.0068,-207.4,-0.9
2.5805,2.5762,4.3,0,-965.4,-1366.4,1.5263,-964.8,-1362.9,1.5229,-9.6,-199.8,0.0000,-8.7,-207.1,-0.0132,-207.3,-0.5
2.5881,2.5847,3.4,0,-966.9,-1368.5,1.5325,-964.9,-1364.6,1.5229,-9.6,-199.8,0.0000,-4.5,-205.9,-0.0381,-205.9,-3.4
2.5972,2.5934,3.7,0,-967.0,-1371.5,1.5331,-965.0,-1366.3,1.5229,-9.6,-199.8,0.0000,-4.5,-202.2,-0.0401,-202.2,-3.2
2.6049,2.6016,3.3,0,-968.0,-1373.0,1.5341,-965.1,-1368.0,1.5229,-9.6,-199.8,0.0000,-1.7,-202.5,-0.0439,-202.5,-5.7
2.6131,2.6107,2.4,0,-970.3,-1375.0,1.5489,-965.1,-1369.8,1.5229,-9.6,-199.8,0.0000,5.0,-202.0,-0.1034,-201.9,-9.5
2.6208,2.6184,2.5,0,-968.9,-1378.0,1.5361,-965.2,-1371.3,1.5229,-9.6,-199.8,0.0000,0.6,-197.7,-0.0517,-197.5,-7.5
2.6283,2.6270,1.2,0,-970.0,-1379.4,1.5437,-965.3,-1373.0,1.5229,-9.6,-199.8,-0.0000,3.7,-198.8,-0.0828,-198.6,-9.1
2.6365,2.6353,1.2,0,-971.7,-1381.5,1.5321,-965.4,-1374.7,1.5229,-9.6,-199.8,-0.0000,8.4,-197.4,-0.0360,-197.0,-16.0
2.6441,2.6440,0.1,0,-970.6,-1384.0,1.5383,-965.5,-1376.4,1.5229,-9.6,-199.8,-0.0000,4.9,-194.9,-0.0614,-194.6,-11.3
2.6526,2.6525,0.1,0,-971.5,-1385.0,1.5300,-965.5,-1378.1,1.5229,-9.6,-199.8,-0.0000,7.5,-197.1,-0.0282,-196.6,-15.6
2.6600,2.6525,7.5,0,-971.5,-1385.0,1.5300,-965.5,-1378.1,1.5229,-9.6,-199.8,-0.0000,7.2,-197.1,-0.0274,-196.7,-15.2
2.6686,2.6616,7.0,0,-971.5,-1387.7,1.5310,-965.6,-1379.9,1.5229,-9.6,-199.8,-0.0000,6.9,-194.7,-0.0316,-194.2,-14.6
2.6767,2.6689,7.8,0,-971.8,-1390.0,1.5188,-965.7,-1381.4,1.5229,-9.6,-199.8,0.0000,7.3,-192.2,0.0176,-191.5,-17.4
2.6850,2.6775,7.5,0,-972.2,-1391.2,1.5258,-965.8,-1383.1,1.5229,-9.6,-199.8,-0.0000,8.6,-193.6,-0.0120,-193.0,-17.2
2.6922,2.6858,6.4,0,-972.8,-1392.6,1.5308,-965.9,-1384.8,1.5229,-9.6,-199.8,-0.0000,10.2,-194.3,-0.0312,-193.7,-17.9
2.7000,2.6949,5.1,0,-972.5,-1395.2,1.5197,-965.9,-1386.6,1.5229,-9.6,-199.8,0.0000,8.9,-192.1,0.0137,-191.4,-18.8
2.7086,2.7043,4.3,0,-973.2,-1397.3,1.5161,-966.0,-1388.5,1.5229,-9.6,-199.8,0.0000,10.8,-191.3,0.0270,-190.4,-21.2
2.7169,2.7114,5.5,0,-974.1,-1398.5,1.5220,-966.1,-1389.9,1.5229,-9.6,-199.8,0.0000,13.3,-192.0,0.0031,-191.2,-22.6
2.7246,2.7200,4.6,0,-974.7,-1400.3,1.5242,-966.2,-1391.6,1.5229,-9.6,-199.8,0.0000,14.8,-191.9,-0.0051,-191.0,-23.7
2.7329,2.7294,3.4,0,-974.8,-1401.9,1.5138,-966.3,-1393.5,1.5229,-9.6,-199.8,0.0000,14.9,-192.6,0.0368,-191.4,-25.9
2.7401,2.7368,3.2,0,-974.9,-1403.7,1.5240,-966.4,-1395.0,1.5229,-9.6,-199.8,-0.0000,15.1,-191.7,-0.0046,-190.8,-24.0
2.7481,2.7455,2.6,0,-974.8,-1405.8,1.5258,-966.4,-1396.7,1.5229,-9.6,-199.8,0.0000,14.6,-190.6,-0.0113,-189.8,-23.1
2.7569,2.7525,4.4,0,-975.6,-1407.2,1.5201,-966.5,-1398.1,1.5229,-9.6,-199.8,0.0000,16.4,-190.5,0.0116,-189.4,-26.1
2.7643,2.7629,1.4,0,-976.5,-1407.8,1.5235,-966.6,-1400.2,1.5229,-9.6,-199.8,0.0000,19.0,-194.8,-0.0022,-193.7,-28.2
2.7722,2.7708,1.4,0,-976.2,-1409.6,1.5176,-966.7,-1401.8,1.5229,-9.6,-199.8,0.0000,18.0,-194.1,0.0215,-192.9,-28.4
2.7803,2.7791,1.2,0,-976.6,-1411.1,1.5121,-966.8,-1403.4,1.5229,-9.6,-199.8,-0.0000,19.0,-194.8,0.0431,-193.4,-30.4
2.7891,2.7876,1.4,0,-976.4,-1412.7,1.5250,-966.8,-1405.1,1.5229,-9.6,-199.8,-0.0000,18.3,-195.0,-0.0083,-194.0,-27.2
2.7972,2.7876,9.6,0,-976.4,-1412.7,1.5250,-966.8,-1405.1,1.5229,-9.6,-199.8,-0.0000,17.6,-195.1,-0.0077,-194.1,-26.5
2.8046,2.8045,0.1,0,-976.6,-1414.9,1.5182,-967.0,-1408.5,1.5229,-9.6,-199.8,0.0000,18.3,-198.4,0.0189,-197.2,-28.7
2.8126,2.8045,8.1,0,-976.6,-1414.9,1.5182,-967.0,-1408.5,1.5229,-9.6,-199.8,0.0000,17.7,-198.4,0.0182,-197.2,-28.0
2.8209,2.8129,8.0,0,-977.2,-1415.9,1.5160,-967.1,-1410.2,1.5229,-9.6,-199.8,0.0000,19.2,-200.5,0.0273,-199.2,-30.1
2.8282,2.8215,6.7,0,-976.1,-1418.1,1.5267,-967.2,-1411.9,1.5229,-9.6,-199.8,-0.0000,15.9,-199.2,-0.0159,-198.3,-24.6
2.8361,2.8315,4.6,0,-975.9,-1419.1,1.5245,-967.3,-1413.9,1.5229,-9.6,-199.8,-0.0000,15.3,-202.1,-0.0059,-201.1,-24.6
2.8445,2.8385,6.0,0,-976.4,-1420.3,1.5267,-967.3,-1415.3,1.5229,-9.6,-199.8,-0.0000,16.5,-202.6,-0.0148,-201.6,-25.4
2.8524,2.8470,5.4,0,-975.8,-1421.1,1.5269,-967.4,-1417.0,1.5229,-9.6,-199.8,0.0000,14.2,-205.2,-0.0155,-204.4,-23.2
2.8607,2.8561,4.6,0,-975.9,-1422.4,1.5310,-967.5,-1418.8,1.5229,-9.6,-199.8,0.0000,14.4,-206.8,-0.0321,-206.0,-22.6
2.8686,2.8659,2.7,0,-977.2,-1424.5,1.5144,-967.6,-1420.8,1.5229,-9.6,-199.8,0.0000,18.2,-206.6,0.0345,-205.3,-29.9
2.8761,2.8729,3.2,0,-975.2,-1425.6,1.5278,-967.7,-1422.2,1.5229,-9.6,-199.8,0.0000,12.0,-207.3,-0.0198,-206.6,-20.9
2.8849,2.8803,4.6,0,-974.7,-1426.4,1.5214,-967.7,-1423.6,1.5229,-9.6,-199.8,0.0000,10.1,-209.3,0.0066,-208.5,-20.5
2.8925,2.8889,3.6,0,-974.4,-1427.3,1.5202,-967.8,-1425.3,1.5229,-9.6,-199.8,0.0000,9.1,-211.7,0.0107,-211.0,-19.8
2.9009,2.8996,1.3,0,-974.8,-1428.5,1.5151,-967.9,-1427.5,1.5229,-9.6,-199.8,0.0000,10.1,-214.6,0.0312,-213.7,-22.0
2.9080,2.9058,2.2,0,-974.4,-1429.8,1.5229,-968.0,-1428.7,1.5229,-9.6,-199.8,-0.0000,8.7,-214.4,-0.0002,-213.8,-19.0
2.9168,2.9142,2.6,0,-973.9,-1431.4,1.5149,-968.0,-1430.4,1.5229,-9.6,-199.8,0.0000,7.1,-214.7,0.0323,-214.0,-19.1
2.9252,2.9226,2.6,0,-973.1,-1432.4,1.5202,-968.1,-1432.1,1.5229,-9.6,-199.8,0.0000,4.3,-216.6,0.0108,-216.1,-15.3
2.9329,2.9327,0.2,0,-972.9,-1433.3,1.5223,-968.2,-1434.1,1.5229,-9.6,-199.8,0.0000,3.6,-220.1,0.0024,-219.7,-14.3
2.9407,2.9395,1.2,0,-972.9,-1434.1,1.5186,-968.3,-1435.5,1.5229,-9.6,-199.8,0.0000,3.3,-221.7,0.0174,-221.3,-14.8
2.9486,2.9395,9.1,0,-972.9,-1434.1,1.5186,-968.3,-1435.5,1.5229,-9.6,-199.8,0.0000,3.0,-221.2,0.0168,-220.8,-14.5
2.9566,2.9565,0.1,0,-972.5,-1437.4,1.5099,-968.5,-1438.9,1.5229,-9.6,-199.8,0.0000,1.6,-222.0,0.0523,-221.5,-15.1
2.9650,2.9565,8.5,0,-972.5,-1437.4,1.5099,-968.5,-1438.9,1.5229,-9.6,-199.8,0.0000,1.3,-221.4,0.0505,-220.9,-14.7
2.9722,2.9662,6.0,0,-972.5,-1438.6,1.5073,-968.5,-1440.8,1.5229,-9.6,-199.8,-0.0000,1.2,-224.0,0.0615,-223.5,-15.4
2.9801,2.9734,6.6,0,-972.2,-1439.9,1.5101,-968.6,-1442.2,1.5229,-9.6,-199.8,0.0000,0.3,-224.3,0.0498,-223.9,-13.8
2.9883,2.9819,6.4,0,-972.3,-1441.2,1.5076,-968.7,-1443.9,1.5229,-9.6,-199.8,-0.0000,0.2,-225.4,0.0601,-225.0,-14.4
2.9968,2.9901,6.7,0,-971.9,-1442.8,1.5072,-968.8,-1445.6,1.5229,-9.6,-199.8,-0.0000,-1.1,-225.5,0.0613,-225.1,-13.1
3.0048,2.9997,5.1,0,-972.1,-1444.8,1.5081,-968.9,-1447.5,1.5229,-9.6,-199.8,0.0000,-0.8,-225.5,0.0579,-225.1,-13.2
3.0127,3.0073,5.4,0,-971.9,-1446.1,1.5064,-968.9,-1449.0,1.5229,-9.6,-199.8,0.0000,-1.6,-226.0,0.0650,-225.6,-12.8
3.0211,3.0154,5.6,0,-971.5,-1447.5,1.5107,-969.0,-1450.6,1.5229,-9.6,-199.8,0.0000,-3.2,-226.6,0.0477,-226.4,-10.3
3.0285,3.0239,4.6,0,-971.3,-1449.2,1.5079,-969.1,-1452.3,1.5229,-9.6,-199.8,0.0000,-3.8,-226.7,0.0594,-226.5,-10.4
3.0368,3.0367,0.1,0,-971.2,-1451.6,1.5057,-969.2,-1454.9,1.5229,-9.6,-199.8,0.0000,-4.5,-227.6,0.0690,-227.4,-10.4
3.0443,3.0410,3.3,0,-971.3,-1453.3,1.4926,-969.3,-1455.7,1.5229,-9.6,-199.8,-0.0000,-4.4,-224.7,0.1205,-224.3,-13.1
3.0522,3.0492,3.0,0,-970.9,-1454.5,1.5007,-969.3,-1457.4,1.5229,-9.6,-199.8,0.0000,-5.7,-226.1,0.0877,-225.9,-10.1
3.0603,3.0580,2.3,0,-971.1,-1457.0,1.4968,-969.4,-1459.1,1.5229,-9.6,-199.8,0.0000,-5.5,-223.8,0.1039,-223.6,-11.0
3.0688,3.0664,2.4,0,-971.0,-1458.1,1.4899,-969.5,-1460.8,1.5229,-9.6,-199.8,0.0000,-6.0,-225.6,0.1312,-225.3,-12.2
3.0763,3.0748,1.5,0,-970.4,-1460.2,1.4879,-969.6,-1462.5,1.5229,-9.6,-199.8,0.0000,-8.0,-224.5,0.1395,-224.4,-10.6
3.0846,3.0834,1.2,0,-970.1,-1462.3,1.4926,-969.7,-1464.2,1.5229,-9.6,-199.8,-0.0000,-9.2,-223.5,0.1208,-223.5,-8.3
3.0926,3.0913,1.2,0,-970.7,-1464.5,1.4829,-969.7,-1465.8,1.5229,-9.6,-199.8,0.0000,-7.6,-221.6,0.1597,-221.4,-11.9
3.1004,3.1002,0.2,0,-969.5,-1466.9,1.4829,-969.8,-1467.6,1.5229,-9.6,-199.8,0.0000,-11.5,-219.7,0.1599,-219.9,-7.8
3.1086,3.1084,0.2,0,-969.8,-1468.5,1.4899,-969.9,-1469.2,1.5229,-9.6,-199.8,0.0000,-10.7,-219.9,0.1320,-220.0,-7.1
3.1161,3.1084,7.7,0,-969.8,-1468.5,1.4899,-969.9,-1469.2,1.5229,-9.6,-199.8,0.0000,-10.7,-219.4,0.1280,-219.6,-6.8
3.1250,3.1166,8.4,0,-970.0,-1469.9,1.4803,-970.0,-1470.8,1.5229,-9.6,-199.8,0.0000,-10.5,-220.0,0.1663,-220.1,-9.2
3.1328,3.1255,7.4,0,-969.1,-1472.8,1.4702,-970.1,-1472.6,1.5229,-9.6,-199.8,0.0000,-13.4,-216.8,0.2062,-217.1,-8.2
3.1404,3.1340,6.4,0,-969.4,-1475.2,1.4798,-970.2,-1474.3,1.5229,-9.6,-199.8,0.0000,-12.5,-214.8,0.1675,-215.1,-6.8
3.1481,3.1425,5.6,0,-970.0,-1476.7,1.4796,-970.2,-1476.0,1.5229,-9.6,-199.8,-0.0000,-11.1,-215.5,0.1698,-215.6,-8.3
3.1572,3.1505,6.7,0,-969.5,-1479.8,1.4786,-970.3,-1477.6,1.5229,-9.6,-199.8,0.0000,-12.8,-210.7,0.1727,-211.0,-6.4
3.1651,3.1598,5.3,0,-969.6,-1481.4,1.4838,-970.4,-1479.5,1.5229,-9.6,-199.8,0.0000,-12.8,-212.7,0.1528,-213.1,-5.5
3.1721,3.1678,4.4,0,-970.0,-1483.2,1.4817,-970.5,-1481.1,1.5229,-9.6,-199.8,-0.0000,-11.5,-207.2,0.1621,-207.4,-6.8
3.1806,3.1760,4.7,0,-969.4,-1486.4,1.4744,-970.6,-1482.7,1.5229,-9.6,-199.9,-0.0000,-13.2,-196.1,0.1912,-196.5,-5.6
3.1883,3.1847,3.6,0,-969.7,-1487.7,1.4824,-970.6,-1484.4,1.5229,-9.6,-199.7,0.0000,-12.3,-189.6,0.1593,-190.0,-4.3
3.1968,3.1931,3.7,0,-969.8,-1490.1,1.4849,-970.7,-1486.1,1.5229,-9.6,-201.0,-0.0000,-11.8,-177.9,0.1500,-178.2,-3.4
3.2049,3.2014,3.4,0,-968.4,-1493.8,1.5006,-970.8,-1487.8,1.5229,-9.4,-196.6,-0.0000,-15.7,-163.4,0.0873,-164.1,4.3
3.2129,3.2102,2.7,0,-968.9,-1495.5,1.4949,-970.9,-1489.5,1.5229,-9.1,-190.0,-0.0000,-14.1,-155.0,0.1113,-155.6,2.3
3.2208,3.2185,2.3,0,-969.0,-1497.8,1.5056,-971.0,-1491.0,1.5229,-8.7,-181.8,-0.0000,-13.6,-143.7,0.0685,-144.3,4.2
3.2291,3.2266,2.4,0,-968.1,-1500.6,1.5018,-971.0,-1492.5,1.5229,-8.3,-173.0,-0.0000,-16.0,-130.7,0.0837,-131.5,7.0
3.2367,3.2353,1.4,0,-968.6,-1502.0,1.5034,-971.1,-1493.9,1.5229,-7.9,-164.5,0.0000,-14.5,-122.2,0.0777,-122.9,6.3
3.2440,3.2439,0.1,0,-968.9,-1504.2,1.5099,-971.2,-1495.3,1.5229,-7.5,-156.2,0.0000,-13.4,-111.5,0.0521,-112.1,6.6
3.2523,3.2522,0.1,0,-967.7,-1507.1,1.5067,-971.2,-1496.6,1.5229,-7.1,-147.8,0.0000,-16.8,-97.7,0.0650,-98.6,10.5
3.2606,3.2605,0.1,0,-968.8,-1508.4,1.5119,-971.3,-1497.8,1.5229,-6.7,-139.3,0.0000,-13.1,-88.6,0.0440,-89.3,7.8
3.2682,3.2605,7.7,0,-968.8,-1508.4,1.5119,-971.3,-1497.8,1.5229,-6.7,-139.3,0.0000,-12.5,-81.4,0.0427,-82.0,7.8
3.2760,3.2693,6.7,0,-969.4,-1509.6,1.5148,-971.3,-1498.9,1.5229,-6.2,-130.4,-0.0000,-10.5,-72.3,0.0314,-72.8,6.5
3.2841,3.2775,6.6,0,-969.2,-1512.5,1.5293,-971.4,-1500.0,1.5229,-5.8,-122.0,0.0000,-10.9,-58.2,-0.0261,-58.6,8.5
3.2923,3.2863,6.0,0,-968.4,-1514.1,1.5299,-971.4,-1501.0,1.5229,-5.4,-113.6,-0.0000,-13.0,-47.8,-0.0270,-48.3,11.0
3.3000,3.2948,5.2,0,-969.1,-1515.5,1.5332,-971.5,-1501.9,1.5229,-5.0,-105.3,0.0000,-10.8,-38.1,-0.0405,-38.5,9.3
3.3084,3.3024,6.0,0,-968.9,-1517.3,1.5345,-971.5,-1502.7,1.5229,-4.7,-97.3,-0.0000,-11.1,-25.8,-0.0452,-26.2,10.1
3.3165,3.3119,4.6,0,-969.5,-1518.8,1.5427,-971.6,-1503.6,1.5229,-4.2,-87.9,0.0000,-8.9,-14.7,-0.0781,-14.9,8.5
3.3244,3.3201,4.4,0,-969.6,-1520.6,1.5463,-971.6,-1504.3,1.5229,-3.8,-80.1,0.0000,-8.4,-2.4,-0.0923,-2.6,8.4
3.3323,3.3288,3.5,0,-969.4,-1521.2,1.5509,-971.6,-1504.9,1.5229,-3.4,-71.4,0.0000,-8.6,5.7,-0.1106,5.5,8.7
3.3403,3.3367,3.6,0,-969.2,-1522.3,1.5567,-971.6,-1505.5,1.5229,-3.0,-63.3,0.0000,-9.0,15.7,-0.1335,15.6,9.3
3.3485,3.3462,2.3,0,-969.1,-1523.4,1.5629,-971.7,-1506.0,1.5229,-2.6,-53.7,0.0000,-8.8,26.9,-0.1587,26.8,9.0
3.3566,3.3532,3.4,0,-969.0,-1524.8,1.5574,-971.7,-1506.4,1.5229,-2.2,-46.4,-0.0000,-8.7,40.7,-0.1358,40.6,9.2
3.3649,3.3623,2.6,0,-968.8,-1525.6,1.5719,-971.7,-1506.8,1.5229,-1.8,-37.5,0.0000,-9.3,44.7,-0.1945,44.8,9.3
3.3723,3.3710,1.3,0,-969.0,-1525.9,1.5771,-971.7,-1507.1,1.5229,-1.4,-29.1,0.0000,-8.1,55.1,-0.2156,55.1,7.7
3.3802,3.3790,1.2,0,-969.2,-1526.3,1.5708,-971.7,-1507.3,1.5229,-1.0,-21.0,-0.0000,-7.5,56.1,-0.1906,56.1,7.5
3.3887,3.3873,1.4,0,-969.3,-1526.3,1.5737,-971.7,-1507.4,1.5229,-0.5,-10.8,-0.0000,-7.2,56.2,-0.2020,56.2,7.0
3.3961,3.3960,0.1,0,-968.8,-1526.1,1.5674,-971.7,-1507.5,1.5229,-0.5,-10.0,-0.0000,-8.8,55.9,-0.1778,55.9,9.0
3.4044,3.4043,0.1,0,-969.1,-1525.8,1.5611,-971.7,-1507.5,1.5229,0.0,0.0,0.0000,-8.1,54.8,-0.1527,54.7,8.6
3.4131,3.4129,0.2,0,-969.0,-1525.6,1.5672,-971.7,-1507.5,1.5229,0.0,0.0,0.0000,-8.2,54.2,-0.1768,54.2,8.4
3.4202,3.4129,7.2,0,-969.0,-1525.6,1.5672,-971.7,-1507.5,1.5229,0.0,0.0,0.0000,-8.0,53.1,-0.1718,53.0,8.3
3.4288,3.4210,7.8,0,-969.6,-1524.7,1.5653,-971.7,-1507.5,1.5229,0.0,0.0,0.0000,-6.3,50.4,-0.1641,50.4,6.6
3.4365,3.4300,6.5,0,-969.1,-1523.4,1.5628,-971.7,-1507.5,1.5229,0.0,0.0,0.0000,-7.7,46.8,-0.1552,46.7,8.1
3.4446,3.4380,6.6,0,-969.5,-1522.4,1.5663,-971.7,-1507.5,1.5229,0.0,0.0,0.0000,-6.5,43.9,-0.1694,43.8,6.7
3.4525,3.4461,6.4,0,-969.6,-1521.2,1.5606,-971.7,-1507.5,1.5229,0.0,0.0,0.0000,-6.2,40.4,-0.1463,40.3,6.6
3.4604,3.4550,5.5,0,-969.5,-1520.6,1.5560,-971.7,-1507.5,1.5229,0.0,0.0,0.0000,-6.6,38.7,-0.1292,38.6,7.2
3.4686,3.4641,4.5,0,-969.5,-1519.8,1.5609,-971.7,-1507.5,1.5229,0.0,0.0,0.0000,-6.7,36.3,-0.1496,36.3,7.1
3.4769,3.4722,4.7,0,-969.6,-1518.7,1.5666,-971.7,-1507.5,1.5229,0.0,0.0,0.0000,-6.4,33.1,-0.1717,33.0,6.6
3.4849,3.4805,4.4,0,-969.8,-1516.7,1.5597,-971.7,-1507.5,1.5229,0.0,0.0,0.0000,-5.8,27.1,-0.1440,27.0,6.2
3.4920,3.4886,3.4,0,-969.7,-1515.3,1.5571,-971.7,-1507.5,1.5229,0.0,0.0,0.0000,-6.2,23.3,-0.1347,23.2,6.5
3.5013,3.4975,3.8,0,-969.7,-1514.7,1.5590,-971.7,-1507.5,1.5229,0.0,0.0,0.0000,-6.1,21.5,-0.1421,21.5,6.4
3.5084,3.5061,2.3,0,-969.9,-1513.5,1.5491,-971.7,-1507.5,1.5229,0.0,0.0,0.0000,-5.5,17.8,-0.1033,17.7,5.8
3.5167,3.5142,2.5,0,-970.0,-1511.5,1.5603,-971.7,-1507.5,1.5229,0.0,0.0,0.0000,-5.0,12.1,-0.1483,12.0,5.2
3.5251,3.5237,1.4,0,-970.5,-1510.1,1.5452,-971.7,-1507.5,1.5229,0.0,0.0,0.0000,-3.6,7.7,-0.0882,7.6,3.8
3.5327,3.5314,1.2,0,-970.7,-1508.9,1.5358,-971.7,-1507.5,1.5229,0.0,0.0,0.0000,-3.0,4.2,-0.0509,4.1,3.1
3.5407,3.5395,1.2,0,-970.5,-1507.5,1.5259,-971.7,-1507.5,1.5229,0.0,0.0,0.0000,-3.6,0.0,-0.0116,-0.2,3.6
3.5485,3.5484,0.1,0,-970.6,-1506.9,1.5333,-971.7,-1507.5,1.5229,0.0,0.0,0.0000,-3.4,-1.8,-0.0415,-1.9,3.3
3.5564,3.5563,0.1,0,-971.1,-1505.2,1.5121,-971.7,-1507.5,1.5229,0.0,0.0,0.0000,-2.0,-6.7,0.0435,-6.8,1.6
3.5653,3.5651,0.2,0,-971.3,-1504.1,1.5106,-971.7,-1507.5,1.5229,0.0,0.0,0.0000,-1.2,-10.0,0.0493,-10.1,0.6
3.5732,3.5651,8.0,0,-971.3,-1504.1,1.5106,-971.7,-1507.5,1.5229,0.0,0.0,0.0000,-1.2,-9.8,0.0477,-9.8,0.6
3.5808,3.5735,7.3,0,-971.7,-1502.6,1.5084,-971.7,-1507.5,1.5229,0.0,0.0,0.0000,0.0,-14.3,0.0569,-14.3,-0.9
3.5884,3.5818,6.6,0,-971.9,-1501.4,1.5059,-971.7,-1507.5,1.5229,0.0,0.0,0.0000,0.6,-17.8,0.0665,-17.8,-1.8
3.5970,3.5900,7.0,0,-972.6,-1501.2,1.5032,-971.7,-1507.5,1.5229,0.0,0.0,0.0000,2.6,-18.6,0.0772,-18.4,-3.8
3.6052,3.5993,5.9,0,-972.5,-1500.4,1.4873,-971.7,-1507.5,1.5229,0.0,0.0,0.0000,2.2,-20.9,0.1406,-20.7,-4.0
3.6126,3.6071,5.5,0,-973.1,-1499.6,1.4763,-971.7,-1507.5,1.5229,0.0,0.0,0.0000,4.0,-23.2,0.1834,-22.7,-6.2
3.6210,3.6154,5.7,0,-973.4,-1499.1,1.4735,-971.7,-1507.5,1.5229,0.0,0.0,0.0000,4.9,-24.8,0.1937,-24.2,-7.2
3.6285,3.6239,4.6,0,-974.3,-1498.7,1.4781,-971.7,-1507.5,1.5229,0.0,0.0,0.0000,7.5,-25.9,0.1760,-25.1,-9.9
3.6370,3.6346,2.3,0,-975.1,-1497.4,1.4748,-971.7,-1507.5,1.5229,0.0,0.0,0.0000,10.0,-30.0,0.1911,-28.9,-12.8
3.6444,3.6411,3.3,0,-974.0,-1498.3,1.4677,-971.7,-1507.5,1.5229,0.0,0.0,0.0000,6.8,-27.1,0.2184,-26.3,-9.6
3.6521,3.6494,2.7,0,-974.7,-1498.1,1.4740,-971.7,-1507.5,1.5229,0.0,0.0,0.0000,9.0,-27.8,0.1933,-26.8,-11.6
3.6609,3.6575,3.4,0,-975.9,-1497.0,1.4703,-971.7,-1507.5,1.5229,0.0,0.0,0.0000,12.3,-31.3,0.2080,-29.9,-15.4
3.6681,3.6575,10.5,0,-975.9,-1497.0,1.4703,-971.7,-1507.5,1.5229,0.0,0.0,0.0000,12.0,-30.6,0.2019,-29.3,-14.9
3.6763,3.6749,1.4,0,-976.1,-1496.0,1.4803,-971.7,-1507.5,1.5229,0.0,0.0,0.0000,13.2,-34.2,0.1696,-32.9,-16.2
3.6845,3.6833,1.2,0,-976.5,-1496.7,1.4844,-971.7,-1507.5,1.5229,0.0,0.0,0.0000,14.3,-32.2,0.1532,-30.9,-17.0
3.6927,3.6915,1.2,0,-976.6,-1497.3,1.4823,-971.7,-1507.5,1.5229,0.0,0.0,0.0000,14.6,-30.4,0.1619,-29.0,-17.2
3.7005,3.6915,9.0,0,-976.6,-1497.3,1.4823,-971.7,-1507.5,1.5229,0.0,0.0,0.0000,14.2,-29.7,0.1568,-28.3,-16.8
3.7081,3.7021,6.0,0,-976.9,-1497.3,1.4897,-971.7,-1507.5,1.5229,0.0,0.0,0.0000,15.3,-30.0,0.1292,-28.7,-17.6
3.7164,3.7083,8.1,0,-977.0,-1497.7,1.4948,-971.7,-1507.5,1.5229,0.0,0.0,0.0000,15.4,-28.7,0.1085,-27.5,-17.5
3.7248,3.7171,7.7,0,-977.1,-1498.5,1.4917,-971.7,-1507.5,1.5229,0.0,0.0,0.0000,15.7,-26.4,0.1217,-25.1,-17.7
3.7326,3.7249,7.7,0,-977.0,-1498.6,1.4918,-971.7,-1507.5,1.5229,0.0,0.0,0.0000,15.4,-26.0,0.1207,-24.7,-17.3
3.7407,3.7357,5.0,0,-976.3,-1499.5,1.5126,-971.7,-1507.5,1.5229,0.0,0.0,0.0000,13.4,-23.6,0.0389,-22.8,-14.7
3.7483,3.7420,6.3,0,-976.5,-1499.8,1.5104,-971.7,-1507.5,1.5229,0.0,0.0,0.0000,14.1,-22.6,0.0493,-21.7,-15.4
3.7570,3.7517,5.3,0,-976.3,-1500.4,1.5157,-971.7,-1507.5,1.5229,0.0,0.0,0.0000,13.4,-20.8,0.0279,-20.1,-14.5
3.7648,3.7592,5.6,0,-976.4,-1500.7,1.5177,-971.7,-1507.5,1.5229,0.0,0.0,0.0000,13.6,-19.8,0.0203,-19.1,-14.7
3.7722,3.7699,2.4,0,-976.4,-1501.2,1.5225,-971.7,-1507.5,1.5229,0.0,0.0,0.0000,14.0,-18.8,0.0017,-18.1,-14.9
3.7809,3.7762,4.7,0,-976.2,-1501.5,1.5261,-971.7,-1507.5,1.5229,0.0,0.0,0.0000,13.3,-17.6,-0.0125,-17.0,-14.0
3.7891,3.7845,4.7,0,-976.1,-1502.0,1.5288,-971.7,-1507.5,1.5229,0.0,0.0,0.0000,12.9,-16.2,-0.0233,-15.7,-13.6
3.7969,3.7935,3.4,0,-976.2,-1502.2,1.5344,-971.7,-1507.5,1.5229,0.0,0.0,0.0000,13.3,-15.6,-0.0457,-15.1,-13.8
3.8045,3.8021,2.4,0,-975.9,-1503.0,1.5326,-971.7,-1507.5,1.5229,0.0,0.0,0.0000,12.3,-13.4,-0.0383,-12.9,-12.8
3.8126,3.8100,2.6,0,-975.7,-1504.3,1.5394,-971.7,-1507.5,1.5229,0.0,0.0,0.0000,11.8,-9.4,-0.0655,-9.0,-12.1
3.8208,3.8185,2.3,0,-975.2,-1505.3,1.5426,-971.7,-1507.5,1.5229,0.0,0.0,0.0000,10.3,-6.5,-0.0781,-6.2,-10.5
3.8289,3.8265,2.4,0,-973.9,-1505.8,1.5490,-971.7,-1507.5,1.5229,0.0,0.0,0.0000,6.5,-5.1,-0.1033,-4.9,-6.6
3.8371,3.8357,1.4,0,-974.5,-1506.5,1.5533,-971.7,-1507.5,1.5229,0.0,0.0,0.0000,8.3,-2.8,-0.1208,-2.7,-8.3
3.8448,3.8436,1.2,0,-973.8,-1507.1,1.5576,-971.7,-1507.5,1.5229,0.0,0.0,0.0000,6.1,-1.1,-0.1381,-1.1,-6.1
3.8523,3.8436,8.7,0,-973.8,-1507.1,1.5576,-971.7,-1507.5,1.5229,0.0,0.0,0.0000,6.0,-1.1,-0.1339,-1.0,-6.0
3.8606,3.8605,0.1,0,-972.0,-1509.0,1.5427,-971.7,-1507.5,1.5229,0.0,0.0,0.0000,0.8,4.5,-0.0790,4.6,-0.6
3.8685,3.8605,8.0,0,-972.0,-1509.0,1.5427,-971.7,-1507.5,1.5229,0.0,0.0,0.0000,0.7,4.4,-0.0766,4.5,-0.6
3.8766,3.8699,6.7,0,-971.9,-1509.2,1.5374,-971.7,-1507.5,1.5229,0.0,0.0,0.0000,0.6,5.2,-0.0557,5.2,-0.4
3.8846,3.8771,7.5,0,-971.6,-1509.7,1.5392,-971.7,-1507.5,1.5229,0.0,0.0,0.0000,-0.5,6.6,-0.0634,6.6,0.7
3.8924,3.8861,6.3,0,-971.1,-1510.3,1.5317,-971.7,-1507.5,1.5229,0.0,0.0,0.0000,-2.0,8.5,-0.0334,8.4,2.3
3.9006,3.8941,6.6,0,-971.2,-1510.2,1.5270,-971.7,-1507.5,1.5229,0.0,0.0,0.0000,-1.6,7.9,-0.0153,7.8,1.9
3.9082,3.9029,5.4,0,-971.1,-1510.6,1.5230,-971.7,-1507.5,1.5229,0.0,0.0,0.0000,-1.9,9.2,0.0000,9.0,2.4
3.9163,3.9113,4.9,0,-970.3,-1511.6,1.5359,-971.7,-1507.5,1.5229,0.0,0.0,0.0000,-4.3,12.3,-0.0518,12.1,4.8
3.9244,3.9201,4.3,0,-970.2,-1512.2,1.5435,-971.7,-1507.5,1.5229,0.0,0.0,0.0000,-4.6,13.9,-0.0814,13.7,5.0
3.9328,3.9281,4.7,0,-969.8,-1511.8,1.5340,-971.7,-1507.5,1.5229,0.0,0.0,0.0000,-5.8,12.7,-0.0429,12.5,6.2
3.9402,3.9368,3.4,0,-969.7,-1512.7,1.5357,-971.7,-1507.5,1.5229,0.0,0.0,0.0000,-6.1,15.6,-0.0504,15.4,6.6
3.9485,3.9461,2.3,0,-969.3,-1513.1,1.5408,-971.7,-1507.5,1.5229,0.0,0.0,0.0000,-7.2,16.8,-0.0708,16.6,7.7
3.9566,3.9461,10.5,0,-969.3,-1513.1,1.5408,-971.7,-1507.5,1.5229,0.0,0.0,0.0000,-7.0,16.4,-0.0683,16.2,7.5
3.9643,3.9628,1.4,0,-968.7,-1513.3,1.5386,-971.7,-1507.5,1.5229,0.0,0.0,0.0000,-9.1,17.4,-0.0623,17.1,9.6
3.9726,3.9714,1.2,0,-968.7,-1513.1,1.5328,-971.7,-1507.5,1.5229,0.0,0.0,0.0000,-9.0,16.9,-0.0392,16.5,9.7
3.9811,3.9798,1.3,0,-969.4,-1513.3,1.5340,-971.7,-1507.5,1.5229,0.0,0.0,0.0000,-6.9,17.3,-0.0439,17.0,7.5
3.9888,3.9873,1.4,0,-969.3,-1512.9,1.5398,-971.7,-1507.5,1.5229,0.0,0.0,0.0000,-7.2,16.2,-0.0672,16.0,7.7
3.9971,3.9958,1.2,0,-969.4,-1512.5,1.5381,-971.7,-1507.5,1.5229,0.0,0.0,0.0000,-7.1,15.1,-0.0603,14.9,7.5
4.0042,4.0041,0.1,0,-969.8,-1512.6,1.5444,-971.7,-1507.5,1.5229,0.0,0.0,0.0000,-5.8,15.5,-0.0857,15.3,6.2
4.0121,4.0041,8.0,0,-969.8,-1512.6,1.5444,-971.7,-1507.5,1.5229,0.0,0.0,0.0000,-5.7,15.1,-0.0830,14.9,6.1
4.0209,4.0126,8.3,0,-970.0,-1512.8,1.5387,-971.7,-1507.5,1.5229,0.0,0.0,0.0000,-5.0,15.5,-0.0602,15.3,5.5
4.0286,4.0211,7.5,0,-969.9,-1511.7,1.5374,-971.7,-1507.5,1.5229,0.0,0.0,0.0000,-5.3,12.2,-0.0560,12.1,5.8
4.0370,4.0293,7.7,0,-970.0,-1510.9,1.5342,-971.7,-1507.5,1.5229,0.0,0.0,0.0000,-5.1,10.1,-0.0434,9.9,5.5
4.0446,4.0386,6.0,0,-970.2,-1511.2,1.5416,-971.7,-1507.5,1.5229,0.0,0.0,0.0000,-4.4,10.9,-0.0737,10.8,4.7
4.0530,4.0465,6.5,0,-970.2,-1511.1,1.5415,-971.7,-1507.5,1.5229,0.0,0.0,0.0000,-4.5,10.8,-0.0723,10.6,4.8
4.0607,4.0547,6.0,0,-970.6,-1510.1,1.5314,-971.7,-1507.5,1.5229,0.0,0.0,0.0000,-3.4,7.7,-0.0323,7.5,3.7
4.0691,4.0634,5.8,0,-970.7,-1509.5,1.5257,-971.7,-1507.5,1.5229,0.0,0.0,0.0000,-3.1,5.9,-0.0102,5.7,3.4
4.0764,4.0730,3.4,0,-970.8,-1509.4,1.5260,-971.7,-1507.5,1.5229,0.0,0.0,0.0000,-2.6,5.7,-0.0120,5.5,2.9
4.0844,4.0800,4.4,0,-970.7,-1509.7,1.5250,-971.7,-1507.5,1.5229,0.0,0.0,0.0000,-3.1,6.6,-0.0079,6.5,3.4
4.0922,4.0885,3.7,0,-970.9,-1509.2,1.5236,-971.7,-1507.5,1.5229,0.0,0.0,0.0000,-2.5,5.1,-0.0024,5.0,2.7
4.1007,4.0973,3.4,0,-970.6,-1509.2,1.5306,-971.7,-1507.5,1.5229,0.0,0.0,0.0000,-3.5,5.1,-0.0306,4.9,3.7
4.1088,4.1051,3.7,0,-970.8,-1509.3,1.5234,-971.7,-1507.5,1.5229,0.0,0.0,0.0000,-2.8,5.4,-0.0015,5.2,3.0
4.1167,4.1142,2.6,0,-971.0,-1508.7,1.5275,-971.7,-1507.5,1.5229,0.0,0.0,0.0000,-2.0,3.8,-0.0184,3.7,2.2
4.1240,4.1227,1.4,0,-970.7,-1509.1,1.5272,-971.7,-1507.5,1.5229,0.0,0.0,0.0000,-3.1,4.9,-0.0170,4.7,3.4
4.1333,4.1319,1.4,0,-970.9,-1508.3,1.5194,-971.7,-1507.5,1.5229,0.0,0.0,0.0000,-2.5,2.5,0.0142,2.3,2.6
4.1409,4.1395,1.4,0,-971.0,-1508.6,1.5219,-971.7,-1507.5,1.5229,0.0,0.0,0.0000,-2.3,3.5,0.0041,3.4,2.5
4.1480,4.1479,0.1,0,-971.0,-1508.4,1.5175,-971.7,-1507.5,1.5229,0.0,0.0,0.0000,-2.2,2.7,0.0216,2.6,2.4
4.1560,4.1560,0.0,0,-971.0,-1508.1,1.5222,-971.7,-1507.5,1.5229,0.0,0.0,0.0000,-2.1,1.7,0.0029,1.6,2.2
4.1646,4.1560,8.6,0,-971.0,-1508.1,1.5222,-971.7,-1507.5,1.5229,0.0,0.0,0.0000,-2.1,1.7,0.0028,1.6,2.1
4.1730,4.1654,7.6,0,-971.2,-1508.3,1.5262,-971.7,-1507.5,1.5229,0.0,0.0,0.0000,-1.7,2.4,-0.0132,2.3,1.8
4.1809,4.1733,7.5,0,-971.1,-1508.0,1.5172,-971.7,-1507.5,1.5229,0.0,0.0,0.0000,-1.8,1.6,0.0234,1.5,1.9
4.1885,4.1815,7.0,0,-971.1,-1507.6,1.5161,-971.7,-1507.5,1.5229,0.0,0.0,0.0000,-1.7,0.2,0.0269,0.1,1.8
4.1969,4.1902,6.7,0,-971.2,-1507.5,1.5092,-971.7,-1507.5,1.5229,0.0,0.0,0.0000,-1.5,0.2,0.0543,0.1,1.5
