t_s,tv_s,vision_age_ms,held,pose_x_mm,pose_y_mm,pose_theta_rad,ref_x_mm,ref_y_mm,ref_theta_rad,ref_vx_mm_s,ref_vy_mm_s,ref_omega_rad_s,cmd_world_vx_mm_s,cmd_world_vy_mm_s,cmd_omega_rad_s,cmd_body_vx_mm_s,cmd_body_vy_mm_s,near_goal,pred_x_mm,pred_y_mm,pred_theta_rad,wheel_fl_rad_s,wheel_bl_rad_s,wheel_br_rad_s,wheel_fr_rad_s,imu_valid,imu_yaw_rate_rad_s,imu_accel_x_m_s2,imu_accel_y_m_s2,battery_v,est_valid,est_x_mm,est_y_mm,est_theta_rad,est_vx_mm_s,est_vy_mm_s,est_omega_rad_s,est_gyro_bias_rad_s,est_health
-0.2963,-0.3017,5.4,0,-701.7,-61.8,0.1283,-701.7,-61.8,0.1283,0.0,0.0,0.0000,0.0,0.0,0.0000,0.0,0.0,0,0.0,0.0,0.0000,-0.12,0.20,0.12,-0.44,1,-0.0078,-0.118,0.147,24.00,1,-701.7,-61.8,0.12833,0.0,0.0,-0.0078,-0.00000,OK
-0.2888,-0.2890,0.2,0,-702.0,-61.7,0.1321,-701.7,-61.8,0.1283,0.0,0.0,0.0000,1.0,-0.1,-0.0151,1.0,-0.2,0,0.0,0.0,0.0000,-0.09,-0.05,0.11,-0.05,1,-0.0078,-0.118,0.157,25.00,1,-702.0,-61.7,0.13029,-22.2,5.7,0.0358,0.00079,OK
-0.2806,-0.2839,3.3,0,-701.8,-61.9,0.1277,-701.7,-61.8,0.1283,0.0,0.0,0.0000,0.4,0.5,0.0026,0.5,0.5,0,0.0,0.0,0.0000,-0.37,-0.06,-0.44,0.41,1,-0.0078,-0.118,0.157,25.00,1,-701.9,-61.9,0.12919,29.2,-46.7,-0.0383,0.01178,OK
-0.2724,-0.2839,11.5,0,-701.8,-61.9,0.1277,-701.7,-61.8,0.1283,0.0,0.0,0.0000,0.4,0.5,0.0026,0.5,0.5,0,0.0,0.0,0.0000,0.13,-0.16,0.06,0.08,1,-0.0078,-0.118,0.157,24.00,1,-701.8,-62.0,0.12925,1.7,-16.6,-0.0009,0.00181,OK
-0.2644,-0.2839,19.5,0,-701.8,-61.9,0.1277,-701.7,-61.8,0.1283,0.0,0.0,0.0000,0.4,0.5,0.0026,0.5,0.5,0,0.0,0.0,0.0000,0.01,-0.09,0.05,-0.33,1,-0.0067,-0.118,0.147,24.00,1,-701.8,-62.1,0.12908,-1.8,-20.7,-0.0235,0.00853,OK
-0.2563,-0.2839,27.6,0,-701.8,-61.9,0.1277,-701.7,-61.8,0.1283,0.0,0.0,0.0000,0.4,0.5,0.0026,0.5,0.5,0,0.0,0.0,0.0000,0.02,-0.13,-0.08,0.09,1,-0.0078,-0.098,0.157,25.00,1,-701.8,-62.1,0.12907,0.0,-0.0,-0.0009,0.00261,OK
-0.2488,-0.2499,1.1,0,-702.0,-61.8,0.1271,-701.7,-61.8,0.1283,0.0,0.0,0.0000,1.0,0.2,0.0051,1.0,0.0,0,0.0,0.0,0.0000,0.26,0.16,0.03,-0.09,1,-0.0078,-0.118,0.147,25.00,1,-702.0,-61.8,0.12838,-10.3,20.7,-0.0245,-0.00033,OK
-0.2402,-0.2438,3.6,0,-702.1,-61.8,0.1285,-701.7,-61.8,0.1283,0.0,0.0,0.0000,1.1,0.1,-0.0006,1.1,-0.1,0,0.0,0.0,0.0000,-0.39,0.04,-0.12,-0.05,1,-0.0078,-0.118,0.147,25.00,1,-702.0,-61.8,0.12844,-6.5,9.0,-0.0023,-0.00139,OK
-0.2323,-0.2355,3.2,0,-702.1,-61.7,0.1269,-701.7,-61.8,0.1283,0.0,0.0,0.0000,1.4,-0.2,0.0057,1.3,-0.4,0,0.0,0.0,0.0000,-0.12,0.22,-0.46,-0.06,1,-0.0067,-0.098,0.157,24.00,1,-702.1,-61.7,0.12806,-12.1,17.6,-0.0131,-0.00192,OK
-0.2241,-0.2255,1.4,0,-702.8,-61.1,0.1276,-701.7,-61.8,0.1283,0.0,0.0,0.0000,3.3,-1.9,0.0029,3.0,-2.3,0,0.0,0.0,0.0000,0.11,0.05,-0.08,-0.22,1,-0.0067,-0.127,0.147,24.00,1,-702.7,-61.2,0.12794,-97.5,111.9,-0.0072,-0.00251,OK
-0.2167,-0.2181,1.4,0,-702.7,-61.0,0.1293,-701.7,-61.8,0.1283,0.0,0.0,0.0000,3.2,-2.1,-0.0038,2.8,-2.5,0,0.0,0.0,0.0000,0.42,-0.10,0.35,0.11,1,-0.0067,-0.108,0.127,25.00,1,-702.7,-61.1,0.12830,-7.7,33.4,0.0217,-0.00354,OK
-0.2090,-0.2102,1.1,0,-702.6,-61.1,0.1222,-701.7,-61.8,0.1283,0.0,0.0,0.0000,2.9,-2.0,0.0243,2.6,-2.4,0,0.0,0.0,0.0000,0.00,-0.04,-0.03,0.05,1,-0.0067,-0.108,0.127,26.00,1,-702.7,-61.1,0.12684,13.0,-2.4,-0.0961,-0.00375,OK
-0.2007,-0.2018,1.1,0,-702.1,-61.8,0.1297,-701.7,-61.8,0.1283,0.0,0.0,0.0000,1.1,0.0,-0.0054,1.1,-0.1,0,0.0,0.0,0.0000,-0.35,-0.29,-0.08,0.00,1,-0.0100,-0.069,0.147,25.00,1,-702.1,-61.7,0.12762,92.8,-138.3,0.0389,-0.00414,OK
-0.1929,-0.2018,9.0,0,-702.1,-61.8,0.1297,-701.7,-61.8,0.1283,0.0,0.0,0.0000,1.1,0.0,-0.0054,1.1,-0.1,0,0.0,0.0,0.0000,-0.13,0.20,0.24,0.09,1,-0.0100,-0.127,0.167,25.00,1,-702.2,-61.6,0.12754,0.0,-0.0,0.0011,-0.00483,OK
-0.1844,-0.1918,7.4,0,-702.7,-61.0,0.1290,-701.7,-61.8,0.1283,0.0,0.0,0.0000,3.1,-2.3,-0.0028,2.8,-2.7,0,0.0,0.0,0.0000,0.37,0.05,-0.02,0.10,1,-0.0056,-0.108,0.127,25.00,1,-702.6,-61.1,0.12784,-1.1,1.7,0.0025,-0.00513,OK
-0.1763,-0.1839,7.6,0,-701.8,-61.7,0.1280,-701.7,-61.8,0.1283,0.0,0.0,0.0000,0.4,-0.0,0.0014,0.4,-0.1,0,0.0,0.0,0.0000,0.16,-0.15,-0.24,0.23,1,-0.0078,-0.157,0.186,25.00,1,-702.0,-61.6,0.12788,0.9,-1.0,0.0003,-0.00538,OK
-0.1688,-0.1699,1.1,0,-701.9,-61.8,0.1266,-701.7,-61.8,0.1283,0.0,0.0,0.0000,0.7,0.2,0.0069,0.7,0.1,0,0.0,0.0,0.0000,-0.10,0.09,0.02,0.15,1,-0.0078,-0.157,0.186,25.00,1,-701.9,-61.8,0.12757,4.3,-29.1,-0.0205,-0.00559,OK
-0.1602,-0.1699,9.7,0,-701.9,-61.8,0.1266,-701.7,-61.8,0.1283,0.0,0.0,0.0000,0.7,0.2,0.0069,0.7,0.1,0,0.0,0.0,0.0000,0.13,-0.14,0.33,-0.06,1,-0.0078,-0.078,0.147,24.00,1,-701.9,-61.8,0.12761,0.0,-0.0,0.0009,-0.00581,OK
-0.1520,-0.1699,17.9,0,-701.9,-61.8,0.1266,-701.7,-61.8,0.1283,0.0,0.0,0.0000,0.7,0.2,0.0069,0.7,0.1,0,0.0,0.0,0.0000,0.19,0.24,0.13,-0.18,1,-0.0089,-0.108,0.147,26.00,1,-701.9,-61.8,0.12762,-0.0,-0.0,0.0013,-0.00610,OK
-0.1442,-0.1468,2.7,0,-701.8,-61.7,0.1293,-701.7,-61.8,0.1283,0.0,0.0,0.0000,0.5,-0.1,-0.0039,0.5,-0.2,0,0.0,0.0,0.0000,-0.26,-0.01,-0.06,-0.13,1,-0.0089,-0.137,0.137,25.00,1,-701.8,-61.7,0.12805,7.9,7.7,0.0144,-0.00615,OK
-0.1372,-0.1425,5.3,0,-702.8,-61.0,0.1293,-701.7,-61.8,0.1283,0.0,0.0,0.0000,3.2,-2.1,-0.0038,2.9,-2.5,0,0.0,0.0,0.0000,0.30,-0.08,-0.32,0.18,1,-0.0089,-0.137,0.137,25.00,1,-702.4,-61.3,0.12829,-93.3,90.9,0.0043,-0.00637,OK
-0.1291,-0.1344,5.3,0,-701.9,-61.8,0.1290,-701.7,-61.8,0.1283,0.0,0.0,0.0000,0.5,0.0,-0.0026,0.5,-0.0,0,0.0,0.0,0.0000,-0.03,-0.16,-0.03,0.04,1,-0.0067,-0.078,0.186,25.00,1,-702.0,-61.6,0.12843,40.2,-43.3,0.0013,-0.00636,OK
-0.1208,-0.1254,4.6,0,-702.0,-61.8,0.1279,-701.7,-61.8,0.1283,0.0,0.0,0.0000,0.9,0.0,0.0016,0.9,-0.1,0,0.0,0.0,0.0000,-0.26,-0.17,-0.16,-0.15,1,-0.0044,-0.127,0.186,25.00,1,-702.0,-61.7,0.12831,-4.8,-4.1,-0.0053,-0.00608,OK
-0.1124,-0.1171,4.7,0,-701.8,-61.7,0.1311,-701.7,-61.8,0.1283,0.0,0.0,0.0000,0.5,-0.0,-0.0110,0.5,-0.1,0,0.0,0.0,0.0000,0.04,0.35,-0.13,0.38,1,0.0000,-0.098,0.186,27.00,1,-701.9,-61.7,0.12888,12.4,-1.4,0.0152,-0.00596,OK
-0.1045,-0.1087,4.2,0,-702.7,-61.1,0.1291,-701.7,-61.8,0.1283,0.0,0.0,0.0000,3.0,-2.1,-0.0030,2.7,-2.5,0,0.0,0.0,0.0000,0.00,0.07,0.29,-0.11,1,-0.0022,-0.127,0.137,25.00,1,-702.5,-61.2,0.12894,-78.5,89.5,0.0020,-0.00583,OK
-0.0969,-0.1004,3.4,0,-701.9,-61.7,0.1308,-701.7,-61.8,0.1283,0.0,0.0,0.0000,0.5,-0.1,-0.0098,0.5,-0.1,0,0.0,0.0,0.0000,0.35,0.13,-0.22,-0.15,1,-0.0022,-0.127,0.137,24.00,1,-702.0,-61.6,0.12932,90.5,-100.6,0.0167,-0.00572,OK
-0.0881,-0.0907,2.6,0,-702.0,-61.8,0.1292,-701.7,-61.8,0.1283,0.0,0.0,0.0000,0.8,0.1,-0.0035,0.9,0.0,0,0.0,0.0,0.0000,0.03,-0.04,-0.08,-0.68,1,-0.0089,-0.127,0.108,26.00,1,-702.0,-61.8,0.12927,-9.9,-13.7,-0.0045,-0.00569,OK
-0.0805,-0.0830,2.6,0,-701.7,-61.8,0.1316,-701.7,-61.8,0.1283,0.0,0.0,0.0000,0.0,0.2,-0.0131,0.0,0.2,0,0.0,0.0,0.0000,0.22,-0.01,-0.08,-0.10,1,-0.0100,-0.157,0.157,25.00,1,-701.7,-61.8,0.12978,45.3,-11.2,0.0284,-0.00589,OK
-0.0724,-0.0830,10.6,0,-701.7,-61.8,0.1316,-701.7,-61.8,0.1283,0.0,0.0,0.0000,0.0,0.2,-0.0131,0.0,0.2,0,0.0,0.0,0.0000,0.10,-0.04,-0.06,0.31,1,-0.0089,-0.069,0.186,25.00,1,-701.7,-61.8,0.12976,0.0,0.0,0.0014,-0.00608,OK
-0.0641,-0.0674,3.3,0,-701.8,-61.7,0.1259,-701.7,-61.8,0.1283,0.0,0.0,0.0000,0.5,-0.1,0.0098,0.5,-0.2,0,0.0,0.0,0.0000,-0.22,-0.12,0.15,-0.16,1,-0.0089,-0.069,0.186,25.00,1,-701.8,-61.7,0.12884,-9.6,9.6,-0.0364,-0.00609,OK
-0.0560,-0.0674,11.5,0,-701.8,-61.7,0.1259,-701.7,-61.8,0.1283,0.0,0.0,0.0000,0.5,-0.1,0.0098,0.5,-0.2,0,0.0,0.0,0.0000,-0.26,0.01,0.47,0.09,1,-0.0100,-0.088,0.157,25.00,1,-701.8,-61.7,0.12885,0.0,-0.0,0.0006,-0.00626,OK
-0.0481,-0.0674,19.4,0,-701.8,-61.7,0.1259,-701.7,-61.8,0.1283,0.0,0.0,0.0000,0.5,-0.1,0.0098,0.5,-0.2,0,0.0,0.0,0.0000,-0.37,0.09,0.09,0.25,1,-0.0078,-0.088,0.147,25.00,1,-701.8,-61.7,0.12886,-0.0,0.0,-0.0000,-0.00632,OK
-0.0403,-0.0674,27.1,0,-701.8,-61.7,0.1259,-701.7,-61.8,0.1283,0.0,0.0,0.0000,0.5,-0.1,0.0098,0.5,-0.2,0,0.0,0.0,0.0000,-0.08,-0.14,-0.01,0.25,1,-0.0089,-0.078,0.147,25.00,1,-701.8,-61.7,0.12886,-0.0,0.0,0.0001,-0.00641,OK
-0.0324,-0.0326,0.2,0,-701.9,-61.8,0.1256,-701.7,-61.8,0.1283,0.0,0.0,0.0000,0.8,0.1,0.0107,0.8,-0.0,0,0.0,0.0,0.0000,0.05,0.04,-0.14,-0.02,1,-0.0078,-0.127,0.157,25.00,1,-701.9,-61.8,0.12771,-9.9,-3.5,-0.0675,-0.00643,OK
-0.0249,-0.0326,7.7,0,-701.9,-61.8,0.1256,-701.7,-61.8,0.1283,0.0,0.0,0.0000,0.8,0.1,0.0107,0.8,-0.0,0,0.0,0.0,0.0000,-0.08,0.05,0.02,0.45,1,-0.0078,-0.127,0.157,24.00,1,-701.9,-61.8,0.12802,5.4,1.3,0.0430,-0.00643,OK
-0.0172,-0.0235,6.3,0,-701.9,-61.8,0.1280,-701.7,-61.8,0.1283,0.0,0.0,0.0000,0.8,0.1,0.0011,0.8,-0.0,0,0.0,0.0,0.0000,0.13,0.05,0.00,-0.23,1,-0.0078,-0.137,0.167,25.00,1,-701.9,-61.8,0.12814,-0.8,-0.4,-0.0005,-0.00646,OK
-0.0081,-0.0157,7.6,0,-702.2,-61.8,0.1248,-701.7,-61.8,0.1283,0.0,0.0,0.0000,1.4,0.1,0.0142,1.4,-0.1,0,0.0,0.0,0.0000,0.39,-0.23,0.23,-0.49,1,-0.0100,-0.137,0.157,25.00,1,-702.1,-61.8,0.12729,-7.0,1.1,-0.0067,-0.00635,OK
-0.0001,-0.0072,7.0,0,-702.4,-61.1,0.1246,-701.7,-61.8,0.1283,0.0,0.0,0.0000,2.2,-2.0,0.0148,1.9,-2.2,0,0.0,0.0,0.0000,0.44,-0.21,-0.17,-0.12,1,-0.0078,-0.147,0.127,24.00,1,-702.4,-61.2,0.12666,-15.2,46.1,-0.0006,-0.00638,OK
0.0075,-0.0072,14.7,0,-702.4,-61.1,0.1246,-701.7,-61.8,0.1283,0.0,0.0,0.0000,17.4,-0.0,0.0148,17.2,-2.2,0,0.0,0.0,0.0000,-0.17,0.03,-0.12,0.00,1,-0.0078,-0.147,0.127,25.00,1,-702.5,-60.9,0.12662,-8.6,33.2,-0.0096,-0.00612,OK
0.0150,-0.0072,22.2,0,-702.4,-61.1,0.1246,-701.7,-61.8,0.1283,0.0,0.0,0.0000,32.2,1.9,0.0148,32.2,-2.1,0,0.0,0.0,0.0000,-2.56,0.20,0.00,-0.10,1,-0.0067,-0.078,0.127,25.00,1,-702.5,-60.8,0.12637,7.7,9.5,-0.0503,-0.00488,OK
0.0234,-0.0072,30.6,0,-702.4,-61.1,0.1246,-701.7,-61.8,0.1283,0.0,0.0,0.0000,48.9,4.1,0.0148,49.0,-2.0,0,0.0,0.0,0.0000,-0.04,0.00,-0.04,-0.09,1,-0.0056,-0.098,0.137,25.00,1,-702.5,-60.6,0.12613,-8.5,28.3,-0.0066,-0.00471,OK
0.0313,-0.0072,38.5,0,-702.4,-61.1,0.1246,-701.7,-61.8,0.1283,0.0,0.0,0.0000,64.5,6.1,0.0148,64.8,-2.0,0,0.0,0.0,0.0000,0.25,0.05,0.22,-0.09,1,-0.0044,-0.078,0.167,25.00,1,-702.6,-60.4,0.12617,-9.0,25.5,0.0140,-0.00514,OK
0.0397,0.0350,4.7,0,-702.1,-61.9,0.1289,-701.1,-61.7,0.1283,34.6,4.5,0.0000,81.1,8.8,-0.0025,81.6,-1.7,0,0.0,0.0,0.0000,-0.04,-0.16,-0.10,-0.03,1,-0.0044,-0.078,0.167,25.00,1,-702.1,-61.9,0.12708,5.9,-22.7,0.0019,-0.00493,OK
0.0476,0.0350,12.6,0,-702.1,-61.9,0.1289,-701.1,-61.7,0.1283,34.6,4.5,0.0000,96.7,11.3,-0.0025,97.4,-1.2,0,0.0,0.0,0.0000,-0.42,0.14,-0.16,0.22,1,-0.0044,-0.088,0.177,25.00,1,-702.0,-62.0,0.12704,7.7,-20.9,-0.0082,-0.00467,OK
0.0549,0.0350,20.0,0,-702.1,-61.9,0.1289,-701.1,-61.7,0.1283,34.6,4.5,0.0000,111.2,13.6,-0.0025,112.0,-0.8,0,0.0,0.0,0.0000,-0.20,0.07,0.28,0.01,1,-0.0044,-0.226,0.196,25.00,1,-702.1,-61.9,0.12701,0.0,-0.0,0.0003,-0.00467,OK
0.0637,0.0350,28.7,0,-702.1,-61.9,0.1289,-701.1,-61.7,0.1283,34.6,4.5,0.0000,128.6,16.2,-0.0025,129.6,-0.5,0,0.0,0.0,0.0000,-0.39,-0.21,-0.03,0.14,1,0.0022,-0.814,0.186,25.00,1,-702.1,-61.9,0.12700,0.0,0.0,-0.0016,-0.00442,OK
0.0710,0.0350,36.1,0,-702.1,-61.9,0.1289,-701.1,-61.7,0.1283,34.6,4.5,0.0000,143.0,18.3,-0.0025,144.2,-0.3,0,0.0,0.0,0.0000,-0.09,-0.25,0.40,0.28,1,0.0067,-0.451,0.245,25.00,1,-702.1,-61.9,0.12700,0.0,-0.0,0.0020,-0.00417,OK
0.0798,0.0350,44.8,0,-702.1,-61.9,0.1289,-701.1,-61.7,0.1283,34.6,4.5,0.0000,160.4,20.7,-0.0025,161.8,-0.1,0,0.0,0.0,0.0000,-0.46,0.06,0.40,-0.02,1,0.0067,-0.451,0.245,25.00,1,-702.1,-61.9,0.12700,-0.0,-0.0,0.0000,-0.00387,OK
0.0878,0.0350,52.8,0,-702.1,-61.9,0.1289,-701.1,-61.7,0.1283,34.6,4.5,0.0000,176.2,22.9,-0.0025,177.6,0.0,0,0.0,0.0,0.0000,-0.95,-0.24,0.41,0.32,1,0.0122,-0.559,0.216,25.00,1,-702.0,-61.9,0.12692,10.6,1.0,-0.0120,-0.00311,OK
0.0954,0.0940,1.4,0,-702.0,-61.7,0.1282,-697.3,-61.2,0.1283,93.1,12.0,0.0000,191.3,24.6,0.0005,192.9,-0.1,0,0.0,0.0,0.0000,-0.39,-0.30,0.28,1.04,1,0.0167,-0.441,0.049,25.00,1,-702.0,-61.7,0.12768,3.0,15.5,0.0495,-0.00360,OK
0.1028,0.1026,0.3,0,-701.8,-61.8,0.1304,-696.4,-61.1,0.1283,101.6,13.1,0.0000,205.9,26.5,-0.0084,207.6,-0.5,0,0.0,0.0,0.0000,-0.45,-0.34,0.58,0.48,1,0.0367,-0.206,-0.010,25.00,1,-701.8,-61.7,0.12886,36.2,-11.1,0.0865,-0.00346,OK
0.1110,0.1107,0.2,0,-702.7,-61.0,0.1314,-695.6,-61.0,0.1283,109.7,14.2,0.0000,215.3,25.1,-0.0123,216.7,-3.3,0,0.0,0.0,0.0000,-0.51,-0.20,0.67,1.12,1,0.0644,-0.657,-0.029,25.00,1,-702.6,-61.0,0.13014,-122.9,123.9,0.1243,-0.00383,OK
0.1196,0.1194,0.2,0,-701.9,-61.8,0.1303,-694.6,-60.8,0.1283,118.4,15.3,0.0000,219.7,28.4,-0.0080,221.5,-0.4,0,0.0,0.0,0.0000,-0.74,-0.58,0.99,0.83,1,0.0644,-0.657,-0.029,25.00,1,-702.0,-61.7,0.13043,85.8,-124.8,0.0544,-0.00356,OK
0.1274,0.1194,8.0,0,-701.9,-61.8,0.1303,-694.6,-60.8,0.1283,118.4,15.3,0.0000,222.9,28.8,-0.0080,224.7,-0.4,0,0.0,0.0,0.0000,-0.73,-0.49,1.16,1.48,1,0.1067,-0.637,0.078,25.00,1,-702.1,-61.7,0.13064,26.2,-21.9,0.1254,-0.00356,OK
0.1354,0.1282,7.2,0,-702.0,-61.8,0.1277,-693.5,-60.7,0.1283,127.2,16.4,0.0000,226.8,29.3,0.0025,228.7,0.2,0,0.0,0.0,0.0000,-0.77,-0.43,1.70,1.71,1,0.1567,-0.873,0.147,25.00,1,-702.0,-61.8,0.13093,18.6,-21.9,0.1693,-0.00372,OK
0.1436,0.1362,7.4,0,-701.7,-61.8,0.1276,-692.4,-60.6,0.1283,135.2,17.4,0.0000,229.0,29.6,0.0030,230.9,0.2,0,0.0,0.0,0.0000,-1.19,-1.02,1.90,1.97,1,0.1900,-1.138,0.206,24.00,1,-701.7,-61.8,0.13124,40.3,-9.2,0.1761,-0.00323,OK
0.1514,0.1362,15.2,0,-701.7,-61.8,0.1276,-692.4,-60.6,0.1283,135.2,17.4,0.0000,232.5,30.0,0.0030,234.4,0.2,0,0.0,0.0,0.0000,-1.35,-1.20,1.79,2.31,1,0.1900,-1.138,0.206,24.00,1,-701.4,-61.8,0.13252,46.5,-4.3,0.1763,-0.00286,OK
0.1594,0.1362,23.2,0,-701.7,-61.8,0.1276,-692.4,-60.6,0.1283,135.2,17.4,0.0000,236.1,30.5,0.0030,238.1,0.2,0,0.0,0.0,0.0000,-1.50,-1.20,1.87,2.40,1,0.1933,-1.393,0.412,25.00,1,-701.0,-61.8,0.13395,50.5,-5.3,0.1793,-0.00252,OK
0.1670,0.1362,30.7,0,-701.7,-61.8,0.1276,-692.4,-60.6,0.1283,135.2,17.4,0.0000,239.9,31.0,0.0030,241.9,0.2,0,0.0,0.0,0.0000,-2.15,-1.50,2.34,2.39,1,0.1556,-1.481,0.412,25.00,1,-700.5,-61.8,0.13517,63.9,-13.3,0.1368,-0.00212,OK
0.1751,0.1705,4.6,0,-702.6,-61.0,0.1301,-687.2,-59.9,0.1283,169.0,21.8,0.0000,246.8,29.3,-0.0072,248.5,-3.0,0,0.0,0.0,0.0000,-3.10,-1.51,2.29,2.92,1,0.1044,-1.559,0.167,25.00,1,-702.6,-61.0,0.13445,-14.0,22.8,0.0597,-0.00149,OK
0.1833,0.1786,4.7,0,-701.9,-61.7,0.1279,-685.9,-59.7,0.1283,176.9,22.8,0.0000,248.9,31.9,0.0018,251.0,-0.1,0,0.0,0.0,0.0000,-2.96,-1.90,2.63,3.20,1,0.0978,-1.716,0.324,24.00,1,-702.0,-61.6,0.13326,60.7,-66.6,0.0594,-0.00108,OK
0.1918,0.1872,4.6,0,-701.9,-61.8,0.1312,-684.3,-59.5,0.1283,184.9,23.9,0.0000,253.7,32.7,-0.0117,255.8,-0.8,0,0.0,0.0,0.0000,-3.44,-2.42,3.22,3.25,1,0.0978,-1.716,0.324,25.00,1,-701.8,-61.8,0.13332,26.8,-24.7,0.0724,-0.00070,OK
0.1992,0.1990,0.2,0,-701.6,-61.9,0.1301,-682.0,-59.2,0.1283,192.9,24.9,0.0000,257.1,33.5,-0.0070,259.3,-0.1,0,0.0,0.0,0.0000,-3.28,-2.83,3.42,4.02,1,0.1244,-1.795,0.647,27.00,1,-701.6,-61.9,0.13330,7.8,-4.0,0.0100,-0.00047,OK
0.2068,0.2066,0.3,0,-701.8,-61.7,0.1303,-680.5,-59.0,0.1283,196.7,25.4,0.0000,262.2,33.7,-0.0077,264.3,-0.6,0,0.0,0.0,0.0000,-4.09,-3.37,4.05,4.12,1,0.0944,-1.991,-0.088,25.00,1,-701.7,-61.8,0.13253,-29.4,23.4,-0.0593,-0.00037,OK
0.2157,0.2135,2.2,0,-701.3,-61.8,0.1264,-679.2,-58.8,0.1283,197.7,25.5,0.0000,266.0,34.7,0.0077,268.3,0.9,0,0.0,0.0,0.0000,-5.52,-3.51,7.19,5.07,1,0.0578,-1.981,-0.608,25.00,1,-701.3,-61.8,0.13163,49.1,-13.1,-0.0367,-0.00032,OK
0.2236,0.2210,2.6,0,-702.0,-61.1,0.1256,-677.7,-58.7,0.1283,198.2,25.6,0.0000,272.8,33.2,0.0109,274.8,-1.2,0,0.0,0.0,0.0000,-6.86,-4.35,-0.10,5.30,1,0.0578,-1.981,-0.608,25.00,1,-701.8,-61.1,0.13060,-73.5,103.4,-0.0411,0.00029,OK
0.2312,0.2297,1.6,0,-702.2,-61.2,0.1285,-676.0,-58.4,0.1283,198.4,25.6,0.0000,278.0,33.9,-0.0008,280.0,-2.0,0,0.0,0.0,0.0000,-6.92,-4.61,0.92,5.19,1,-0.0089,-1.795,-0.569,26.00,1,-702.2,-61.1,0.12996,-43.0,-6.8,-0.0564,0.00073,OK
0.2388,0.2388,0.1,0,-700.9,-61.7,0.1305,-674.2,-58.2,0.1283,198.4,25.6,0.0000,278.5,36.0,-0.0088,280.9,-0.6,0,0.0,0.0,0.0000,-6.69,-4.92,2.61,5.99,1,-0.0456,-1.893,1.020,25.00,1,-701.0,-61.6,0.12974,142.1,-104.8,-0.0297,0.00097,OK
0.2471,0.2459,1.1,0,-701.8,-61.0,0.1289,-672.7,-58.0,0.1283,198.4,25.6,0.0000,286.1,34.8,-0.0023,288.2,-2.3,0,0.0,0.0,0.0000,-8.99,-5.62,4.64,6.13,1,-0.0378,-2.226,0.333,25.00,1,-701.5,-61.1,0.12919,-81.3,86.9,-0.0594,0.00131,OK
0.2557,0.2459,9.8,0,-701.8,-61.0,0.1289,-672.7,-58.0,0.1283,198.4,25.6,0.0000,291.3,35.4,-0.0023,293.4,-2.3,0,0.0,0.0,0.0000,-9.38,-5.90,5.24,6.54,1,-0.0378,-2.226,0.333,25.00,1,-701.3,-61.2,0.12912,69.7,-8.7,-0.0486,0.00157,OK
0.2629,0.2459,17.0,0,-701.8,-61.0,0.1289,-672.7,-58.0,0.1283,198.4,25.6,0.0000,295.6,36.0,-0.0023,297.7,-2.3,0,0.0,0.0,0.0000,-8.52,-6.59,5.73,6.76,1,-0.0300,-1.785,-0.412,25.00,1,-700.7,-61.1,0.12880,92.7,-5.1,-0.0385,0.00175,OK
0.2715,0.2459,25.6,0,-701.8,-61.0,0.1289,-672.7,-58.0,0.1283,198.4,25.6,0.0000,300.7,36.6,-0.0023,302.9,-2.3,0,0.0,0.0,0.0000,-8.45,-6.92,6.82,7.71,1,-0.0300,-1.549,0.637,25.00,1,-699.8,-61.1,0.12849,129.1,-9.2,-0.0346,0.00182,OK
0.2790,0.2758,3.2,0,-700.6,-61.1,0.1284,-666.8,-57.3,0.1283,198.4,25.6,0.0000,301.6,37.3,-0.0004,303.9,-1.7,0,0.0,0.0,0.0000,-8.91,-6.96,7.25,8.59,1,-0.0067,-0.696,0.892,25.00,1,-700.5,-61.1,0.12832,50.8,-0.6,-0.0085,0.00185,OK
0.2872,0.2797,7.5,0,-699.2,-61.5,0.1303,-666.0,-57.2,0.1283,198.4,25.6,0.0000,302.2,39.3,-0.0079,304.8,-0.4,0,0.0,0.0,0.0000,-9.93,-7.28,7.25,8.83,1,0.0111,-1.834,-1.265,24.00,1,-699.6,-61.3,0.12882,134.1,-33.1,0.0076,0.00180,OK
0.2955,0.2882,7.2,0,-698.6,-61.4,0.1370,-664.3,-56.9,0.1283,198.4,25.6,0.0000,305.4,39.5,-0.0347,308.0,-2.6,0,0.0,0.0,0.0000,-9.92,-7.44,7.29,9.59,1,0.0111,-1.834,-1.265,25.00,1,-698.5,-61.4,0.13075,140.0,-18.8,0.0119,0.00144,OK
0.3032,0.2967,6.5,0,-698.3,-61.0,0.1310,-662.7,-56.7,0.1283,198.4,25.6,0.0000,309.0,38.9,-0.0108,311.4,-1.8,0,0.0,0.0,0.0000,-10.43,-7.61,8.41,9.93,1,0.0356,-3.638,1.275,25.00,1,-698.0,-61.1,0.13098,121.6,0.9,0.0329,0.00147,OK
0.3114,0.3058,5.6,0,-697.5,-60.8,0.1313,-660.9,-56.5,0.1283,198.4,25.6,0.0000,311.6,39.1,-0.0117,314.0,-2.0,0,0.0,0.0,0.0000,-10.39,-7.60,8.63,9.96,1,0.0678,-0.981,-0.657,25.00,1,-697.3,-60.9,0.13144,104.9,6.3,0.0644,0.00150,OK
0.3191,0.3149,4.3,0,-696.6,-60.5,0.1379,-659.1,-56.3,0.1283,198.4,25.6,0.0000,313.4,38.5,-0.0382,315.7,-4.9,0,0.0,0.0,0.0000,-9.68,-9.34,8.57,10.14,1,0.0900,0.059,-0.834,25.00,1,-696.5,-60.5,0.13343,111.7,34.7,0.1239,0.00126,OK
0.3275,0.3222,5.3,0,-695.6,-60.6,0.1419,-657.6,-56.1,0.1283,198.4,25.6,0.0000,315.5,39.5,-0.0543,317.9,-5.5,0,0.0,0.0,0.0000,-10.31,-8.60,8.91,11.10,1,0.0900,0.059,-0.834,25.00,1,-695.6,-60.5,0.13572,136.7,-12.3,0.1160,0.00090,OK
0.3359,0.3308,5.1,0,-693.9,-61.2,0.1441,-655.9,-55.8,0.1283,198.4,25.6,0.0000,315.4,42.2,-0.0631,318.2,-3.6,0,0.0,0.0,0.0000,-10.72,-8.64,9.14,11.03,1,0.0544,-2.295,1.294,24.00,1,-694.0,-61.1,0.13787,172.2,-76.1,0.0846,0.00056,OK
0.3430,0.3419,1.1,0,-692.5,-60.9,0.1470,-653.7,-55.6,0.1283,198.4,25.6,0.0000,315.3,41.7,-0.0746,318.0,-4.9,0,0.0,0.0,0.0000,-10.63,-9.34,9.03,12.01,1,0.0467,-1.844,0.892,25.00,1,-692.4,-60.9,0.14056,135.2,10.5,0.2069,0.00018,OK
0.3516,0.3473,4.3,0,-692.0,-60.5,0.1430,-652.6,-55.4,0.1283,198.4,25.6,0.0000,319.0,41.3,-0.0587,321.6,-4.6,0,0.0,0.0,0.0000,-11.67,-10.46,9.18,11.63,1,0.0178,-0.137,-0.785,25.00,1,-691.8,-60.6,0.14077,143.1,33.7,0.0330,0.00007,OK
0.3596,0.3561,3.5,0,-690.0,-60.1,0.1424,-650.9,-55.2,0.1283,198.4,25.6,0.0000,317.8,40.5,-0.0565,320.4,-5.0,0,0.0,0.0,0.0000,-10.70,-10.13,9.71,11.95,1,0.0011,0.020,-0.000,24.00,1,-690.1,-60.1,0.14113,203.9,28.2,0.0154,-0.00000,OK
0.3675,0.3643,3.2,0,-688.6,-59.8,0.1491,-649.3,-55.0,0.1283,198.4,25.6,0.0000,318.3,40.1,-0.0830,320.7,-7.6,0,0.0,0.0,0.0000,-11.75,-9.67,9.28,11.37,1,0.0011,0.020,-0.000,25.00,1,-688.6,-59.8,0.14274,187.1,16.1,0.0771,-0.00032,OK
0.3756,0.3733,2.3,0,-687.4,-59.8,0.1562,-647.5,-54.8,0.1283,198.4,25.6,0.0000,319.7,40.8,-0.1113,322.1,-9.4,0,0.0,0.0,0.0000,-12.20,-9.68,10.07,12.10,1,0.0000,-1.579,1.108,25.00,1,-687.3,-59.7,0.14519,137.6,-25.2,0.1489,-0.00080,OK
0.3838,0.3813,2.5,0,-684.5,-59.5,0.1425,-645.9,-54.6,0.1283,198.4,25.6,0.0000,315.6,40.6,-0.0568,318.2,-4.6,0,0.0,0.0,0.0000,-11.61,-9.85,10.29,11.74,1,0.0022,-0.628,0.265,25.00,1,-684.7,-59.5,0.14455,314.1,-16.1,-0.0232,-0.00071,OK
0.3909,0.3898,1.1,0,-682.5,-59.4,0.1502,-644.2,-54.3,0.1283,198.4,25.6,0.0000,314.0,40.9,-0.0875,316.6,-6.5,0,0.0,0.0,0.0000,-12.20,-10.12,9.91,11.97,1,0.0022,-0.696,-1.206,24.00,1,-682.5,-59.4,0.14583,258.9,-28.8,0.0932,-0.00088,OK
0.3993,0.3898,9.5,0,-682.5,-59.4,0.1502,-644.2,-54.3,0.1283,198.4,25.6,0.0000,319.0,41.5,-0.0875,321.7,-6.7,0,0.0,0.0,0.0000,-10.66,-7.20,10.03,11.69,1,-0.0078,-0.549,1.010,24.00,1,-682.2,-59.4,0.14562,232.1,-44.8,-0.0013,-0.00099,OK
0.4078,0.3898,18.0,0,-682.5,-59.4,0.1502,-644.2,-54.3,0.1283,198.4,25.6,0.0000,324.1,42.2,-0.0875,326.7,-6.8,0,0.0,0.0,0.0000,-6.85,-5.00,9.75,11.86,1,-0.0078,-0.549,1.010,25.00,1,-680.5,-59.5,0.14576,160.7,-38.9,0.0296,-0.00151,OK
0.4157,0.3898,25.9,0,-682.5,-59.4,0.1502,-644.2,-54.3,0.1283,198.4,25.6,0.0000,328.8,42.8,-0.0875,331.5,-6.9,0,0.0,0.0,0.0000,-9.92,-8.60,10.10,12.90,1,-0.0411,-0.069,-0.843,25.00,1,-678.8,-59.5,0.14576,265.0,-10.7,-0.0307,-0.00170,OK
0.4236,0.3898,33.8,0,-682.5,-59.4,0.1502,-644.2,-54.3,0.1283,198.4,25.6,0.0000,333.5,43.4,-0.0875,336.2,-7.0,0,0.0,0.0,0.0000,-11.45,-10.12,10.05,12.64,1,-0.0733,-1.236,-1.344,25.00,1,-676.6,-59.2,0.14537,303.3,-2.6,-0.0692,-0.00176,OK
0.4316,0.3898,41.8,0,-682.5,-59.4,0.1502,-644.2,-54.3,0.1283,198.4,25.6,0.0000,338.2,44.0,-0.0875,341.0,-7.1,0,0.0,0.0,0.0000,-12.36,-10.60,10.10,12.45,1,-0.1011,-0.078,2.893,25.00,1,-674.1,-58.9,0.14469,322.0,-5.1,-0.0995,-0.00175,OK
0.4395,0.3898,49.7,0,-682.5,-59.4,0.1502,-644.2,-54.3,0.1283,198.4,25.6,0.0000,342.9,44.6,-0.0875,345.8,-7.2,0,0.0,0.0,0.0000,-12.51,-10.65,10.24,11.64,1,-0.1011,-0.078,2.893,25.00,1,-671.5,-58.6,0.14389,324.7,-13.3,-0.1018,-0.00168,OK
0.4471,0.4457,1.4,0,-672.9,-57.9,0.1397,-633.1,-52.9,0.1283,198.4,25.6,0.0000,327.9,42.2,-0.0453,330.6,-3.9,0,0.0,0.0,0.0000,-11.43,-11.15,9.85,12.51,1,-0.1122,1.834,-0.206,25.00,1,-672.9,-57.9,0.14144,190.5,30.5,-0.1443,-0.00152,OK
0.4549,0.4457,9.2,0,-672.9,-57.9,0.1397,-633.1,-52.9,0.1283,198.4,25.6,0.0000,323.3,41.3,-0.0453,325.9,-4.1,0,0.0,0.0,0.0000,-12.34,-11.36,10.30,12.38,1,-0.1056,-1.206,-1.206,25.00,1,-672.6,-57.8,0.14138,241.0,16.6,-0.1049,-0.00150,OK
0.4633,0.4457,17.6,0,-672.9,-57.9,0.1397,-633.1,-52.9,0.1283,198.4,25.6,0.0000,328.3,41.9,-0.0453,330.9,-4.2,0,0.0,0.0,0.0000,-12.29,-10.90,9.93,12.12,1,-0.1133,-2.256,0.510,24.00,1,-670.6,-57.4,0.14047,245.3,13.4,-0.1125,-0.00148,OK
0.4711,0.4457,25.4,0,-672.9,-57.9,0.1397,-633.1,-52.9,0.1283,198.4,25.6,0.0000,332.9,42.5,-0.0453,335.6,-4.3,0,0.0,0.0,0.0000,-11.87,-10.67,9.57,12.28,1,-0.1133,-2.256,0.510,25.00,1,-668.7,-57.0,0.13959,249.9,18.7,-0.1121,-0.00148,OK
0.4789,0.4457,33.1,0,-672.9,-57.9,0.1397,-633.1,-52.9,0.1283,198.4,25.6,0.0000,337.6,43.1,-0.0453,340.3,-4.3,0,0.0,0.0,0.0000,-11.88,-10.37,9.52,12.06,1,-0.1122,0.922,-0.941,25.00,1,-666.7,-56.6,0.13873,255.9,13.5,-0.1110,-0.00147,OK
0.4874,0.4457,41.7,0,-672.9,-57.9,0.1397,-633.1,-52.9,0.1283,198.4,25.6,0.0000,342.6,43.8,-0.0453,345.4,-4.4,0,0.0,0.0,0.0000,-11.73,-10.32,9.32,12.53,1,-0.1211,0.814,1.540,25.00,1,-664.6,-56.2,0.13775,267.2,18.8,-0.1191,-0.00148,OK
0.4953,0.4457,49.5,0,-672.9,-57.9,0.1397,-633.1,-52.9,0.1283,198.4,25.6,0.0000,347.3,44.4,-0.0453,350.1,-4.4,0,0.0,0.0,0.0000,-11.93,-10.68,8.77,10.89,1,-0.1500,0.324,1.520,24.00,1,-662.5,-55.8,0.13667,261.3,15.7,-0.1517,-0.00139,OK
0.5031,0.4457,57.4,0,-672.9,-57.9,0.1397,-633.1,-52.9,0.1283,198.4,25.6,0.0000,352.0,45.0,-0.0453,354.8,-4.5,0,0.0,0.0,0.0000,-12.14,-10.52,9.08,11.84,1,-0.1644,0.265,-1.834,25.00,1,-660.4,-55.4,0.13543,282.6,15.1,-0.1642,-0.00135,OK
0.5113,0.4457,65.5,0,-672.9,-57.9,0.1397,-633.1,-52.9,0.1283,198.4,25.6,0.0000,356.8,45.6,-0.0453,359.7,-4.5,0,0.0,0.0,0.0000,-11.64,-10.41,9.30,11.97,1,-0.1644,0.265,-1.834,25.00,1,-658.1,-54.9,0.13410,290.0,14.2,-0.1626,-0.00137,OK
0.5192,0.4457,73.4,0,-672.9,-57.9,0.1397,-633.1,-52.9,0.1283,198.4,25.6,0.0000,361.5,46.2,-0.0453,364.4,-4.6,0,0.0,0.0,0.0000,-11.98,-10.98,9.76,11.10,1,-0.1656,0.245,2.059,25.00,1,-655.8,-54.5,0.13279,301.5,4.5,-0.1666,-0.00130,OK
0.5273,0.4457,81.6,0,-672.9,-57.9,0.1397,-633.1,-52.9,0.1283,198.4,25.6,0.0000,366.4,46.8,-0.0453,369.3,-4.6,0,0.0,0.0,0.0000,-10.78,-10.85,9.68,11.28,1,-0.1856,-1.138,0.206,25.00,1,-653.4,-54.1,0.13137,298.8,14.2,-0.1825,-0.00135,OK
0.5353,0.4457,89.6,0,-672.9,-57.9,0.1397,-633.1,-52.9,0.1283,198.4,25.6,0.0000,371.2,47.4,-0.0453,374.1,-4.7,0,0.0,0.0,0.0000,-12.74,-10.54,9.18,10.67,1,-0.1844,0.951,1.177,25.00,1,-651.0,-53.8,0.12986,307.0,-1.7,-0.1887,-0.00118,OK
0.5435,0.4457,97.7,0,-672.9,-57.9,0.1397,-633.1,-52.9,0.1283,198.4,25.6,0.0000,376.0,48.1,-0.0453,379.0,-4.7,0,0.0,0.0,0.0000,-11.87,-10.74,9.35,10.48,1,-0.1844,0.951,1.177,25.00,1,-648.5,-53.5,0.12832,308.8,0.6,-0.1877,-0.00105,OK
0.5523,0.5521,0.2,0,-639.1,-52.2,0.1428,-612.0,-50.2,0.1283,198.4,25.6,0.0000,358.6,45.1,-0.0581,361.4,-6.4,0,0.0,0.0,0.0000,-11.50,-10.18,9.60,11.12,1,-0.2089,2.275,-1.275,25.00,1,-639.1,-52.2,0.13313,365.4,-2.3,0.0160,-0.00261,OK
0.5592,0.5535,5.7,0,-635.1,-51.4,0.1464,-611.7,-50.1,0.1283,198.4,25.6,0.0000,345.0,42.7,-0.0723,347.5,-8.1,0,0.0,0.0,0.0000,-11.73,-10.05,10.07,10.72,1,-0.2133,-1.638,2.167,25.00,1,-637.1,-51.7,0.13514,426.7,23.1,-0.1067,-0.00315,OK
0.5668,0.5535,13.3,0,-635.1,-51.4,0.1464,-611.7,-50.1,0.1283,198.4,25.6,0.0000,330.0,40.0,-0.0723,332.3,-8.6,0,0.0,0.0,0.0000,-12.77,-10.10,9.74,10.54,1,-0.2278,-1.000,0.127,25.00,1,-634.9,-51.4,0.13402,404.3,-1.7,-0.2296,-0.00303,OK
0.5753,0.5535,21.8,0,-635.1,-51.4,0.1464,-611.7,-50.1,0.1283,198.4,25.6,0.0000,313.3,36.9,-0.0723,315.4,-9.2,0,0.0,0.0,0.0000,-11.61,-10.18,8.64,10.24,1,-0.2256,1.942,-2.589,24.00,1,-631.6,-50.9,0.13207,381.7,17.7,-0.2288,-0.00284,OK
0.5831,0.5535,29.6,0,-635.1,-51.4,0.1464,-611.7,-50.1,0.1283,198.4,25.6,0.0000,298.0,33.9,-0.0723,299.8,-9.9,0,0.0,0.0,0.0000,-11.33,-9.74,9.03,10.04,1,-0.2256,1.942,-2.589,25.00,1,-628.7,-50.4,0.13029,377.5,6.2,-0.2255,-0.00276,OK
0.5915,0.5535,37.9,0,-635.1,-51.4,0.1464,-611.7,-50.1,0.1283,198.4,25.6,0.0000,291.0,32.3,-0.0723,292.6,-10.5,0,0.0,0.0,0.0000,-11.69,-9.60,10.02,6.96,1,-0.2167,0.177,2.167,25.00,1,-625.7,-50.2,0.12832,347.3,-46.2,-0.2358,-0.00220,OK
0.5993,0.5535,45.8,0,-635.1,-51.4,0.1464,-611.7,-50.1,0.1283,198.4,25.6,0.0000,295.7,32.9,-0.0723,297.3,-10.6,0,0.0,0.0,0.0000,-11.30,-9.78,9.57,7.04,1,-0.2289,0.363,1.196,25.00,1,-623.0,-50.2,0.12640,342.1,-37.2,-0.2456,-0.00168,OK
0.6075,0.5535,54.0,0,-635.1,-51.4,0.1464,-611.7,-50.1,0.1283,198.4,25.6,0.0000,300.6,33.5,-0.0723,302.2,-10.7,0,0.0,0.0,0.0000,-10.66,-10.41,9.07,9.01,1,-0.1933,0.088,-2.324,24.00,1,-620.0,-50.0,0.12454,362.7,3.0,-0.2018,-0.00140,OK
0.6151,0.5535,61.6,0,-635.1,-51.4,0.1464,-611.7,-50.1,0.1283,198.4,25.6,0.0000,305.1,34.1,-0.0723,306.8,-10.8,0,0.0,0.0,0.0000,-10.84,-9.89,8.75,9.74,1,-0.1933,0.088,-2.324,24.00,1,-617.3,-49.6,0.12302,366.0,8.0,-0.1970,-0.00126,OK
0.6228,0.6226,0.2,0,-597.2,-43.3,0.1407,-598.0,-48.4,0.1283,198.4,25.6,0.0000,290.0,30.8,-0.0495,291.5,-10.2,0,0.0,0.0,0.0000,-10.96,-9.33,8.78,9.62,1,-0.1533,-0.294,0.314,26.00,1,-597.6,-43.3,0.12646,623.8,65.6,0.0216,-0.00211,OK
0.6311,0.6266,4.6,0,-593.9,-42.4,0.1405,-597.2,-48.3,0.1283,198.4,25.6,0.0000,273.8,27.1,-0.0487,274.9,-11.5,0,0.0,0.0,0.0000,-10.62,-8.87,8.81,9.97,1,-0.1567,0.892,0.765,24.00,1,-594.8,-42.6,0.12910,594.5,74.6,-0.1189,-0.00286,OK
0.6393,0.6346,4.7,0,-589.8,-42.0,0.1308,-595.6,-48.1,0.1283,198.4,25.6,0.0000,257.8,23.7,-0.0099,258.7,-10.1,0,0.0,0.0,0.0000,-9.09,-8.85,8.41,10.13,1,-0.1356,0.373,0.647,25.00,1,-590.2,-41.9,0.12861,559.4,32.5,-0.1256,-0.00300,OK
0.6468,0.6445,2.3,0,-587.2,-41.5,0.1353,-593.7,-47.8,0.1283,198.4,25.6,0.0000,243.2,20.5,-0.0279,243.7,-12.5,0,0.0,0.0,0.0000,-9.81,-8.66,8.04,9.87,1,-0.1356,0.373,0.647,25.00,1,-586.2,-41.4,0.12886,447.9,-7.6,-0.0839,-0.00329,OK
0.6557,0.6519,3.8,0,-583.1,-41.3,0.1279,-592.2,-47.6,0.1283,198.4,25.6,0.0000,225.8,17.1,0.0016,226.1,-11.9,0,0.0,0.0,0.0000,-10.76,-8.52,7.73,9.67,1,-0.0944,0.500,-0.098,25.00,1,-582.9,-41.1,0.12811,459.1,-17.6,-0.0947,-0.00321,OK
0.6632,0.6600,3.2,0,-581.4,-40.1,0.1343,-590.6,-47.4,0.1283,198.4,25.6,0.0000,211.2,13.4,-0.0241,211.1,-15.0,0,0.0,0.0,0.0000,-10.16,-8.52,7.75,9.89,1,-0.0489,1.559,-0.216,25.00,1,-580.4,-40.2,0.12883,393.6,58.2,-0.0190,-0.00336,OK
0.6719,0.6685,3.4,0,-576.5,-40.3,0.1276,-588.9,-47.2,0.1283,198.4,25.6,0.0000,194.0,10.5,0.0028,193.7,-14.3,0,0.0,0.0,0.0000,-9.64,-8.38,7.73,9.39,1,-0.0089,0.422,0.020,25.00,1,-576.8,-40.1,0.12855,409.3,-32.8,-0.0155,-0.00320,OK
0.6796,0.6770,2.5,0,-574.7,-39.7,0.1349,-587.2,-47.0,0.1283,198.4,25.6,0.0000,179.0,7.4,-0.0263,178.4,-16.7,0,0.0,0.0,0.0000,-8.80,-7.92,7.65,9.20,1,0.0233,0.451,0.775,25.00,1,-574.1,-39.7,0.12976,348.2,4.0,0.0594,-0.00332,OK
0.6875,0.6853,2.2,0,-570.6,-40.1,0.1211,-585.6,-46.8,0.1283,198.4,25.6,0.0000,163.2,6.3,0.0290,162.8,-13.5,0,0.0,0.0,0.0000,-8.54,-7.19,7.01,8.47,1,0.0578,1.863,0.078,25.00,1,-570.9,-39.9,0.12872,359.9,-68.9,-0.0079,-0.00288,OK
0.6948,0.6937,1.1,0,-568.1,-38.8,0.1199,-583.9,-46.6,0.1283,198.4,25.6,0.0000,151.5,2.4,0.0338,150.7,-15.7,0,0.0,0.0,0.0000,-7.96,-6.77,6.82,8.52,1,0.0578,1.863,0.078,25.00,1,-568.1,-39.0,0.12774,351.0,65.3,-0.0280,-0.00255,OK
0.7028,0.7027,0.2,0,-564.0,-38.9,0.1085,-582.1,-46.3,0.1283,198.4,25.6,0.0000,144.0,3.4,0.0794,143.5,-12.2,0,0.0,0.0,0.0000,-7.95,-6.90,6.83,8.59,1,0.1011,0.745,-0.382,25.00,1,-564.5,-38.8,0.12587,381.9,-29.2,-0.0980,-0.00195,OK
0.7116,0.7114,0.2,0,-561.5,-38.1,0.1161,-580.4,-46.1,0.1283,198.4,25.6,0.0000,141.8,1.6,0.0489,141.1,-14.9,0,0.0,0.0,0.0000,-7.52,-6.04,7.69,8.20,1,0.1200,0.177,-1.059,25.00,1,-561.5,-38.2,0.12573,353.3,32.8,0.0057,-0.00169,OK
0.7196,0.7114,8.2,0,-561.5,-38.1,0.1161,-580.4,-46.1,0.1283,198.4,25.6,0.0000,146.6,2.2,0.0489,145.9,-14.8,0,0.0,0.0,0.0000,-7.08,-5.63,6.38,8.47,1,0.1144,1.589,0.834,25.00,1,-561.5,-38.2,0.12613,327.0,12.6,0.1174,-0.00173,OK
0.7274,0.7199,7.4,0,-558.0,-37.8,0.1122,-578.7,-45.9,0.1283,198.4,25.6,0.0000,140.8,1.8,0.0646,140.1,-13.9,0,0.0,0.0,0.0000,-6.71,-5.66,6.22,7.90,1,0.1144,1.589,0.834,25.00,1,-558.4,-37.8,0.12523,330.0,11.7,0.1140,-0.00136,OK
0.7357,0.7277,8.0,0,-555.3,-37.1,0.1108,-577.2,-45.7,0.1283,198.4,25.6,0.0000,137.5,0.3,0.0700,136.7,-14.9,0,0.0,0.0,0.0000,-6.61,-5.59,5.94,7.16,1,0.0778,2.118,0.647,25.00,1,-555.6,-37.1,0.12412,327.6,19.1,0.0754,-0.00096,OK
0.7433,0.7377,5.6,0,-551.8,-36.6,0.1073,-575.2,-45.4,0.1283,198.4,25.6,0.0000,131.6,-0.3,0.0841,130.9,-14.4,0,0.0,0.0,0.0000,-6.61,-5.50,5.68,7.18,1,0.0778,1.883,-0.098,24.00,1,-552.1,-36.6,0.12283,331.3,13.8,0.0580,-0.00049,OK
0.7515,0.7377,13.8,0,-551.8,-36.6,0.1073,-575.2,-45.4,0.1283,198.4,25.6,0.0000,136.5,0.3,0.0841,135.8,-14.3,0,0.0,0.0,0.0000,-5.54,-5.22,5.04,6.44,1,0.0944,1.402,0.422,26.00,1,-550.3,-36.3,0.12330,298.8,21.7,0.0908,-0.00041,OK
0.7596,0.7530,6.6,0,-548.7,-36.2,0.1115,-572.1,-45.0,0.1283,198.4,25.6,0.0000,131.9,-0.4,0.0675,131.1,-15.1,0,0.0,0.0,0.0000,-5.32,-4.67,4.94,5.75,1,0.0944,1.402,0.422,26.00,1,-548.3,-36.1,0.12260,253.0,0.4,0.0845,-0.00001,OK
0.7675,0.7530,14.4,0,-548.7,-36.2,0.1115,-572.1,-45.0,0.1283,198.4,25.6,0.0000,136.6,0.2,0.0675,135.8,-15.0,0,0.0,0.0,0.0000,-4.98,-3.86,4.53,5.47,1,0.0889,2.001,-0.000,25.00,1,-546.8,-36.0,0.12315,233.0,-3.7,0.0867,0.00004,OK
0.7749,0.7736,1.4,0,-539.5,-34.6,0.1160,-568.1,-44.5,0.1283,198.4,25.6,0.0000,121.9,-2.5,0.0492,120.8,-16.6,0,0.0,0.0,0.0000,-5.22,-3.55,4.55,5.22,1,0.1133,2.422,0.167,25.00,1,-540.5,-34.7,0.12328,370.9,34.0,0.0540,0.00041,OK
0.7835,0.7787,4.8,0,-537.2,-34.1,0.1078,-567.1,-44.4,0.1283,198.4,25.6,0.0000,111.7,-4.9,0.0822,110.6,-16.9,0,0.0,0.0,0.0000,-4.62,-3.56,4.17,5.10,1,0.1189,1.314,0.716,25.00,1,-538.1,-34.2,0.12195,343.1,36.0,0.0896,0.00087,OK
0.7914,0.7868,4.6,0,-534.5,-34.1,0.1137,-565.5,-44.2,0.1283,198.4,25.6,0.0000,108.1,-4.3,0.0586,106.9,-16.6,0,0.0,0.0,0.0000,-4.03,-3.13,3.48,4.44,1,0.1244,1.393,0.127,25.00,1,-535.1,-34.0,0.12180,327.0,1.1,0.1035,0.00117,OK
0.7988,0.7868,12.0,0,-534.5,-34.1,0.1137,-565.5,-44.2,0.1283,198.4,25.6,0.0000,112.5,-3.8,0.0586,111.4,-16.5,0,0.0,0.0,0.0000,-3.70,-2.49,3.43,4.01,1,0.1244,1.393,0.127,26.00,1,-533.9,-33.8,0.12227,295.7,2.1,0.1207,0.00122,OK
0.8071,0.7992,7.9,0,-531.5,-33.2,0.1075,-563.0,-43.9,0.1283,198.4,25.6,0.0000,108.5,-5.6,0.0832,107.2,-17.3,0,0.0,0.0,0.0000,-2.78,-2.10,3.44,3.85,1,0.1389,2.030,0.441,25.00,1,-531.5,-33.3,0.12144,271.9,13.0,0.1407,0.00150,OK
0.8155,0.8091,6.4,0,-528.6,-33.3,0.1002,-561.0,-43.6,0.1283,198.4,25.6,0.0000,104.9,-4.8,0.1126,103.9,-15.3,0,0.0,0.0,0.0000,-2.67,-1.80,2.99,2.99,1,0.1278,1.530,0.353,24.00,1,-528.8,-33.2,0.12036,250.6,-10.3,0.1160,0.00198,OK
0.8236,0.8161,7.5,0,-526.6,-32.4,0.1136,-559.6,-43.4,0.1283,198.4,25.6,0.0000,103.8,-7.0,0.0590,102.3,-18.7,0,0.0,0.0,0.0000,-2.39,-1.53,2.52,3.04,1,0.1100,1.147,0.049,24.00,1,-526.9,-32.6,0.12033,242.8,19.3,0.1095,0.00209,OK
0.8316,0.8303,1.3,0,-521.5,-32.1,0.1156,-556.8,-43.1,0.1283,198.4,25.6,0.0000,93.1,-7.1,0.0507,91.6,-17.8,0,0.0,0.0,0.0000,-2.08,-1.29,2.44,2.43,1,0.1100,1.147,0.049,25.00,1,-522.2,-32.1,0.12108,305.3,-8.6,0.0754,0.00222,OK
0.8388,0.8377,1.1,0,-519.2,-31.9,0.1120,-555.4,-42.9,0.1283,198.4,25.6,0.0000,90.6,-7.3,0.0652,89.2,-17.3,0,0.0,0.0,0.0000,-1.96,-1.24,2.10,2.14,1,0.1033,1.579,0.127,25.00,1,-519.7,-31.9,0.12062,302.4,-7.1,0.0439,0.00247,OK
0.8474,0.8377,9.7,0,-519.2,-31.9,0.1120,-555.4,-42.9,0.1283,198.4,25.6,0.0000,95.6,-6.6,0.0652,94.3,-17.2,0,0.0,0.0,0.0000,-1.47,-1.16,1.94,1.97,1,0.1022,1.393,0.069,25.00,1,-519.4,-31.8,0.12091,252.7,1.8,0.0995,0.00247,OK
0.8555,0.8541,1.4,0,-516.3,-30.7,0.1088,-552.1,-42.5,0.1283,198.4,25.6,0.0000,91.7,-9.6,0.0783,90.1,-19.5,0,0.0,0.0,0.0000,-1.52,-0.60,1.50,1.22,1,0.1033,0.932,0.186,26.00,1,-516.2,-30.8,0.12049,219.6,48.7,0.0252,0.00290,OK
0.8633,0.8541,9.2,0,-516.3,-30.7,0.1088,-552.1,-42.5,0.1283,198.4,25.6,0.0000,96.3,-9.0,0.0783,94.8,-19.4,0,0.0,0.0,0.0000,-1.50,0.05,1.55,1.24,1,0.0989,0.941,0.167,25.00,1,-515.9,-30.8,0.12078,204.5,14.3,0.0955,0.00290,OK
0.8710,0.8541,16.9,0,-516.3,-30.7,0.1088,-552.1,-42.5,0.1283,198.4,25.6,0.0000,100.9,-8.4,0.0783,99.4,-19.3,0,0.0,0.0,0.0000,-0.62,-0.27,1.15,0.88,1,0.0989,0.941,0.167,25.00,1,-514.5,-30.4,0.12151,180.7,25.4,0.0952,0.00292,OK
0.8788,0.8746,4.1,0,-510.2,-30.0,0.1098,-548.0,-41.9,0.1283,198.4,25.6,0.0000,87.4,-9.8,0.0743,85.8,-19.3,0,0.0,0.0,0.0000,-0.47,0.29,1.07,0.47,1,0.0889,0.951,0.196,25.00,1,-510.8,-30.0,0.12092,221.0,5.2,0.0660,0.00317,OK
0.8871,0.8797,7.4,0,-508.6,-29.5,0.1168,-547.0,-41.8,0.1283,198.4,25.6,0.0000,87.6,-10.8,0.0462,85.7,-21.0,0,0.0,0.0,0.0000,0.06,0.07,0.46,0.26,1,0.0656,0.579,0.020,24.00,1,-509.2,-29.6,0.12072,207.9,27.1,0.0631,0.00325,OK
0.8951,0.8881,7.0,0,-507.7,-29.2,0.1167,-545.4,-41.6,0.1283,198.4,25.6,0.0000,89.5,-10.9,0.0464,87.6,-21.2,0,0.0,0.0,0.0000,-0.04,0.14,0.45,0.39,1,0.0378,0.177,0.039,24.00,1,-507.6,-29.2,0.12062,192.6,21.9,0.0388,0.00325,OK
0.9038,0.8964,7.3,0,-505.9,-28.8,0.1121,-543.7,-41.4,0.1283,198.4,25.6,0.0000,89.3,-11.5,0.0649,87.4,-21.4,0,0.0,0.0,0.0000,0.10,0.28,0.50,-0.31,1,0.0378,0.177,0.039,25.00,1,-506.0,-28.8,0.11989,175.2,15.6,0.0340,0.00342,OK
0.9113,0.9050,6.4,0,-504.5,-28.7,0.1120,-542.0,-41.1,0.1283,198.4,25.6,0.0000,89.6,-11.2,0.0654,87.8,-21.1,0,0.0,0.0,0.0000,0.26,0.12,0.08,-0.41,1,0.0089,0.118,0.127,25.00,1,-504.6,-28.7,0.11910,160.3,10.8,0.0020,0.00360,OK
0.9200,0.9134,6.6,0,-503.5,-28.7,0.1190,-540.3,-40.9,0.1283,198.4,25.6,0.0000,91.8,-10.5,0.0374,89.9,-21.3,0,0.0,0.0,0.0000,0.05,0.51,0.03,-0.01,1,-0.0133,-0.235,0.206,25.00,1,-503.4,-28.7,0.11906,144.0,-2.7,-0.0076,0.00341,OK
0.9268,0.9222,4.7,0,-502.2,-28.4,0.1186,-538.6,-40.7,0.1283,198.4,25.6,0.0000,91.9,-10.9,0.0390,89.9,-21.7,0,0.0,0.0,0.0000,-0.25,0.47,-0.16,0.02,1,-0.0333,-0.441,0.206,24.00,1,-502.2,-28.4,0.11882,138.3,5.2,-0.0307,0.00329,OK
0.9357,0.9305,5.2,0,-501.1,-28.2,0.1232,-536.9,-40.5,0.1283,198.4,25.6,0.0000,93.8,-11.0,0.0204,91.7,-22.5,0,0.0,0.0,0.0000,-0.01,0.16,-0.16,-0.21,1,-0.0478,-0.441,0.157,25.00,1,-501.1,-28.2,0.11901,127.4,11.4,-0.0407,0.00308,OK
0.9431,0.9389,4.2,0,-500.1,-27.8,0.1303,-535.3,-40.3,0.1283,198.4,25.6,0.0000,95.4,-11.5,-0.0078,93.1,-23.8,0,0.0,0.0,0.0000,-0.03,0.01,0.00,-0.50,1,-0.0478,-0.441,0.157,25.00,1,-500.1,-27.9,0.11994,118.9,18.3,-0.0300,0.00287,OK
0.9510,0.9476,3.4,0,-499.6,-28.2,0.1299,-533.6,-40.1,0.1283,198.4,25.6,0.0000,98.4,-9.7,-0.0062,96.3,-22.4,0,0.0,0.0,0.0000,-0.18,0.00,-0.13,-0.42,1,-0.0533,-0.608,0.078,25.00,1,-499.4,-28.1,0.12062,93.0,-26.8,-0.0315,0.00273,OK
0.9589,0.9557,3.2,0,-499.1,-28.3,0.1295,-531.9,-39.9,0.1283,198.4,25.6,0.0000,101.6,-8.9,-0.0049,99.6,-21.9,0,0.0,0.0,0.0000,-0.08,-0.10,0.23,-0.31,1,-0.0489,-0.588,0.059,24.00,1,-498.9,-28.2,0.12130,78.7,-26.1,-0.0202,0.00247,OK
0.9674,0.9642,3.2,0,-498.7,-28.3,0.1308,-530.3,-39.6,0.1283,198.4,25.6,0.0000,105.6,-8.1,-0.0097,103.6,-21.8,0,0.0,0.0,0.0000,-0.23,-0.43,0.00,0.11,1,-0.0433,-0.500,0.137,25.00,1,-498.4,-28.3,0.12201,65.5,-15.0,-0.0185,0.00230,OK
0.9755,0.9729,2.5,0,-498.6,-28.3,0.1315,-528.5,-39.4,0.1283,198.4,25.6,0.0000,110.0,-7.5,-0.0127,108.0,-21.8,0,0.0,0.0,0.0000,-0.25,-0.21,-0.24,0.46,1,-0.0433,-0.500,0.137,24.00,1,-498.2,-28.3,0.12283,41.3,-7.9,-0.0007,0.00195,OK
0.9839,0.9813,2.6,0,-498.4,-28.2,0.1314,-526.9,-39.2,0.1283,198.4,25.6,0.0000,114.5,-7.2,-0.0123,112.6,-22.1,0,0.0,0.0,0.0000,-0.61,-0.55,0.60,0.08,1,-0.0422,-0.461,0.186,25.00,1,-498.1,-28.3,0.12342,36.2,2.2,-0.0160,0.00187,OK
0.9917,0.9813,10.4,0,-498.4,-28.2,0.1314,-526.9,-39.2,0.1283,198.4,25.6,0.0000,119.1,-6.6,-0.0123,117.2,-22.1,0,0.0,0.0,0.0000,-0.42,-0.36,0.77,0.28,1,-0.0511,-0.530,0.304,25.00,1,-498.0,-28.3,0.12336,43.4,-8.5,-0.0285,0.00139,OK
0.9993,0.9813,18.1,0,-498.4,-28.2,0.1314,-526.9,-39.2,0.1283,198.4,25.6,0.0000,123.7,-6.0,-0.0123,121.8,-22.2,0,0.0,0.0,0.0000,-0.28,-0.31,0.40,0.28,1,-0.0700,-0.510,0.245,25.00,1,-497.7,-28.3,0.12312,36.9,-3.7,-0.0427,0.00082,OK
1.0070,0.9813,25.7,0,-498.4,-28.2,0.1314,-526.9,-39.2,0.1283,198.4,25.6,0.0000,128.2,-5.4,-0.0123,126.4,-22.2,0,0.0,0.0,0.0000,-0.74,-0.82,0.08,0.21,1,-0.0922,-0.559,0.363,25.00,1,-497.4,-28.2,0.12256,40.2,0.4,-0.1015,0.00100,OK
1.0152,0.9813,33.9,0,-498.4,-28.2,0.1314,-526.9,-39.2,0.1283,198.4,25.6,0.0000,133.1,-4.8,-0.0123,131.4,-22.2,0,0.0,0.0,0.0000,-1.20,-0.71,0.34,0.43,1,-0.0922,-0.559,0.363,25.00,1,-497.0,-28.2,0.12172,46.1,-5.8,-0.1004,0.00115,OK
1.0240,1.0238,0.2,0,-498.3,-28.2,0.1317,-518.4,-38.1,0.1283,198.4,25.6,0.0000,138.0,-4.1,-0.0135,136.3,-22.2,0,0.0,0.0,0.0000,-1.51,-0.41,0.76,0.44,1,-0.1000,-0.520,0.382,25.00,1,-498.1,-28.2,0.12210,-4.1,-5.0,-0.0166,0.00081,OK
1.0319,1.0238,8.1,0,-498.3,-28.2,0.1317,-518.4,-38.1,0.1283,198.4,25.6,0.0000,142.7,-3.5,-0.0135,141.0,-22.2,0,0.0,0.0,0.0000,-1.08,-0.72,0.81,0.71,1,-0.0956,-0.490,0.382,24.00,1,-498.1,-28.2,0.12193,12.4,-0.3,-0.0737,0.00038,OK
1.0393,1.0324,6.8,0,-498.1,-28.3,0.1292,-516.7,-37.9,0.1283,198.4,25.6,0.0000,146.6,-2.5,-0.0033,145.1,-21.4,0,0.0,0.0,0.0000,-1.23,-0.90,0.95,0.46,1,-0.0856,-0.530,0.451,24.00,1,-498.1,-28.3,0.12233,11.4,-9.3,-0.0836,0.00023,OK
1.0471,1.0324,14.6,0,-498.1,-28.3,0.1292,-516.7,-37.9,0.1283,198.4,25.6,0.0000,151.2,-1.9,-0.0033,149.7,-21.4,0,0.0,0.0,0.0000,-1.51,-0.74,1.04,0.58,1,-0.0856,-0.530,0.451,25.00,1,-497.9,-28.4,0.12178,16.3,-13.3,-0.0837,0.00019,OK
1.0552,1.0488,6.4,0,-498.4,-28.4,0.1345,-513.5,-37.5,0.1283,198.4,25.6,0.0000,156.8,-1.0,-0.0247,155.2,-22.0,0,0.0,0.0,0.0000,-2.05,-1.03,1.31,0.61,1,-0.0733,-0.706,0.628,25.00,1,-498.2,-28.4,0.12275,12.1,-13.0,-0.0911,0.00038,OK
1.0638,1.0488,15.0,0,-498.4,-28.4,0.1345,-513.5,-37.5,0.1283,198.4,25.6,0.0000,161.9,-0.4,-0.0247,160.4,-22.1,0,0.0,0.0,0.0000,-1.98,-0.75,2.05,1.24,1,-0.0589,-0.951,0.628,25.00,1,-498.0,-28.5,0.12237,24.8,-18.7,-0.0365,-0.00005,OK
1.0717,1.0488,22.9,0,-498.4,-28.4,0.1345,-513.5,-37.5,0.1283,198.4,25.6,0.0000,166.6,0.2,-0.0247,165.2,-22.1,0,0.0,0.0,0.0000,-2.31,-1.19,1.89,1.33,1,-0.0611,-1.147,0.677,25.00,1,-497.8,-28.6,0.12199,33.1,-14.6,-0.0603,-0.00006,OK
1.0797,1.0488,30.9,0,-498.4,-28.4,0.1345,-513.5,-37.5,0.1283,198.4,25.6,0.0000,171.3,0.9,-0.0247,169.9,-22.1,0,0.0,0.0,0.0000,-2.61,-1.24,2.18,1.36,1,-0.0800,-1.226,0.853,25.00,1,-497.4,-28.7,0.12145,41.2,-20.5,-0.0769,-0.00012,OK
1.0878,1.0488,39.0,0,-498.4,-28.4,0.1345,-513.5,-37.5,0.1283,198.4,25.6,0.0000,176.2,1.5,-0.0247,174.8,-22.2,0,0.0,0.0,0.0000,-3.03,-1.20,2.74,1.13,1,-0.0800,-1.226,0.853,25.00,1,-497.1,-28.9,0.12077,49.3,-33.7,-0.0862,-0.00000,OK
1.0947,1.0488,45.9,0,-498.4,-28.4,0.1345,-513.5,-37.5,0.1283,198.4,25.6,0.0000,180.3,2.0,-0.0247,179.0,-22.2,0,0.0,0.0,0.0000,-2.73,-1.40,2.52,1.86,1,-0.0844,-1.285,0.804,25.00,1,-496.7,-29.1,0.12027,54.9,-20.0,-0.0650,-0.00036,OK
1.1031,1.0488,54.2,0,-498.4,-28.4,0.1345,-513.5,-37.5,0.1283,198.4,25.6,0.0000,185.3,2.6,-0.0247,183.9,-22.2,0,0.0,0.0,0.0000,-3.63,-1.62,2.92,1.90,1,-0.0911,-1.196,0.637,25.00,1,-496.1,-29.2,0.11962,70.5,-30.4,-0.0913,-0.00035,OK
1.1116,1.0488,62.8,0,-498.4,-28.4,0.1345,-513.5,-37.5,0.1283,198.4,25.6,0.0000,190.4,3.3,-0.0247,189.1,-22.3,0,0.0,0.0,0.0000,-4.25,-1.61,3.22,1.79,1,-0.1100,-1.226,0.853,25.00,1,-495.4,-29.4,0.11871,79.2,-41.1,-0.1179,-0.00020,OK
1.1188,1.0488,70.0,0,-498.4,-28.4,0.1345,-513.5,-37.5,0.1283,198.4,25.6,0.0000,194.6,3.9,-0.0247,193.4,-22.3,0,0.0,0.0,0.0000,-4.51,-2.09,3.64,2.23,1,-0.1100,-1.226,0.853,25.00,1,-494.8,-29.7,0.11786,94.9,-39.3,-0.1169,-0.00007,OK
1.1277,1.0488,78.9,0,-498.4,-28.4,0.1345,-513.5,-37.5,0.1283,198.4,25.6,0.0000,199.9,4.5,-0.0247,198.7,-22.3,0,0.0,0.0,0.0000,-4.61,-2.08,3.87,2.61,1,-0.1100,-1.128,0.618,24.00,1,-493.8,-29.9,0.11689,103.2,-40.3,-0.1043,-0.00017,OK
1.1353,1.0488,86.5,0,-498.4,-28.4,0.1345,-513.5,-37.5,0.1283,198.4,25.6,0.0000,204.5,5.1,-0.0247,203.3,-22.3,0,0.0,0.0,0.0000,-4.67,-2.32,4.19,3.14,1,-0.0844,-1.089,0.696,25.00,1,-493.0,-30.1,0.11622,114.7,-37.2,-0.0734,-0.00036,OK
1.1430,1.0488,94.2,0,-498.4,-28.4,0.1345,-513.5,-37.5,0.1283,198.4,25.6,0.0000,209.0,5.7,-0.0247,207.9,-22.4,0,0.0,0.0,0.0000,-5.11,-2.34,4.46,3.56,1,-0.0700,-1.363,1.089,25.00,1,-492.0,-30.3,0.11574,126.0,-41.1,-0.0567,-0.00058,OK
1.1511,1.1510,0.1,0,-497.1,-28.6,0.1284,-493.2,-34.9,0.1283,198.4,25.6,0.0000,210.0,6.9,-0.0004,209.2,-20.0,0,0.0,0.0,0.0000,-5.35,-2.56,5.35,3.80,1,-0.0700,-1.363,1.089,25.00,1,-496.9,-28.6,0.11824,62.6,-12.5,0.0331,-0.00125,OK
1.1588,1.1510,7.8,0,-497.1,-28.6,0.1284,-493.2,-34.9,0.1283,198.4,25.6,0.0000,214.6,7.5,-0.0004,213.8,-20.0,0,0.0,0.0,0.0000,-6.27,-2.75,5.47,3.61,1,-0.0200,-1.393,0.922,24.00,1,-496.9,-28.6,0.11780,88.2,-28.6,-0.0873,-0.00124,OK
1.1672,1.1510,16.2,0,-497.1,-28.6,0.1284,-493.2,-34.9,0.1283,198.4,25.6,0.0000,219.6,8.2,-0.0004,218.8,-20.0,0,0.0,0.0,0.0000,-6.46,-2.76,5.76,4.14,1,-0.0078,-1.579,0.333,25.00,1,-496.1,-28.8,0.11743,102.9,-30.4,-0.0088,-0.00120,OK
1.1751,1.1510,24.1,0,-497.1,-28.6,0.1284,-493.2,-34.9,0.1283,198.4,25.6,0.0000,224.3,8.8,-0.0004,223.6,-20.0,0,0.0,0.0,0.0000,-6.45,-2.88,6.50,4.48,1,0.0122,-1.442,0.353,24.00,1,-495.2,-28.9,0.11746,119.0,-36.4,0.0158,-0.00125,OK
1.1829,1.1510,31.9,0,-497.1,-28.6,0.1284,-493.2,-34.9,0.1283,198.4,25.6,0.0000,228.9,9.4,-0.0004,228.2,-20.0,0,0.0,0.0,0.0000,-7.01,-2.73,6.86,4.60,1,0.0256,-1.383,0.598,25.00,1,-494.2,-29.2,0.11764,131.9,-48.8,0.0286,-0.00128,OK
1.1911,1.1839,7.2,0,-495.1,-28.7,0.1262,-486.7,-34.0,0.1283,198.4,25.6,0.0000,227.9,10.1,0.0086,227.4,-18.7,0,0.0,0.0,0.0000,-7.27,-2.61,6.62,4.48,1,0.0256,-1.383,0.598,25.00,1,-494.8,-28.7,0.11963,95.2,-26.0,0.0269,-0.00146,OK
1.1995,1.1922,7.4,0,-495.0,-29.2,0.1243,-485.0,-33.8,0.1283,198.4,25.6,0.0000,232.7,12.4,0.0163,232.4,-16.5,0,0.0,0.0,0.0000,-7.30,-2.79,7.26,5.40,1,0.0500,-0.647,0.157,24.00,1,-494.5,-29.1,0.12079,96.8,-41.9,0.0576,-0.00165,OK
1.2073,1.2010,6.3,0,-494.5,-29.1,0.1219,-483.3,-33.6,0.1283,198.4,25.6,0.0000,235.6,12.7,0.0256,235.4,-16.1,0,0.0,0.0,0.0000,-7.25,-3.25,6.85,4.94,1,0.1067,-0.314,-0.333,24.00,1,-494.1,-29.2,0.12160,85.8,-21.2,0.1018,-0.00155,OK
1.2159,1.2101,5.8,0,-493.8,-29.2,0.1235,-481.5,-33.3,0.1283,198.4,25.6,0.0000,238.8,13.5,0.0195,238.6,-16.0,0,0.0,0.0,0.0000,-7.75,-3.52,7.48,5.29,1,0.1478,-0.735,-0.226,24.00,1,-493.5,-29.2,0.12288,97.3,-21.6,0.1419,-0.00144,OK
1.2228,1.2177,5.1,0,-493.4,-29.3,0.1285,-480.0,-33.1,0.1283,198.4,25.6,0.0000,241.7,14.6,-0.0008,241.6,-16.5,0,0.0,0.0,0.0000,-8.20,-4.16,7.74,5.98,1,0.1478,-0.735,-0.226,25.00,1,-493.0,-29.3,0.12459,104.3,-23.3,0.1474,-0.00141,OK
1.2317,1.2264,5.3,0,-492.6,-30.0,0.1207,-478.3,-32.9,0.1283,198.4,25.6,0.0000,244.5,17.1,0.0305,244.7,-12.4,0,0.0,0.0,0.0000,-8.17,-3.40,7.61,5.82,1,0.1556,-1.569,-0.206,25.00,1,-492.3,-29.8,0.12519,93.9,-57.4,0.1482,-0.00125,OK
1.2397,1.2356,4.1,0,-491.0,-31.0,0.1122,-476.4,-32.7,0.1283,198.4,25.6,0.0000,244.5,21.0,0.0645,245.3,-6.5,0,0.0,0.0,0.0000,-8.30,-3.15,8.49,5.62,1,0.1267,-0.912,0.294,25.00,1,-491.1,-30.9,0.12447,112.3,-114.0,0.1004,-0.00099,OK
1.2477,1.2451,2.6,0,-490.0,-31.5,0.1089,-474.5,-32.4,0.1283,198.4,25.6,0.0000,246.3,23.0,0.0776,247.4,-3.9,0,0.0,0.0,0.0000,-8.70,-4.52,8.30,6.11,1,0.0900,-0.588,-0.147,25.00,1,-489.9,-31.5,0.12311,128.7,-79.9,0.0290,-0.00063,OK
1.2558,1.2499,5.9,0,-489.2,-32.0,0.1105,-473.6,-32.3,0.1283,198.4,25.6,0.0000,248.7,24.9,0.0715,249.9,-2.6,0,0.0,0.0,0.0000,-8.77,-4.90,8.93,6.42,1,0.0400,-0.971,0.628,24.00,1,-489.1,-31.9,0.12185,150.4,-86.8,0.0308,-0.00040,OK
1.2636,1.2499,13.7,0,-489.2,-32.0,0.1105,-473.6,-32.3,0.1283,198.4,25.6,0.0000,253.3,25.5,0.0715,254.6,-2.5,0,0.0,0.0,0.0000,-9.00,-4.76,9.10,6.84,1,0.0400,-0.971,0.628,25.00,1,-488.2,-32.3,0.12207,165.2,-87.5,0.0407,-0.00040,OK
1.2710,1.2678,3.3,0,-487.1,-31.8,0.1189,-470.0,-31.9,0.1283,198.4,25.6,0.0000,251.4,25.6,0.0378,252.7,-4.4,0,0.0,0.0,0.0000,-9.14,-5.10,8.83,6.98,1,0.0011,-1.402,0.941,25.00,1,-486.7,-31.9,0.12182,151.7,-11.6,-0.0065,-0.00035,OK
1.2794,1.2678,11.7,0,-487.1,-31.8,0.1189,-470.0,-31.9,0.1283,198.4,25.6,0.0000,256.4,26.2,0.0378,257.7,-4.4,0,0.0,0.0,0.0000,-9.30,-4.66,8.62,7.26,1,-0.0256,-0.873,0.343,24.00,1,-486.1,-32.0,0.12174,163.8,-40.7,-0.0215,-0.00041,OK
1.2872,1.2678,19.4,0,-487.1,-31.8,0.1189,-470.0,-31.9,0.1283,198.4,25.6,0.0000,261.0,26.8,0.0378,262.3,-4.3,0,0.0,0.0,0.0000,-9.50,-5.31,8.57,7.00,1,-0.0144,-0.490,0.539,25.00,1,-484.8,-32.1,0.12160,176.8,-35.1,-0.0158,-0.00038,OK
1.2958,1.2678,28.0,0,-487.1,-31.8,0.1189,-470.0,-31.9,0.1283,198.4,25.6,0.0000,266.1,27.5,0.0378,267.5,-4.3,0,0.0,0.0,0.0000,-9.81,-6.04,7.42,7.59,1,-0.0144,-0.490,0.539,25.00,1,-483.2,-32.1,0.12144,186.2,-10.6,-0.0195,-0.00029,OK
1.3037,1.3024,1.4,0,-480.8,-34.0,0.1207,-463.2,-31.0,0.1283,198.4,25.6,0.0000,252.0,34.8,0.0306,254.4,4.2,0,0.0,0.0,0.0000,-9.74,-6.30,5.76,7.45,1,-0.0122,-0.637,-0.873,26.00,1,-480.8,-33.9,0.12101,158.7,-68.7,-0.0265,-0.00008,OK
1.3113,1.3024,8.9,0,-480.8,-34.0,0.1207,-463.2,-31.0,0.1283,198.4,25.6,0.0000,256.4,35.4,0.0306,258.8,4.3,0,0.0,0.0,0.0000,-9.35,-5.85,7.34,7.24,1,-0.0089,-0.422,0.353,24.00,1,-480.6,-34.0,0.12102,180.4,-70.8,-0.0146,0.00002,OK
1.3191,1.3191,0.0,0,-476.7,-35.0,0.1141,-459.9,-30.6,0.1283,198.4,25.6,0.0000,248.9,39.1,0.0570,251.7,10.5,0,0.0,0.0,0.0000,-9.78,-6.54,8.89,7.45,1,-0.0233,-0.255,-0.353,25.00,1,-476.8,-35.0,0.11949,229.2,-99.1,-0.0727,0.00023,OK
1.3279,1.3276,0.3,0,-474.6,-35.5,0.1178,-458.2,-30.3,0.1283,198.4,25.6,0.0000,247.8,41.2,0.0422,251.0,11.8,0,0.0,0.0,0.0000,-9.06,-6.60,9.03,7.75,1,-0.0433,-0.863,-0.049,25.00,1,-474.7,-35.5,0.11898,235.4,-87.5,-0.0525,0.00025,OK
1.3362,1.3359,0.3,0,-472.8,-35.5,0.1196,-456.5,-30.1,0.1283,198.4,25.6,0.0000,247.3,41.7,0.0347,250.5,11.9,0,0.0,0.0,0.0000,-10.38,-7.16,9.20,7.49,1,-0.0433,-0.863,-0.049,25.00,1,-472.7,-35.6,0.11871,243.7,-37.8,-0.0450,0.00037,OK
1.3436,1.3359,7.7,0,-472.8,-35.5,0.1196,-456.5,-30.1,0.1283,198.4,25.6,0.0000,251.7,42.3,0.0347,255.0,11.9,0,0.0,0.0,0.0000,-10.72,-6.60,9.18,7.82,1,-0.0667,-0.451,0.441,24.00,1,-472.7,-35.6,0.11835,252.8,-75.5,-0.1480,0.00038,OK
1.3512,1.3458,5.4,0,-470.9,-36.1,0.1196,-454.6,-29.9,0.1283,198.4,25.6,0.0000,250.6,44.8,0.0348,254.2,14.6,0,0.0,0.0,0.0000,-10.07,-6.90,8.72,7.56,1,-0.0478,-0.020,-0.000,24.00,1,-470.6,-36.1,0.11783,228.0,-65.1,-0.0548,0.00048,OK
1.3588,1.3530,5.7,0,-468.9,-36.3,0.1180,-453.1,-29.7,0.1283,198.4,25.6,0.0000,249.1,45.9,0.0415,252.8,16.3,0,0.0,0.0,0.0000,-10.24,-7.15,8.87,7.96,1,-0.0144,-0.284,-2.148,26.00,1,-468.8,-36.3,0.11766,241.4,-57.9,-0.0224,0.00059,OK
1.3677,1.3620,5.7,0,-467.0,-36.6,0.1228,-451.4,-29.5,0.1283,198.4,25.6,0.0000,248.6,47.6,0.0220,252.6,16.8,0,0.0,0.0,0.0000,-7.06,-6.54,8.57,8.04,1,-0.0011,0.245,0.579,25.00,1,-466.9,-36.6,0.11837,205.6,-38.9,0.0136,0.00032,OK
1.3752,1.3699,5.3,0,-465.7,-37.4,0.1196,-449.8,-29.2,0.1283,198.4,25.6,0.0000,249.2,50.4,0.0348,253.4,20.3,0,0.0,0.0,0.0000,-5.84,-6.05,8.91,8.22,1,-0.0011,0.245,0.579,25.00,1,-465.5,-37.1,0.11872,179.7,-61.2,0.0279,-0.00007,OK
1.3833,1.3790,4.2,0,-462.3,-37.4,0.1237,-448.0,-29.0,0.1283,198.4,25.6,0.0000,243.7,51.2,0.0186,248.1,20.7,0,0.0,0.0,0.0000,-8.72,-6.35,8.33,8.33,1,-0.0167,1.373,-0.157,25.00,1,-462.8,-37.5,0.11930,257.8,-71.6,-0.0032,-0.00021,OK
1.3914,1.3867,4.6,0,-460.7,-38.0,0.1257,-446.5,-28.8,0.1283,198.4,25.6,0.0000,243.6,53.6,0.0104,248.4,22.6,0,0.0,0.0,0.0000,-9.18,-6.96,9.08,8.68,1,-0.0089,-0.451,-1.275,24.00,1,-460.7,-38.0,0.12006,269.5,-87.5,0.0041,-0.00037,OK
1.3992,1.3956,3.5,0,-458.5,-38.5,0.1224,-444.7,-28.6,0.1283,198.4,25.6,0.0000,241.2,55.6,0.0236,246.2,25.7,0,0.0,0.0,0.0000,-9.37,-7.28,8.41,8.96,1,0.0033,-2.265,0.118,25.00,1,-458.4,-38.5,0.12037,262.9,-82.0,0.0091,-0.00039,OK
1.4069,1.4047,2.2,0,-455.8,-39.2,0.1214,-442.9,-28.4,0.1283,198.4,25.6,0.0000,234.9,57.9,0.0277,240.2,29.0,0,0.0,0.0,0.0000,-8.92,-7.18,8.14,8.47,1,0.0033,-2.265,0.118,25.00,1,-455.9,-39.1,0.12052,259.5,-103.2,0.0064,-0.00037,OK
1.4149,1.4138,1.1,0,-453.5,-39.4,0.1326,-441.1,-28.1,0.1283,198.4,25.6,0.0000,229.2,58.5,-0.0172,234.9,27.7,0,0.0,0.0,0.0000,-8.97,-7.31,7.73,7.97,1,0.0100,0.186,0.226,25.00,1,-453.5,-39.4,0.12223,258.6,-64.9,0.0795,-0.00045,OK
1.4235,1.4138,9.7,0,-453.5,-39.4,0.1326,-441.1,-28.1,0.1283,198.4,25.6,0.0000,226.9,58.3,-0.0172,232.7,27.7,0,0.0,0.0,0.0000,-9.13,-7.24,7.68,8.04,1,0.0011,1.334,-0.343,25.00,1,-453.0,-39.5,0.12202,260.4,-70.0,-0.0055,-0.00033,OK
1.4314,1.4138,17.6,0,-453.5,-39.4,0.1326,-441.1,-28.1,0.1283,198.4,25.6,0.0000,224.7,58.0,-0.0172,230.4,27.7,0,0.0,0.0,0.0000,-9.07,-7.90,7.45,8.51,1,0.0289,0.481,-1.883,25.00,1,-450.9,-39.7,0.12207,269.6,-50.9,0.0193,-0.00018,OK
1.4393,1.4138,25.5,0,-453.5,-39.4,0.1326,-441.1,-28.1,0.1283,198.4,25.6,0.0000,221.6,57.6,-0.0172,227.3,27.8,0,0.0,0.0,0.0000,-8.29,-7.69,5.14,8.14,1,0.0300,0.510,-0.147,24.00,1,-448.9,-39.7,0.12216,235.7,-12.8,0.0101,0.00015,OK
1.4474,1.4138,33.5,0,-453.5,-39.4,0.1326,-441.1,-28.1,0.1283,198.4,25.6,0.0000,218.5,57.2,-0.0172,224.1,27.8,0,0.0,0.0,0.0000,-8.30,-7.12,7.69,8.27,1,0.0300,0.510,-0.147,25.00,1,-446.8,-39.7,0.12230,261.5,-51.8,0.0269,0.00019,OK
1.4551,1.4550,0.2,0,-440.3,-40.4,0.1339,-432.9,-27.1,0.1283,198.4,25.6,0.0000,203.0,58.1,-0.0225,208.9,30.5,0,0.0,0.0,0.0000,-8.21,-7.21,7.19,8.27,1,0.0067,0.206,0.177,25.00,1,-440.5,-40.4,0.12458,320.7,-66.1,0.0904,0.00001,OK
1.4629,1.4550,7.9,0,-440.3,-40.4,0.1339,-432.9,-27.1,0.1283,198.4,25.6,0.0000,187.5,58.8,-0.0225,193.6,33.2,0,0.0,0.0,0.0000,-8.01,-7.90,7.25,8.14,1,-0.0067,0.510,-1.755,24.00,1,-440.6,-40.4,0.12401,305.8,-50.5,-0.0728,0.00001,OK
1.4714,1.4550,16.4,0,-440.3,-40.4,0.1339,-432.9,-27.1,0.1283,198.4,25.6,0.0000,170.5,58.9,-0.0225,176.8,35.6,0,0.0,0.0,0.0000,-7.42,-6.83,6.71,8.27,1,-0.0078,1.040,1.216,24.00,1,-438.0,-40.5,0.12372,286.7,-44.6,-0.0056,-0.00002,OK
1.4790,1.4550,24.1,0,-440.3,-40.4,0.1339,-432.9,-27.1,0.1283,198.4,25.6,0.0000,166.1,58.5,-0.0225,172.5,35.8,0,0.0,0.0,0.0000,-7.81,-6.84,6.57,8.03,1,-0.0078,1.040,1.216,25.00,1,-435.8,-40.5,0.12366,285.5,-44.1,-0.0106,0.00002,OK
1.4876,1.4550,32.6,0,-440.3,-40.4,0.1339,-432.9,-27.1,0.1283,198.4,25.6,0.0000,162.8,58.1,-0.0225,169.1,35.8,0,0.0,0.0,0.0000,-7.10,-7.21,6.31,8.35,1,-0.0211,1.245,-0.441,25.00,1,-433.4,-40.5,0.12354,281.7,-25.1,-0.0185,-0.00002,OK
1.4949,1.4915,3.4,0,-430.1,-41.1,0.1192,-425.7,-26.1,0.1283,196.8,25.4,0.0000,148.2,58.8,0.0364,154.1,40.8,0,0.0,0.0,0.0000,-7.31,-7.00,5.90,7.99,1,-0.0267,0.441,-1.746,24.00,1,-430.1,-41.0,0.12247,271.5,-43.6,-0.0400,0.00013,OK
1.5036,1.4970,6.6,0,-426.3,-41.9,0.1269,-424.6,-26.0,0.1283,194.7,25.1,0.0000,130.8,60.3,0.0058,137.4,43.3,0,0.0,0.0,0.0000,-7.51,-6.63,5.53,7.95,1,-0.0467,-0.245,-0.059,24.00,1,-427.4,-41.6,0.12296,296.8,-71.0,-0.0487,0.00008,OK
1.5113,1.5050,6.3,0,-424.5,-41.6,0.1259,-423.0,-25.8,0.1283,191.3,24.7,0.0000,115.3,60.4,0.0096,122.0,45.5,0,0.0,0.0,0.0000,-7.08,-6.86,5.29,8.09,1,-0.0600,0.177,0.324,25.00,1,-424.7,-41.6,0.12302,300.8,-46.6,-0.0594,0.00003,OK
1.5189,1.5136,5.3,0,-421.5,-42.0,0.1224,-421.4,-25.6,0.1283,184.0,23.7,0.0000,100.3,61.0,0.0238,107.0,48.3,0,0.0,0.0,0.0000,-6.09,-6.56,4.73,7.28,1,-0.0600,0.177,0.324,25.00,1,-421.9,-41.9,0.12249,291.3,-55.3,-0.0605,0.00004,OK
1.5274,1.5218,5.6,0,-419.0,-41.8,0.1317,-419.9,-25.4,0.1283,176.7,22.8,0.0000,83.2,60.1,-0.0134,90.4,48.7,0,0.0,0.0,0.0000,-5.29,-6.65,4.52,6.74,1,-0.0700,1.442,-1.324,25.00,1,-419.3,-41.8,0.12331,284.6,-32.1,-0.0590,-0.00017,OK
1.5350,1.5316,3.4,0,-417.2,-41.0,0.1218,-418.2,-25.2,0.1283,167.1,21.6,0.0000,73.1,57.4,0.0262,79.5,48.1,0,0.0,0.0,0.0000,-5.35,-6.58,4.19,6.76,1,-0.0644,0.981,-0.912,24.00,1,-416.9,-41.2,0.12256,263.5,24.7,-0.0672,-0.00015,OK
1.5437,1.5393,4.4,0,-413.3,-41.8,0.1269,-417.0,-25.0,0.1283,159.4,20.6,0.0000,56.8,59.0,0.0058,63.8,51.3,0,0.0,0.0,0.0000,-5.26,-6.31,3.10,6.58,1,-0.0667,1.236,-0.373,24.00,1,-414.1,-41.5,0.12261,286.1,-42.6,-0.0676,-0.00008,OK
1.5514,1.5478,3.7,0,-411.1,-42.0,0.1270,-415.7,-24.8,0.1283,151.1,19.5,0.0000,46.0,59.1,0.0054,53.1,52.8,0,0.0,0.0,0.0000,-4.78,-6.24,3.32,6.39,1,-0.0667,1.236,-0.373,25.00,1,-411.4,-41.8,0.12268,285.7,-61.2,-0.0556,-0.00012,OK
1.5593,1.5557,3.5,0,-408.0,-42.0,0.1192,-414.5,-24.7,0.1283,143.2,18.5,0.0000,32.2,58.7,0.0365,38.9,54.4,0,0.0,0.0,0.0000,-4.11,-6.29,2.24,6.40,1,-0.0689,1.952,-0.912,25.00,1,-408.6,-41.9,0.12171,297.2,-45.4,-0.0814,-0.00001,OK
1.5671,1.5557,11.4,0,-408.0,-42.0,0.1192,-414.5,-24.7,0.1283,143.2,18.5,0.0000,27.7,58.1,0.0365,34.4,54.4,0,0.0,0.0,0.0000,-2.97,-5.90,1.85,7.24,1,-0.0356,1.540,-0.324,25.00,1,-407.8,-41.9,0.12164,266.1,-11.7,-0.0299,-0.00010,OK
1.5752,1.5720,3.2,0,-405.9,-41.9,0.1254,-412.3,-24.4,0.1283,126.8,16.4,0.0000,16.5,57.2,0.0116,23.5,54.7,0,0.0,0.0,0.0000,-3.69,-6.12,1.95,6.06,1,-0.0289,1.245,-0.108,25.00,1,-405.4,-41.9,0.12179,210.2,-26.7,-0.0211,-0.00007,OK
1.5829,1.5720,10.9,0,-405.9,-41.9,0.1254,-412.3,-24.4,0.1283,126.8,16.4,0.0000,11.7,56.6,0.0116,18.7,54.7,0,0.0,0.0,0.0000,-2.86,-5.92,1.37,6.00,1,-0.0289,1.245,-0.108,24.00,1,-404.8,-41.9,0.12168,205.6,-6.5,-0.0330,-0.00001,OK
1.5917,1.5720,19.7,0,-405.9,-41.9,0.1254,-412.3,-24.4,0.1283,126.8,16.4,0.0000,6.5,55.9,0.0116,13.5,54.7,0,0.0,0.0,0.0000,-2.74,-5.50,1.17,5.39,1,-0.0356,0.726,-0.010,24.00,1,-403.1,-41.7,0.12133,189.2,-5.9,-0.0432,0.00011,OK
1.6001,1.5720,28.1,0,-405.9,-41.9,0.1254,-412.3,-24.4,0.1283,126.8,16.4,0.0000,4.0,55.6,0.0116,11.0,54.7,0,0.0,0.0,0.0000,-2.26,-5.20,0.86,4.98,1,-0.0467,2.040,-0.088,25.00,1,-401.6,-41.5,0.12093,172.0,0.4,-0.0520,0.00019,OK
1.6078,1.5720,35.8,0,-405.9,-41.9,0.1254,-412.3,-24.4,0.1283,126.8,16.4,0.0000,-4.5,54.5,0.0116,2.4,54.6,0,0.0,0.0,0.0000,-1.55,-4.79,0.72,4.53,1,-0.0267,2.442,0.186,25.00,1,-400.4,-41.4,0.12064,153.0,4.4,-0.0249,0.00016,OK
1.6153,1.5720,43.3,0,-405.9,-41.9,0.1254,-412.3,-24.4,0.1283,126.8,16.4,0.0000,-14.6,53.2,0.0116,-7.9,54.6,0,0.0,0.0,0.0000,-0.84,-4.11,0.15,4.35,1,-0.0044,1.765,-0.186,25.00,1,-399.3,-41.2,0.12056,130.9,14.0,0.0022,0.00005,OK
1.6229,1.5720,50.9,0,-405.9,-41.9,0.1254,-412.3,-24.4,0.1283,126.8,16.4,0.0000,-17.5,52.8,0.0116,-10.8,54.6,0,0.0,0.0,0.0000,-0.71,-2.50,-0.20,3.83,1,-0.0044,1.765,-0.186,24.00,1,-398.5,-41.0,0.12062,103.7,-0.7,0.0072,-0.00013,OK
1.6315,1.5720,59.5,0,-405.9,-41.9,0.1254,-412.3,-24.4,0.1283,126.8,16.4,0.0000,-22.9,52.1,0.0116,-16.2,54.6,0,0.0,0.0,0.0000,-0.02,-1.23,-0.42,3.35,1,-0.0267,1.961,-0.108,24.00,1,-397.7,-41.0,0.12073,74.0,-9.8,0.0063,-0.00062,OK
1.6392,1.5720,67.2,0,-405.9,-41.9,0.1254,-412.3,-24.4,0.1283,126.8,16.4,0.0000,-29.2,51.3,0.0116,-22.5,54.6,0,0.0,0.0,0.0000,0.46,-0.50,-1.69,2.66,1,-0.0500,2.363,0.422,25.00,1,-397.3,-41.0,0.12068,45.2,-2.8,-0.0276,-0.00095,OK
1.6477,1.5720,75.7,0,-405.9,-41.9,0.1254,-412.3,-24.4,0.1283,126.8,16.4,0.0000,-36.1,50.4,0.0116,-29.5,54.5,0,0.0,0.0,0.0000,0.24,-0.20,-1.62,2.53,1,-0.0800,2.246,0.481,25.00,1,-396.9,-41.0,0.12037,40.9,-7.2,-0.0559,-0.00131,OK
1.6552,1.5720,83.2,0,-405.9,-41.9,0.1254,-412.3,-24.4,0.1283,126.8,16.4,0.0000,-42.7,49.6,0.0116,-36.2,54.5,0,0.0,0.0,0.0000,0.88,-0.41,-1.80,1.94,1,-0.0800,2.246,0.481,25.00,1,-396.7,-40.9,0.12006,29.9,5.0,-0.0434,-0.00180,OK
1.6638,1.5720,91.8,0,-405.9,-41.9,0.1254,-412.3,-24.4,0.1283,126.8,16.4,0.0000,-50.1,48.6,0.0116,-43.6,54.5,0,0.0,0.0,0.0000,1.26,-3.08,-2.32,1.34,1,-0.1178,1.540,0.284,25.00,1,-396.4,-40.6,0.11931,36.0,45.1,-0.1246,-0.00166,OK
1.6713,1.6687,2.6,0,-380.1,-36.2,0.1177,-404.7,-23.4,0.1283,31.0,4.0,0.0000,-64.9,45.5,0.0424,-59.1,52.8,0,0.0,0.0,0.0000,1.68,-2.76,-2.21,0.80,1,-0.1689,1.216,0.245,26.00,1,-380.5,-36.3,0.11750,199.2,66.4,-0.1568,-0.00181,OK
1.6789,1.6744,4.5,0,-378.5,-35.4,0.1180,-404.5,-23.4,0.1283,25.4,3.3,0.0000,-79.6,42.1,0.0414,-74.1,51.2,0,0.0,0.0,0.0000,1.49,-2.31,-2.65,0.28,1,-0.2078,1.442,0.559,26.00,1,-379.1,-35.6,0.11662,183.0,83.7,-0.2030,-0.00185,OK
1.6876,1.6824,5.2,0,-377.0,-35.1,0.1196,-404.3,-23.4,0.1283,18.4,2.4,0.0000,-96.6,38.5,0.0351,-91.4,49.8,0,0.0,0.0,0.0000,1.61,-1.79,-2.98,-0.62,1,-0.2544,1.657,0.677,25.00,1,-377.6,-35.0,0.11554,161.6,49.9,-0.2488,-0.00193,OK
1.6948,1.6915,3.4,0,-376.2,-33.9,0.1253,-404.2,-23.4,0.1283,12.7,1.6,0.0000,-110.7,35.0,0.0120,-105.5,48.6,0,0.0,0.0,0.0000,1.89,-1.33,-3.72,-0.85,1,-0.2544,1.657,0.677,25.00,1,-376.3,-34.0,0.11530,142.9,86.2,-0.2172,-0.00216,OK
1.7029,1.7003,2.6,0,-374.0,-33.9,0.1247,-404.2,-23.4,0.1283,-6.1,-0.8,0.0000,-126.5,31.7,0.0144,-121.6,47.1,0,0.0,0.0,0.0000,2.44,-0.79,-3.85,-1.38,1,-0.3056,1.648,0.510,26.00,1,-374.7,-33.7,0.11456,142.4,24.8,-0.2478,-0.00246,OK
1.7111,1.7078,3.3,0,-373.3,-33.0,0.1264,-404.2,-23.4,0.1283,-10.8,-1.4,0.0000,-142.5,27.9,0.0077,-137.8,45.6,0,0.0,0.0,0.0000,3.17,-0.78,-3.76,-1.91,1,-0.3056,1.716,0.304,25.00,1,-373.6,-33.1,0.11430,126.2,67.4,-0.2531,-0.00276,OK
1.7194,1.7162,3.2,0,-372.6,-31.9,0.1240,-404.3,-23.4,0.1283,-16.0,-2.1,0.0000,-158.4,23.6,0.0172,-154.3,43.1,0,0.0,0.0,0.0000,3.06,0.10,-3.88,-2.04,1,-0.2767,1.363,0.265,24.00,1,-372.7,-32.1,0.11368,109.0,90.2,-0.2283,-0.00305,OK
1.7278,1.7251,2.7,0,-372.1,-30.8,0.1248,-404.5,-23.4,0.1283,-24.8,-3.2,0.0000,-174.5,18.9,0.0141,-170.8,40.5,0,0.0,0.0,0.0000,3.08,0.25,-4.55,-2.91,1,-0.2767,1.363,0.265,25.00,1,-372.1,-31.0,0.11302,81.7,109.8,-0.2222,-0.00323,OK
1.7351,1.7337,1.4,0,-371.1,-30.5,0.1233,-404.7,-23.4,0.1283,-33.3,-4.3,0.0000,-188.7,15.0,0.0202,-185.4,38.1,0,0.0,0.0,0.0000,3.59,0.77,-4.42,-3.17,1,-0.2589,1.598,0.265,24.00,1,-371.4,-30.4,0.11248,73.3,62.5,-0.1824,-0.00344,OK
1.7438,1.7416,2.2,0,-369.5,-29.5,0.1220,-405.0,-23.5,0.1283,-41.3,-5.3,0.0000,-205.4,10.4,0.0253,-202.6,35.4,0,0.0,0.0,0.0000,3.47,0.95,-4.61,-3.15,1,-0.2144,1.461,-0.039,25.00,1,-370.3,-29.6,0.11216,99.0,87.8,-0.1626,-0.00358,OK
1.7511,1.7416,9.5,0,-369.5,-29.5,0.1220,-405.0,-23.5,0.1283,-41.3,-5.3,0.0000,-219.5,6.9,0.0253,-217.1,33.6,0,0.0,0.0,0.0000,4.71,1.62,-4.42,-3.40,1,-0.1100,0.735,-0.245,25.00,1,-370.3,-29.5,0.11211,50.0,77.4,-0.1055,-0.00360,OK
1.7592,1.7578,1.3,0,-368.0,-28.3,0.1234,-405.8,-23.6,0.1283,-57.4,-7.4,0.0000,-235.1,2.6,0.0196,-233.0,31.5,0,0.0,0.0,0.0000,5.19,1.93,-5.00,-3.81,1,-0.0044,1.128,-0.206,25.00,1,-368.7,-28.3,0.11326,82.1,71.3,0.0610,-0.00372,OK
1.7670,1.7578,9.2,0,-368.0,-28.3,0.1234,-405.8,-23.6,0.1283,-57.4,-7.4,0.0000,-250.4,-1.1,0.0196,-248.7,29.8,0,0.0,0.0,0.0000,5.79,2.24,-5.08,-4.17,1,-0.0044,1.128,-0.206,25.00,1,-368.8,-28.2,0.11310,34.9,74.3,-0.0026,-0.00369,OK
1.7754,1.7751,0.2,0,-368.0,-27.8,0.1235,-407.0,-23.7,0.1283,-74.5,-9.6,0.0000,-266.6,-5.2,0.0195,-265.2,27.7,0,0.0,0.0,0.0000,7.30,2.60,-5.53,-4.07,1,0.0756,1.814,0.098,24.00,1,-368.2,-27.7,0.11551,19.3,21.8,0.1485,-0.00385,OK
1.7831,1.7751,8.0,0,-368.0,-27.8,0.1235,-407.0,-23.7,0.1283,-74.5,-9.6,0.0000,-281.8,-8.3,0.0195,-280.7,26.5,0,0.0,0.0,0.0000,7.44,1.61,-5.81,-4.11,1,0.1711,1.049,-0.353,25.00,1,-368.3,-27.7,0.11488,5.9,67.7,-0.0344,-0.00384,OK
1.7914,1.7751,16.3,0,-368.0,-27.8,0.1235,-407.0,-23.7,0.1283,-74.5,-9.6,0.0000,-298.2,-11.0,0.0195,-297.3,25.8,0,0.0,0.0,0.0000,7.83,0.90,-5.68,-4.57,1,0.2300,0.951,-0.029,25.00,1,-368.3,-27.0,0.11581,-3.7,95.4,0.2124,-0.00357,OK
1.7988,1.7976,1.1,0,-369.5,-26.0,0.1176,-408.9,-24.0,0.1283,-96.8,-12.5,0.0000,-305.0,-18.2,0.0430,-305.0,17.7,0,0.0,0.0,0.0000,7.50,2.04,-6.08,-4.86,1,0.2300,0.951,-0.029,25.00,1,-369.3,-25.9,0.11865,-49.7,75.8,0.2108,-0.00328,OK
1.8073,1.8009,6.5,0,-369.3,-25.6,0.1138,-409.2,-24.0,0.1283,-100.0,-12.9,0.0000,-313.7,-20.4,0.0582,-314.0,15.4,0,0.0,0.0,0.0000,8.64,3.63,-6.35,-4.61,1,0.2922,1.873,0.167,24.00,1,-369.5,-25.7,0.11892,-76.0,72.2,0.2880,-0.00310,OK
1.8158,1.8096,6.2,0,-369.8,-25.2,0.1093,-410.1,-24.1,0.1283,-108.5,-14.0,0.0000,-319.3,-22.4,0.0762,-319.8,12.6,0,0.0,0.0,0.0000,9.20,4.54,-6.44,-5.44,1,0.3489,2.736,-0.559,25.00,1,-370.1,-25.2,0.12010,-98.3,59.7,0.3409,-0.00282,OK
1.8229,1.8176,5.3,0,-370.6,-24.5,0.1050,-411.0,-24.2,0.1283,-116.6,-15.0,0.0000,-320.8,-25.1,0.0932,-321.7,8.7,0,0.0,0.0,0.0000,8.88,5.01,-6.66,-5.95,1,0.3478,0.941,0.539,25.00,1,-370.9,-24.6,0.12064,-106.4,70.3,0.3271,-0.00245,OK
1.8313,1.8260,5.2,0,-371.2,-23.5,0.1062,-412.0,-24.4,0.1283,-125.1,-16.1,0.0000,-322.7,-28.5,0.0883,-323.9,5.9,0,0.0,0.0,0.0000,10.22,5.21,-7.14,-5.88,1,0.3622,0.569,-0.843,24.00,1,-371.6,-23.7,0.12159,-114.6,104.2,0.3450,-0.00218,OK
1.8398,1.8344,5.5,0,-371.8,-23.3,0.1067,-413.1,-24.5,0.1283,-133.4,-17.2,0.0000,-324.6,-29.5,0.0867,-325.8,5.2,0,0.0,0.0,0.0000,11.04,5.89,-6.90,-6.40,1,0.3622,0.569,-0.843,24.00,1,-372.3,-23.2,0.12261,-122.3,71.0,0.3503,-0.00196,OK
1.8477,1.8431,4.6,0,-372.5,-23.0,0.1033,-414.3,-24.7,0.1283,-141.9,-18.3,0.0000,-325.7,-31.0,0.1003,-327.1,2.8,0,0.0,0.0,0.0000,10.37,6.24,-7.69,-6.30,1,0.3678,0.735,0.775,25.00,1,-373.1,-22.9,0.12353,-122.6,62.7,0.3410,-0.00168,OK
1.8554,1.8512,4.3,0,-373.4,-22.9,0.0998,-415.5,-24.8,0.1283,-149.9,-19.3,0.0000,-326.7,-31.7,0.1143,-328.2,1.0,0,0.0,0.0,0.0000,12.24,7.17,-8.52,-6.86,1,0.3444,3.020,-0.392,25.00,1,-374.0,-22.7,0.12416,-149.3,50.6,0.3156,-0.00148,OK
1.8631,1.8597,3.5,0,-374.0,-22.4,0.1014,-416.8,-25.0,0.1283,-158.4,-20.4,0.0000,-328.4,-33.6,0.1079,-330.1,-0.2,0,0.0,0.0,0.0000,12.14,7.57,-8.28,-7.17,1,0.3333,1.814,0.971,24.00,1,-374.8,-22.4,0.12490,-133.5,50.1,0.2917,-0.00128,OK
1.8719,1.8597,12.2,0,-374.0,-22.4,0.1014,-416.8,-25.0,0.1283,-158.4,-20.4,0.0000,-332.8,-34.2,0.1079,-334.6,-0.3,0,0.0,0.0,0.0000,11.47,7.32,-8.27,-7.73,1,0.3333,1.814,0.971,25.00,1,-375.4,-22.3,0.12631,-158.0,45.0,0.3350,-0.00129,OK
1.8790,1.8775,1.5,0,-375.6,-22.4,0.0936,-419.8,-25.4,0.1283,-175.9,-22.7,0.0000,-331.9,-34.6,0.1389,-333.7,-3.4,0,0.0,0.0,0.0000,10.56,7.24,-9.12,-8.63,1,0.3067,-0.735,1.402,25.00,1,-376.5,-22.3,0.12798,-123.0,14.5,0.2129,-0.00093,OK
1.8876,1.8775,10.1,0,-375.6,-22.4,0.0936,-419.8,-25.4,0.1283,-175.9,-22.7,0.0000,-336.6,-35.2,0.1389,-338.4,-3.6,0,0.0,0.0,0.0000,8.22,7.72,-9.92,-8.88,1,0.2633,1.461,-1.206,25.00,1,-376.9,-22.4,0.12860,-140.7,2.1,0.2569,-0.00082,OK
1.8952,1.8775,17.7,0,-375.6,-22.4,0.0936,-419.8,-25.4,0.1283,-175.9,-22.7,0.0000,-340.9,-35.7,0.1389,-342.7,-3.7,0,0.0,0.0,0.0000,9.57,8.05,-10.24,-9.17,1,0.2889,2.667,0.500,24.00,1,-378.1,-22.5,0.13065,-177.0,18.0,0.2841,-0.00073,OK
1.9031,1.8775,25.6,0,-375.6,-22.4,0.0936,-419.8,-25.4,0.1283,-175.9,-22.7,0.0000,-345.5,-36.3,0.1389,-347.4,-3.9,0,0.0,0.0,0.0000,11.84,8.39,-9.89,-9.26,1,0.3133,0.941,0.843,25.00,1,-379.6,-22.5,0.13301,-212.4,34.4,0.3126,-0.00071,OK
1.9120,1.9117,0.2,0,-382.4,-21.2,0.0983,-426.3,-26.2,0.1283,-197.6,-25.5,0.0000,-330.2,-40.7,0.1200,-332.6,-8.1,0,0.0,0.0,0.0000,12.56,8.78,-9.99,-9.50,1,0.3133,0.941,0.843,25.00,1,-382.7,-21.3,0.13492,-206.4,75.5,0.1940,-0.00035,OK
1.9188,1.9188,0.1,0,-384.5,-20.2,0.0973,-427.7,-26.4,0.1283,-198.1,-25.6,0.0000,-328.0,-44.3,0.1243,-330.8,-12.2,0,0.0,0.0,0.0000,13.46,8.41,-10.33,-9.04,1,0.3044,0.245,0.765,25.00,1,-384.4,-20.4,0.13446,-222.2,137.6,0.1504,-0.00012,OK
1.9278,1.9275,0.3,0,-385.8,-20.3,0.1050,-429.4,-26.6,0.1283,-198.4,-25.6,0.0000,-329.6,-44.5,0.0932,-332.4,-9.7,0,0.0,0.0,0.0000,13.29,8.57,-10.03,-9.76,1,0.2644,1.216,0.490,24.00,1,-386.1,-20.3,0.13448,-216.2,52.2,0.1742,0.00015,OK
1.9358,1.9275,8.3,0,-385.8,-20.3,0.1050,-429.4,-26.6,0.1283,-198.4,-25.6,0.0000,-334.3,-45.1,0.0932,-337.2,-9.8,0,0.0,0.0,0.0000,13.78,8.96,-8.12,-10.25,1,0.2278,0.147,-0.608,25.00,1,-386.2,-20.3,0.13476,-224.8,36.8,0.2308,0.00009,OK
1.9435,1.9361,7.4,0,-387.8,-20.3,0.1049,-431.1,-26.8,0.1283,-198.4,-25.6,0.0000,-332.9,-45.7,0.0935,-335.8,-10.6,0,0.0,0.0,0.0000,13.70,9.56,-7.04,-10.05,1,0.2189,0.392,0.637,25.00,1,-387.9,-20.3,0.13440,-217.4,8.8,0.2241,0.00023,OK
1.9511,1.9457,5.4,0,-391.1,-19.0,0.1052,-433.1,-27.1,0.1283,-198.4,-25.6,0.0000,-327.4,-50.1,0.0923,-330.9,-15.5,0,0.0,0.0,0.0000,13.50,9.54,-9.58,-10.67,1,0.2189,0.392,0.637,25.00,1,-390.7,-19.4,0.13443,-273.1,106.1,0.2108,0.00043,OK
1.9598,1.9525,7.2,0,-393.3,-19.2,0.1200,-434.4,-27.3,0.1283,-198.4,-25.6,0.0000,-326.1,-50.4,0.0333,-329.7,-11.0,0,0.0,0.0,0.0000,13.71,10.48,-10.93,-10.81,1,0.1956,1.334,0.049,25.00,1,-393.0,-19.1,0.13480,-314.1,92.2,0.1971,0.00050,OK
1.9672,1.9614,5.8,0,-395.0,-18.9,0.1133,-436.2,-27.5,0.1283,-198.4,-25.6,0.0000,-325.4,-51.9,0.0602,-329.1,-14.8,0,0.0,0.0,0.0000,13.87,10.40,-10.30,-11.21,1,0.1767,1.040,1.304,25.00,1,-395.5,-18.8,0.13498,-301.3,70.9,0.1745,0.00062,OK
1.9759,1.9702,5.7,0,-398.4,-18.3,0.1234,-437.9,-27.7,0.1283,-198.4,-25.6,0.0000,-320.3,-54.3,0.0196,-324.5,-14.4,0,0.0,0.0,0.0000,14.15,9.85,-10.99,-11.61,1,0.1500,-0.696,0.677,24.00,1,-398.4,-18.4,0.13556,-320.0,92.4,0.1479,0.00068,OK
1.9838,1.9796,4.2,0,-400.4,-18.4,0.1200,-439.8,-28.0,0.1283,-198.4,-25.6,0.0000,-318.9,-54.5,0.0334,-323.1,-16.0,0,0.0,0.0,0.0000,14.28,10.66,-11.07,-11.85,1,0.1500,-0.696,0.677,25.00,1,-401.0,-18.3,0.13588,-315.4,54.0,0.1416,0.00077,OK
1.9917,1.9845,7.2,0,-402.7,-18.6,0.1143,-440.7,-28.1,0.1283,-198.4,-25.6,0.0000,-316.7,-54.6,0.0563,-320.9,-18.1,0,0.0,0.0,0.0000,14.06,10.45,-11.54,-11.93,1,0.1467,-0.010,-0.794,25.00,1,-402.7,-18.4,0.13522,-334.4,54.3,0.1460,0.00091,OK
1.9993,1.9958,3.6,0,-406.0,-17.6,0.1268,-443.0,-28.4,0.1283,-198.4,-25.6,0.0000,-311.4,-58.3,0.0059,-316.3,-18.4,0,0.0,0.0,0.0000,13.77,10.92,-10.32,-12.29,1,0.1578,0.657,1.000,25.00,1,-406.2,-17.8,0.13634,-314.8,84.4,0.1512,0.00095,OK
2.0070,2.0048,2.2,0,-408.1,-17.8,0.1236,-444.8,-28.6,0.1283,-198.4,-25.6,0.0000,-309.6,-58.2,0.0190,-314.4,-19.6,0,0.0,0.0,0.0000,13.33,10.38,-9.41,-11.54,1,0.1611,1.020,1.294,24.00,1,-408.5,-17.8,0.13688,-279.7,43.2,0.1438,0.00100,OK
2.0148,2.0137,1.1,0,-412.1,-17.5,0.1382,-446.5,-28.8,0.1283,-198.4,-25.6,0.0000,-302.4,-59.7,-0.0396,-307.7,-17.5,0,0.0,0.0,0.0000,13.54,9.87,-10.02,-11.82,1,0.1611,1.020,1.294,25.00,1,-411.7,-17.5,0.13835,-328.3,73.4,0.1611,0.00098,OK
2.0240,2.0205,3.5,0,-414.2,-17.0,0.1324,-447.9,-29.0,0.1283,-198.4,-25.6,0.0000,-301.4,-61.8,-0.0163,-307.0,-21.5,0,0.0,0.0,0.0000,13.59,11.04,-10.87,-11.95,1,0.1367,-1.687,0.245,25.00,1,-414.2,-17.2,0.13879,-342.0,87.3,0.1327,0.00099,OK
2.0317,2.0205,11.2,0,-414.2,-17.0,0.1324,-447.9,-29.0,0.1283,-198.4,-25.6,0.0000,-306.0,-62.4,-0.0163,-311.6,-21.5,0,0.0,0.0,0.0000,13.94,10.90,-10.73,-12.27,1,0.0978,-1.216,-0.304,24.00,1,-415.3,-17.1,0.13910,-351.3,69.0,0.1004,0.00094,OK
2.0393,2.0205,18.8,0,-414.2,-17.0,0.1324,-447.9,-29.0,0.1283,-198.4,-25.6,0.0000,-310.5,-63.0,-0.0163,-316.1,-21.4,0,0.0,0.0,0.0000,13.53,10.24,-9.95,-12.13,1,0.0778,0.569,2.824,24.00,1,-418.0,-17.0,0.13979,-338.5,60.1,0.0805,0.00089,OK
2.0474,2.0205,26.9,0,-414.2,-17.0,0.1324,-447.9,-29.0,0.1283,-198.4,-25.6,0.0000,-315.3,-63.6,-0.0163,-321.0,-21.4,0,0.0,0.0,0.0000,13.35,10.29,-9.91,-12.15,1,0.0211,-0.853,0.314,25.00,1,-420.8,-16.9,0.14023,-342.6,52.4,0.0255,0.00082,OK
2.0559,2.0205,35.4,0,-414.2,-17.0,0.1324,-447.9,-29.0,0.1283,-198.4,-25.6,0.0000,-320.4,-64.3,-0.0163,-326.1,-21.4,0,0.0,0.0,0.0000,12.44,10.50,-10.47,-12.17,1,0.0211,-0.853,0.314,25.00,1,-423.8,-16.9,0.14044,-350.0,49.0,0.0227,0.00078,OK
2.0635,2.0205,43.0,0,-414.2,-17.0,0.1324,-447.9,-29.0,0.1283,-198.4,-25.6,0.0000,-325.0,-64.8,-0.0163,-330.7,-21.4,0,0.0,0.0,0.0000,12.47,9.64,-9.89,-11.51,1,-0.0211,-0.049,0.441,25.00,1,-426.4,-16.9,0.14047,-335.1,52.4,-0.0166,0.00071,OK
2.0718,2.0205,51.3,0,-414.2,-17.0,0.1324,-447.9,-29.0,0.1283,-198.4,-25.6,0.0000,-329.9,-65.5,-0.0163,-335.7,-21.4,0,0.0,0.0,0.0000,11.43,9.30,-9.53,-11.57,1,-0.0433,-1.206,1.412,24.00,1,-429.1,-16.9,0.14023,-325.8,41.2,-0.0411,0.00067,OK
2.0796,2.0205,59.1,0,-414.2,-17.0,0.1324,-447.9,-29.0,0.1283,-198.4,-25.6,0.0000,-334.5,-66.1,-0.0163,-340.3,-21.3,0,0.0,0.0,0.0000,11.41,8.83,-9.34,-11.51,1,-0.0678,-2.256,-0.481,25.00,1,-431.7,-16.9,0.13983,-322.3,41.8,-0.0652,0.00062,OK
2.0870,2.0854,1.6,0,-431.4,-17.3,0.1519,-460.8,-30.7,0.1283,-198.4,-25.6,0.0000,-319.7,-66.0,-0.0943,-326.1,-16.9,0,0.0,0.0,0.0000,10.92,9.68,-9.16,-11.51,1,-0.0678,-2.256,-0.481,25.00,1,-431.8,-17.3,0.14017,-253.1,10.9,-0.0420,0.00042,OK
2.0956,2.0854,10.2,0,-431.4,-17.3,0.1519,-460.8,-30.7,0.1283,-198.4,-25.6,0.0000,-302.6,-66.4,-0.0943,-309.1,-19.8,0,0.0,0.0,0.0000,10.93,9.88,-8.84,-11.83,1,-0.0644,0.137,0.422,25.00,1,-432.3,-17.3,0.14001,-273.3,2.6,-0.0618,0.00037,OK
2.1031,2.0854,17.7,0,-431.4,-17.3,0.1519,-460.8,-30.7,0.1283,-198.4,-25.6,0.0000,-296.9,-67.1,-0.0943,-303.6,-21.4,0,0.0,0.0,0.0000,10.42,9.93,-8.28,-12.00,1,-0.0944,0.216,1.530,25.00,1,-434.4,-17.7,0.13944,-272.9,-12.6,-0.0910,0.00032,OK
2.1115,2.0854,26.1,0,-431.4,-17.3,0.1519,-460.8,-30.7,0.1283,-198.4,-25.6,0.0000,-301.9,-67.8,-0.0943,-308.7,-21.3,0,0.0,0.0,0.0000,9.96,8.58,-8.71,-11.72,1,-0.1356,-2.040,1.677,24.00,1,-436.6,-18.0,0.13849,-265.4,7.1,-0.1351,0.00032,OK
2.1192,2.0854,33.7,0,-431.4,-17.3,0.1519,-460.8,-30.7,0.1283,-198.4,-25.6,0.0000,-306.4,-68.4,-0.0943,-313.3,-21.2,0,0.0,0.0,0.0000,10.10,8.29,-8.63,-11.50,1,-0.1356,-2.040,1.677,26.00,1,-438.6,-18.2,0.13746,-267.1,11.4,-0.1348,0.00030,OK
2.1278,2.0854,42.4,0,-431.4,-17.3,0.1519,-460.8,-30.7,0.1283,-198.4,-25.6,0.0000,-311.6,-69.0,-0.0943,-318.4,-21.1,0,0.0,0.0,0.0000,9.55,8.92,-8.58,-11.73,1,-0.1856,-1.795,0.451,26.00,1,-441.0,-18.5,0.13609,-277.2,-6.0,-0.1837,0.00028,OK
2.1353,2.0854,49.9,0,-431.4,-17.3,0.1519,-460.8,-30.7,0.1283,-198.4,-25.6,0.0000,-316.1,-69.6,-0.0943,-323.0,-21.0,0,0.0,0.0,0.0000,9.39,9.09,-7.93,-11.57,1,-0.2078,0.657,-0.618,25.00,1,-443.0,-18.9,0.13465,-275.4,-18.8,-0.2025,0.00020,OK
2.1431,2.0854,57.7,0,-431.4,-17.3,0.1519,-460.8,-30.7,0.1283,-198.4,-25.6,0.0000,-320.7,-70.2,-0.0943,-327.7,-20.9,0,0.0,0.0,0.0000,9.24,8.99,-7.78,-11.10,1,-0.1833,0.765,1.442,24.00,1,-445.1,-19.3,0.13318,-272.9,-17.4,-0.1776,0.00012,OK
2.1518,2.0854,66.4,0,-431.4,-17.3,0.1519,-460.8,-30.7,0.1283,-198.4,-25.6,0.0000,-325.9,-70.9,-0.0943,-332.9,-20.8,0,0.0,0.0,0.0000,9.09,8.45,-7.32,-10.80,1,-0.1700,-2.344,0.353,24.00,1,-447.4,-19.8,0.13172,-264.4,-16.5,-0.1633,0.00003,OK
2.1599,2.0854,74.5,0,-431.4,-17.3,0.1519,-460.8,-30.7,0.1283,-198.4,-25.6,0.0000,-330.7,-71.5,-0.0943,-337.7,-20.6,0,0.0,0.0,0.0000,8.92,8.32,-7.72,-10.77,1,-0.1700,-2.344,0.353,25.00,1,-449.5,-20.2,0.13040,-270.0,-10.8,-0.1658,-0.00003,OK
2.1669,2.0854,81.5,0,-431.4,-17.3,0.1519,-460.8,-30.7,0.1283,-198.4,-25.6,0.0000,-334.9,-72.0,-0.0943,-341.9,-20.5,0,0.0,0.0,0.0000,8.64,8.57,-7.62,-11.04,1,-0.1600,-2.736,-0.069,25.00,1,-451.4,-20.5,0.12928,-274.8,-19.5,-0.1576,-0.00006,OK
2.1748,2.0854,89.4,0,-431.4,-17.3,0.1519,-460.8,-30.7,0.1283,-198.4,-25.6,0.0000,-339.6,-72.7,-0.0943,-346.7,-20.4,0,0.0,0.0,0.0000,8.28,8.58,-6.85,-10.58,1,-0.1522,-0.539,1.922,24.00,1,-453.5,-21.0,0.12810,-264.7,-29.9,-0.1460,-0.00014,OK
