time,source,shape,method,interp,lead_ms,kp,kth,near_goal,battery_v,valid,note,points,duration_s,max_radius_m,max_speed_mps,max_yawrate_rads,start_x_mm,start_y_mm,start_theta_deg,end,end_reason,frames,held,age_median_ms,pos_rms,pos_max,contour_rms,contour_max,along_mean_mm,lag_ms,cross_rms_mm,head_rms,head_max,final_pos_mm,final_head_deg,cmd_accel_rms_mps2,settle_swing_deg,settle_cmd_max_mms,wheels_recorded,data_file,log_file,vision_file,ref_file,eval_file
20260922-100336,poc(on-robot),line0.3@0.2,ffp,hermite,30,3.00,4.00,False,,yes,,215,3.40,0.30,0.20,0.00,-973,-1510,88.2,done,trajectory finished,485,0,4,12.4,23.8,8.1,23.4,-2.0,17,7.3,2.45,7.09,0.2,0.07,0.68,,,False,poc/trajpoc-20260922-100341-ffp-hermite.csv,poc/trajpoc-20260922-100336.log,,,
20260922-100410,poc(on-robot),line0.3@0.2,p,hermite,30,3.00,4.00,False,,yes,,215,3.40,0.30,0.20,0.00,-972,-1510,87.2,done,trajectory finished,480,0,4,49.1,71.3,3.7,11.2,-48.5,294,4.0,1.08,4.06,4.9,1.55,0.42,,,False,poc/trajpoc-20260922-100415-p-hermite.csv,poc/trajpoc-20260922-100410.log,,,
20260922-100419,poc(on-robot),line0.3@0.2,ffp_lead,hermite,30,3.00,4.00,False,,yes,,215,3.40,0.30,0.20,0.00,-972,-1507,87.3,done,trajectory finished,480,0,4,10.8,25.2,7.9,21.5,+2.5,-11,7.2,1.48,4.06,0.5,0.79,0.63,,,False,poc/trajpoc-20260922-100424-ffp_lead-hermite.csv,poc/trajpoc-20260922-100419.log,,,
20260922-100427,poc(on-robot),line0.3@0.2,ffp,hermite,30,3.00,4.00,False,,yes,,215,3.40,0.30,0.20,0.00,-971,-1507,86.6,done,trajectory finished,476,0,3,10.5,21.8,7.1,19.7,-3.0,21,6.3,1.51,4.14,0.2,0.74,0.66,,,False,poc/trajpoc-20260922-100432-ffp-hermite.csv,poc/trajpoc-20260922-100427.log,,,
20260922-100544,poc(on-robot),circle0.6@0.4,ffp,hermite,30,3.00,4.00,False,,yes,,321,5.11,0.60,0.40,0.00,-547,-1136,85.9,done,trajectory finished,669,0,4,18.3,41.2,14.3,29.8,-1.1,-1,15.2,1.95,6.42,0.6,0.20,0.86,,,False,poc/trajpoc-20260922-100550-ffp-hermite.csv,poc/trajpoc-20260922-100544.log,,,
20260922-100554,poc(on-robot),circle0.6@0.4,ffp_lead,hermite,30,3.00,4.00,False,,yes,,321,5.11,0.60,0.40,0.00,-548,-1136,85.9,done,trajectory finished,682,0,4,22.8,46.2,16.2,36.6,+8.1,-25,16.9,2.44,7.76,1.0,0.27,0.79,,,False,poc/trajpoc-20260922-100600-ffp_lead-hermite.csv,poc/trajpoc-20260922-100554.log,,,
20260922-101004,poc(on-robot),fig8_0.6@0.4,ffp,hermite,30,3.00,4.00,False,,yes,,616,9.82,0.60,0.40,0.00,149,-869,93.8,done,trajectory finished,1216,0,5,16.4,35.9,13.1,30.9,-5.7,15,14.2,2.17,8.25,2.6,0.70,0.82,,,False,poc/trajpoc-20260922-101015-ffp-hermite.csv,poc/trajpoc-20260922-101004.log,,,
20260922-101018,poc(on-robot),"other(dur=6.58,r=0.60,v=0.30)",ffp,hermite,30,3.00,4.00,False,,yes,,413,6.58,0.60,0.30,0.00,149,-870,94.3,done,trajectory finished,843,0,4,13.6,33.2,9.6,29.2,-4.9,10,10.1,1.82,4.45,0.6,0.75,0.63,,,False,poc/trajpoc-20260922-101027-ffp-hermite.csv,poc/trajpoc-20260922-101018.log,,,
20260922-101030,poc(on-robot),"other(dur=4.64,r=0.60,v=0.45)",ffp,hermite,30,3.00,4.00,False,,yes,,291,4.64,0.60,0.45,0.00,149,-870,95.3,done,trajectory finished,619,0,4,20.3,45.5,15.4,33.3,-9.0,19,16.4,1.60,5.53,1.4,0.16,0.89,,,False,poc/trajpoc-20260922-101036-ffp-hermite.csv,poc/trajpoc-20260922-101030.log,,,
20260922-101252,poc(on-robot),"other(dur=4.64,r=0.60,v=0.45)",ffp,hermite,30,3.00,4.00,False,,yes,,291,4.64,0.60,0.45,0.00,-206,-1174,85.9,done,trajectory finished,543,0,4,22.3,46.8,17.8,40.7,-6.3,8,18.9,2.16,6.84,1.2,0.34,1.00,,,,,poc/trajpoc-20260922-101252.log,,,
20260922-101324,poc(on-robot),"other(dur=4.64,r=0.60,v=0.45)",ffp,hermite,30,3.00,4.00,False,,yes,,291,4.64,0.60,0.45,0.00,-207,-1174,85.9,done,trajectory finished,535,0,4,20.3,39.6,16.7,37.6,-4.0,4,18.0,1.90,5.38,0.6,0.18,1.04,,,,,poc/trajpoc-20260922-101324.log,,,
20260922-105654,poc(on-robot),circle0.6@0.4,ffp,hermite,0,3.00,4.00,False,,yes,,321,5.11,0.60,0.40,0.00,-641,-1297,82.9,done,trajectory finished,587,0,4,20.1,42.1,16.0,39.7,-2.4,-0,16.9,2.04,6.96,1.9,0.37,1.00,,,False,poc/trajpoc-20260922-105701-ffp-hermite.csv,poc/trajpoc-20260922-105654.log,,,
20260922-105704,poc(on-robot),circle0.6@0.4,ffp_vlead,hermite,65,3.00,4.00,False,,yes,,321,5.11,0.60,0.40,0.00,-640,-1296,82.6,done,trajectory finished,574,0,4,13.5,26.7,10.1,26.6,+1.8,-4,10.8,1.61,5.37,1.7,0.48,0.96,,,False,poc/trajpoc-20260922-105711-ffp_vlead-hermite.csv,poc/trajpoc-20260922-105704.log,,,
20260922-105714,poc(on-robot),circle0.6@0.4,ffp_vlead,hermite,100,3.00,4.00,False,,yes,,321,5.11,0.60,0.40,0.00,-642,-1296,81.5,done,trajectory finished,587,0,4,13.4,23.8,8.9,20.3,+4.0,-15,9.5,1.58,4.60,4.7,0.24,0.89,,,False,poc/trajpoc-20260922-105721-ffp_vlead-hermite.csv,poc/trajpoc-20260922-105714.log,,,
20260922-105859,poc(on-robot),circle0.6@0.4,ffp_vlead,hermite,80,3.00,4.00,False,,yes,,321,5.11,0.60,0.40,0.00,-485,-1225,98.4,done,trajectory finished,573,0,4,12.9,25.8,8.1,19.8,+4.3,-8,8.7,1.63,5.61,2.8,0.01,0.96,,,False,poc/trajpoc-20260922-105905-ffp_vlead-hermite.csv,poc/trajpoc-20260922-105859.log,,,
20260922-105909,poc(on-robot),circle0.6@0.4,ffp_vlead,hermite,120,3.00,4.00,False,,yes,,321,5.11,0.60,0.40,0.00,-486,-1228,98.3,done,trajectory finished,572,0,4,14.1,26.6,9.2,20.0,+5.8,-10,10.1,1.58,4.42,3.3,1.22,0.92,,,False,poc/trajpoc-20260922-105915-ffp_vlead-hermite.csv,poc/trajpoc-20260922-105909.log,,,
20260922-105919,poc(on-robot),line0.3@0.2,ffp_vlead,hermite,100,3.00,4.00,False,,yes,,215,3.40,0.30,0.20,0.00,-488,-1230,96.6,done,trajectory finished,402,0,3,8.9,18.9,4.6,12.7,+1.9,-11,4.9,1.41,4.81,3.1,0.49,0.63,,,False,poc/trajpoc-20260922-105924-ffp_vlead-hermite.csv,poc/trajpoc-20260922-105919.log,,,
20260922-105927,poc(on-robot),fig8_0.6@0.4,ffp_vlead,hermite,100,3.00,4.00,False,,yes,,616,9.82,0.60,0.40,0.00,-490,-1228,95.7,done,trajectory finished,1035,0,5,13.8,25.3,9.4,23.4,+3.1,-3,9.9,2.03,9.20,1.3,3.17,0.98,,,False,poc/trajpoc-20260922-105939-ffp_vlead-hermite.csv,poc/trajpoc-20260922-105927.log,,,
20260922-111348,poc(on-robot),turn(in place),ffp,hermite,30,3.00,0.00,False,,yes,,241,3.81,0.00,0.00,1.00,-387,-832,74.7,done,trajectory finished,437,0,3,1.2,2.6,1.2,2.6,+0.0,0,0.0,3.40,6.49,1.3,0.20,0.13,,,False,poc/trajpoc-20260922-111353-ffp-hermite.csv,poc/trajpoc-20260922-111348.log,,,
20260922-111612,poc(on-robot),line0.3@0.2,ffp_vlead,hermite,85,3.00,4.00,False,,yes,,215,3.40,0.30,0.20,0.00,-388,-832,75.2,done,trajectory finished,395,0,4,7.7,17.9,4.3,12.3,+1.5,1,4.9,1.16,3.02,1.4,0.70,0.62,,,False,poc/trajpoc-20260922-111617-ffp_vlead-hermite.csv,poc/trajpoc-20260922-111612.log,,,
20260922-111620,poc(on-robot),line0.3@0.2,ffp_vlead,hermite,85,0.00,4.00,False,,yes,,215,3.40,0.30,0.20,0.00,-387,-830,76.6,done,trajectory finished,401,0,4,12.4,25.8,6.0,13.5,+8.3,-56,6.4,1.06,4.52,1.9,0.32,0.42,,,False,poc/trajpoc-20260922-111625-ffp_vlead-hermite.csv,poc/trajpoc-20260922-111620.log,,,
20260922-111628,poc(on-robot),line0.3@0.2,ffp_vlead,hermite,85,3.00,0.00,False,,yes,,215,3.40,0.30,0.20,0.00,-387,-833,76.8,done,trajectory finished,400,0,3,9.9,34.6,4.8,12.8,+2.8,-5,5.3,1.99,7.55,4.3,0.41,0.59,,,False,poc/trajpoc-20260922-111633-ffp_vlead-hermite.csv,poc/trajpoc-20260922-111628.log,,,
20260922-112252,poc(on-robot),line0.3@0.2,ffp_vlead,hermite,85,3.00,4.00,False,,yes,,215,3.40,0.30,0.20,0.00,-388,-833,77.6,done,trajectory finished,481,0,4,7.7,18.3,3.4,9.1,+1.1,-0,3.9,1.04,3.96,4.5,0.41,0.54,0.89,29,False,poc/trajpoc-20260922-112257-ffp_vlead-hermite.csv,poc/trajpoc-20260922-112252.log,,,
20260922-112300,poc(on-robot),line0.3@0.2,ffp_vlead,hermite,85,3.00,4.00,True,,yes,,215,3.40,0.30,0.20,0.00,-388,-829,77.7,done,trajectory finished,480,0,4,9.3,20.0,5.4,18.5,+0.8,2,6.2,1.35,4.37,1.9,0.29,0.60,1.61,80,False,poc/trajpoc-20260922-112305-ffp_vlead-hermite.csv,poc/trajpoc-20260922-112300.log,,,
20260922-112309,poc(on-robot),circle0.6@0.4,ffp_vlead,hermite,85,3.00,4.00,True,,yes,,321,5.11,0.60,0.40,0.00,-390,-828,78.0,done,trajectory finished,676,0,4,11.2,19.5,7.9,19.1,+1.8,-6,8.6,1.67,4.63,4.3,0.31,0.77,0.83,39,False,poc/trajpoc-20260922-112315-ffp_vlead-hermite.csv,poc/trajpoc-20260922-112309.log,,,
20260922-112843,poc(on-robot),line0.3@0.2,ffp_vlead,hermite,85,3.00,4.00,False,,yes,,215,3.40,0.30,0.20,0.00,-392,-833,76.9,done,trajectory finished,469,0,3,9.4,18.5,6.2,14.0,+0.9,4,6.9,1.45,4.90,2.9,0.21,0.57,1.19,36,False,poc/trajpoc-20260922-112848-ffp_vlead-hermite.csv,poc/trajpoc-20260922-112843.log,,,
20260922-112849,poc(on-robot),line0.3@0.2,ffp_vlead,hermite,85,3.00,4.00,True,,yes,,215,3.40,0.30,0.20,0.00,-392,-829,77.5,done,trajectory finished,471,0,4,9.2,19.6,5.5,12.9,+0.9,3,6.1,1.27,4.02,2.5,0.53,0.70,0.89,152,False,poc/trajpoc-20260922-112854-ffp_vlead-hermite.csv,poc/trajpoc-20260922-112849.log,,,
20260922-112856,poc(on-robot),circle0.6@0.4,ffp_vlead,hermite,85,3.00,4.00,True,,yes,,321,5.11,0.60,0.40,0.00,-395,-829,78.1,done,trajectory finished,676,0,4,12.3,22.5,8.3,20.9,+1.4,-5,9.0,1.82,5.25,3.1,1.03,0.86,1.16,125,False,poc/trajpoc-20260922-112902-ffp_vlead-hermite.csv,poc/trajpoc-20260922-112856.log,,,
20260922-114429,poc(on-robot),line0.3@0.2,ffp_vlead,hermite,85,3.00,4.00,False,,yes,,215,3.40,0.30,0.20,0.00,-393,-833,78.4,done,trajectory finished,478,0,4,8.9,20.1,4.4,10.4,+0.5,5,4.9,1.00,3.70,3.2,0.15,0.57,1.48,32,True,poc/trajpoc-20260922-114434-ffp_vlead-hermite.csv,poc/trajpoc-20260922-114429.log,,,
20260922-114435,poc(on-robot),line0.3@0.2,ffp_vlead,hermite,85,3.00,4.00,False,,yes,,215,3.40,0.30,0.20,0.00,-393,-830,78.2,done,trajectory finished,479,0,3,7.4,20.3,3.3,9.6,+0.6,3,3.6,1.18,2.94,3.3,0.04,0.55,1.91,29,True,poc/trajpoc-20260922-114440-ffp_vlead-hermite.csv,poc/trajpoc-20260922-114435.log,,,
20260922-125404,poc(on-robot),circle0.6@0.4,ffp_vlead,hermite,85,3.00,4.00,False,,no,INVALID: vision の模様が別の物 / STM 無応答 (機体が動いていないか見張られていない),321,5.11,0.60,0.40,0.00,12,-1793,150.4,done,trajectory finished,668,0,4,377.0,599.9,0.5,1.1,+1.6,9,354.5,0.35,1.16,0.6,0.41,0.58,0.54,4,True,poc/trajpoc-20260922-125411-ffp_vlead-hermite.csv,poc/trajpoc-20260922-125404.log,,,
20260922-125412,poc(on-robot),turn(in place),ffp_vlead,hermite,85,3.00,4.00,False,,no,INVALID: vision の模様が別の物 / STM 無応答 (機体が動いていないか見張られていない),241,3.81,0.00,0.00,1.00,12,-1794,151.1,done,trajectory finished,524,0,4,0.4,1.0,0.4,1.0,+0.0,0,0.0,49.46,90.67,0.7,0.69,0.17,0.65,3,True,poc/trajpoc-20260922-125417-ffp_vlead-hermite.csv,poc/trajpoc-20260922-125412.log,,,
20260922-125419,poc(on-robot),fig8_0.6@0.4,ffp_vlead,hermite,85,3.00,4.00,False,,no,INVALID: vision の模様が別の物 / STM 無応答 (機体が動いていないか見張られていない),616,9.82,0.60,0.40,0.00,12,-1794,150.5,done,trajectory finished,1219,0,5,401.3,600.8,0.7,1.9,-1.8,11,363.4,0.29,1.01,0.9,0.14,0.60,0.68,6,True,poc/trajpoc-20260922-125430-ffp_vlead-hermite.csv,poc/trajpoc-20260922-125419.log,,,
20260922-125431,poc(on-robot),circle0.6@0.4,ffp_vlead,hermite,85,3.00,4.00,False,,no,INVALID: vision の模様が別の物 / STM 無応答 (機体が動いていないか見張られていない),321,5.11,0.60,0.40,2.08,12,-1793,150.7,done,trajectory finished,668,0,4,377.5,600.6,0.4,1.4,-0.7,19,353.7,92.23,179.97,0.7,0.29,0.58,0.76,5,True,poc/trajpoc-20260922-125438-ffp_vlead-hermite.csv,poc/trajpoc-20260922-125431.log,,,
20260922-130112,poc(on-robot),circle0.6@0.4,ffp_vlead,hermite,85,3.00,4.00,False,,no,INVALID: vision の模様が別の物 / STM 無応答 (機体が動いていないか見張られていない),321,5.11,0.60,0.40,0.00,-301,-155,160.0,done,trajectory finished,679,0,4,379.8,600.4,0.3,0.8,-1.4,26,357.3,0.37,0.86,0.7,0.32,0.57,0.42,3,True,poc/trajpoc-20260922-130119-ffp_vlead-hermite.csv,poc/trajpoc-20260922-130112.log,,,
20260922-130120,poc(on-robot),turn(in place),ffp_vlead,hermite,85,3.00,4.00,False,,no,INVALID: vision の模様が別の物 / STM 無応答 (機体が動いていないか見張られていない),241,3.81,0.00,0.00,1.00,-301,-155,160.2,done,trajectory finished,532,0,4,0.5,1.0,0.5,1.0,+0.0,0,0.0,49.07,90.28,0.2,0.22,0.15,0.58,3,True,poc/trajpoc-20260922-130125-ffp_vlead-hermite.csv,poc/trajpoc-20260922-130120.log,,,
20260922-130127,poc(on-robot),fig8_0.6@0.4,ffp_vlead,hermite,85,3.00,4.00,False,,no,INVALID: vision の模様が別の物 / STM 無応答 (機体が動いていないか見張られていない),616,9.82,0.60,0.40,0.00,-301,-155,160.3,done,trajectory finished,1212,0,5,398.8,600.2,0.2,0.8,-0.9,12,361.1,0.23,0.64,0.4,0.08,0.60,0.51,3,True,poc/trajpoc-20260922-130138-ffp_vlead-hermite.csv,poc/trajpoc-20260922-130127.log,,,
20260922-130140,poc(on-robot),circle0.6@0.4,ffp_vlead,hermite,85,3.00,4.00,False,,no,INVALID: vision の模様が別の物 / STM 無応答 (機体が動いていないか見張られていない),321,5.11,0.60,0.40,2.08,-300,-155,160.7,done,trajectory finished,677,0,4,378.0,600.2,0.2,0.7,-0.9,3,356.5,92.63,179.94,0.2,0.06,0.57,0.55,2,True,poc/trajpoc-20260922-130146-ffp_vlead-hermite.csv,poc/trajpoc-20260922-130140.log,,,
20260922-131545,poc(on-robot),circle0.6@0.4,ffp_vlead,hermite,85,3.00,4.00,False,22.0,yes,,321,5.11,0.60,0.40,0.00,-176,15,-175.4,done,trajectory finished,675,0,4,9.3,20.7,6.5,16.9,-1.9,7,7.1,1.54,3.89,3.0,0.14,0.75,1.31,43,True,poc/trajpoc-20260922-131552-ffp_vlead-hermite.csv,poc/trajpoc-20260922-131545.log,,,
20260922-131554,poc(on-robot),turn(in place),ffp_vlead,hermite,85,3.00,4.00,False,22.0,yes,,241,3.81,0.00,0.00,1.00,-173,15,-175.5,done,trajectory finished,531,0,4,3.6,6.4,3.6,6.4,+0.0,0,0.0,1.76,4.96,2.1,0.18,0.14,1.62,9,True,poc/trajpoc-20260922-131559-ffp_vlead-hermite.csv,poc/trajpoc-20260922-131554.log,,,
20260922-131600,poc(on-robot),fig8_0.6@0.4,ffp_vlead,hermite,85,3.00,4.00,False,22.0,yes,,616,9.82,0.60,0.40,0.00,-175,15,-175.3,done,trajectory finished,1218,0,5,9.2,21.5,5.8,17.2,-2.3,6,6.3,1.72,4.46,2.9,0.89,0.76,1.00,43,True,poc/trajpoc-20260922-131612-ffp_vlead-hermite.csv,poc/trajpoc-20260922-131600.log,,,
20260922-131613,poc(on-robot),circle0.6@0.4,ffp_vlead,hermite,85,3.00,4.00,False,22.0,yes,,321,5.11,0.60,0.40,2.08,-173,15,-175.9,done,trajectory finished,674,0,4,15.7,29.0,12.4,28.7,-6.3,19,13.4,2.35,7.06,4.1,0.08,0.76,2.02,46,True,poc/trajpoc-20260922-131620-ffp_vlead-hermite.csv,poc/trajpoc-20260922-131613.log,,,
20260922-143603,poc(on-robot),line0.3@0.2,ffp_vlead,hermite,85,3.00,4.00,False,24.0,yes,,215,3.40,0.30,0.20,0.00,-500,590,-118.3,done,trajectory finished,41,0,2,12.1,22.6,7.4,16.0,+7.0,-38,6.8,0.84,2.00,3.8,0.24,1.02,1.09,41,True,poc/trajpoc-20260922-143608-ffp_vlead-hermite.csv,poc/trajpoc-20260922-143603.log,,,
20260922-143610,poc(on-robot),circle0.6@0.4,ffp_vlead,hermite,85,3.00,4.00,False,24.0,yes,,321,5.11,0.60,0.40,0.00,-501,590,-118.6,done,trajectory finished,59,0,3,23.8,44.4,12.6,28.9,+17.9,-50,12.8,2.03,4.43,0.5,0.13,1.44,0.82,49,True,poc/trajpoc-20260922-143616-ffp_vlead-hermite.csv,poc/trajpoc-20260922-143610.log,,,
20260922-143617,poc(on-robot),fig8_0.6@0.4,ffp_vlead,hermite,85,3.00,4.00,False,24.0,yes,,616,9.82,0.60,0.40,0.00,-497,591,-118.4,done,trajectory finished,105,0,4,28.4,48.4,16.8,41.3,+19.9,-50,17.6,2.17,6.44,1.2,0.83,1.50,1.92,78,True,poc/trajpoc-20260922-143629-ffp_vlead-hermite.csv,poc/trajpoc-20260922-143617.log,,,
20260922-233113,raven(oc-tracker),line,raven_optimal_control,,,,,,24.0,yes,,,,,,,,,,done,trajectory finished,478,0,4,16.4,48.9,7.8,28.9,-6.2,36,4.3,5.29,13.54,5.2,6.10,7.98,10.78,189,False,raven/raven-20260922-233113-id15.csv,reports/raven-line-metrics.txt,raven/vision-line.csv,raven/raven-20260922-233113-id15-ref.jsonl,raven/eval-line.csv
20260922-233139,raven(oc-tracker),circle,raven_optimal_control,,,,,,24.0,yes,,,,,,,,,,done,trajectory finished,527,0,4,31.7,67.6,21.5,62.5,-16.0,43,24.3,5.83,23.80,10.3,5.80,4.74,5.75,222,False,raven/raven-20260922-233139-id15.csv,reports/raven-circle-metrics.txt,raven/vision-circle.csv,raven/raven-20260922-233139-id15-ref.jsonl,raven/eval-circle.csv
20260922-233150,raven(oc-tracker),fig8,raven_optimal_control,,,,,,24.0,yes,,,,,,,,,,done,trajectory finished,975,0,4,31.5,71.2,24.6,65.7,-6.8,21,26.7,6.71,29.01,3.6,1.90,8.87,3.13,153,False,raven/raven-20260922-233150-id15.csv,reports/raven-fig8-metrics.txt,raven/vision-fig8.csv,raven/raven-20260922-233150-id15-ref.jsonl,raven/eval-fig8.csv
